WKT,Name,OBJECTID,UKATEGORIE,UTYP1,UART,UMONAT,USTUNDE,UWOCHENTAG,STRZUSTAND,ULICHTVERH,ISTRAD,ISTPKW,ISTFUSS,ISTKRAD
"POINT (8.559912467000061 52.062664433000066)","Unfall 116200 (2019) Kat:3, Licht: 0","116200","3","6","2","08","16","6","1","0","0","1","0","0"
"POINT (8.529078862000063 52.029317511000045)","Unfall 116201 (2019) Kat:3, Licht: 0","116201","3","6","2","08","13","6","0","0","0","1","0","0"
"POINT (8.473997590000067 51.996634141000072)","Unfall 116325 (2019) Kat:3, Licht: 0","116325","3","4","6","07","18","3","0","0","1","0","1","0"
"POINT (8.632953060000034 51.985789922000038)","Unfall 116328 (2019) Kat:3, Licht: 0","116328","3","7","5","07","15","3","0","0","0","1","0","0"
"POINT (8.607470469000020 51.991078475000052)","Unfall 116374 (2019) Kat:3, Licht: 0","116374","3","3","5","08","07","5","0","0","1","1","0","0"
"POINT (8.632054179000022 51.973826474000077)","Unfall 116410 (2019) Kat:3, Licht: 0","116410","3","6","4","08","15","3","0","0","0","1","0","0"
"POINT (8.557951091000064 52.036766303000036)","Unfall 116411 (2019) Kat:3, Licht: 0","116411","3","3","5","08","11","3","0","0","1","1","0","0"
"POINT (8.554842831000030 51.947864175000063)","Unfall 116439 (2019) Kat:3, Licht: 0","116439","3","6","3","08","13","3","0","0","0","1","0","0"
"POINT (8.471565811000062 51.982573265000042)","Unfall 116514 (2019) Kat:3, Licht: 0","116514","3","3","5","08","16","5","0","0","1","1","0","0"
"POINT (8.561189109000054 51.934324019000030)","Unfall 116516 (2019) Kat:3, Licht: 0","116516","3","6","2","08","15","5","0","0","0","1","0","1"
"POINT (8.576978755000027 51.937236917000064)","Unfall 116519 (2019) Kat:2, Licht: 0","116519","2","2","5","08","12","5","0","0","0","1","0","0"
"POINT (8.485750152000037 51.987897348000047)","Unfall 116539 (2019) Kat:3, Licht: 0","116539","3","6","2","08","14","2","0","0","0","1","0","0"
"POINT (8.611082880000026 51.992398980000075)","Unfall 116541 (2019) Kat:3, Licht: 0","116541","3","6","1","08","17","2","0","0","0","1","0","1"
"POINT (8.566270593000070 52.054717122000056)","Unfall 116543 (2019) Kat:3, Licht: 0","116543","3","7","4","08","19","2","0","0","0","1","0","1"
"POINT (8.590771848000031 52.052198804000056)","Unfall 116544 (2019) Kat:3, Licht: 0","116544","3","6","3","08","13","2","0","0","0","1","0","1"
"POINT (8.599193566000054 52.057551698000054)","Unfall 116938 (2019) Kat:3, Licht: 0","116938","3","6","2","08","17","4","0","0","0","1","0","0"
"POINT (8.622062910000068 51.977252133000036)","Unfall 116959 (2019) Kat:2, Licht: 0","116959","2","7","0","08","13","1","0","0","0","1","0","1"
"POINT (8.607695290000038 51.971408741000062)","Unfall 117093 (2019) Kat:2, Licht: 0","117093","2","6","4","08","16","7","0","0","0","1","0","1"
"POINT (8.472313917000065 51.954789638000079)","Unfall 117095 (2019) Kat:3, Licht: 0","117095","3","1","8","08","16","7","0","0","0","1","0","0"
"POINT (8.624202266000054 51.976031279000040)","Unfall 117096 (2019) Kat:3, Licht: 0","117096","3","6","2","08","09","7","0","0","0","1","0","1"
"POINT (8.554232322000075 52.028974609000045)","Unfall 117098 (2019) Kat:3, Licht: 0","117098","3","3","1","08","17","7","0","0","1","1","0","0"
"POINT (8.566541128000040 52.024614873000075)","Unfall 117113 (2019) Kat:2, Licht: 0","117113","2","7","0","08","16","3","1","0","0","1","0","0"
"POINT (8.650478956000029 52.042622604000030)","Unfall 117274 (2019) Kat:3, Licht: 0","117274","3","6","4","08","17","6","0","0","0","1","0","0"
"POINT (8.658827438000060 52.056265450000069)","Unfall 117332 (2019) Kat:1, Licht: 0","117332","1","7","2","08","13","6","0","0","0","1","0","0"
"POINT (8.506244676000051 52.030831408000040)","Unfall 117397 (2019) Kat:3, Licht: 2","117397","3","1","0","08","20","7","1","2","0","0","0","0"
"POINT (8.556611445000044 52.036331074000032)","Unfall 117498 (2019) Kat:2, Licht: 0","117498","2","1","0","08","19","6","0","0","0","0","0","1"
"POINT (8.576143228000035 52.042977579000080)","Unfall 117499 (2019) Kat:3, Licht: 0","117499","3","2","5","08","16","6","0","0","1","1","0","0"
"POINT (8.480392292000033 51.972745650000036)","Unfall 117614 (2019) Kat:3, Licht: 0","117614","3","1","9","08","11","5","1","0","0","1","0","0"
"POINT (8.534243605000029 51.934573364000073)","Unfall 117615 (2019) Kat:3, Licht: 0","117615","3","6","1","08","14","5","1","0","0","1","0","0"
"POINT (8.526180325000041 52.017230640000037)","Unfall 117616 (2019) Kat:3, Licht: 0","117616","3","6","2","08","14","5","0","0","0","1","0","0"
"POINT (8.509607362000054 51.982437189000052)","Unfall 117703 (2019) Kat:3, Licht: 0","117703","3","7","1","08","16","3","0","0","0","1","0","0"
"POINT (8.548159801000054 52.025299087000064)","Unfall 117704 (2019) Kat:3, Licht: 0","117704","3","2","5","08","08","3","0","0","0","1","0","0"
"POINT (8.605349655000055 52.040809577000061)","Unfall 117828 (2019) Kat:3, Licht: 0","117828","3","3","5","08","13","2","0","0","0","1","0","0"
"POINT (8.533309800000041 51.992014981000068)","Unfall 117893 (2019) Kat:3, Licht: 0","117893","3","1","8","08","12","1","1","0","0","1","0","0"
"POINT (8.529736264000064 52.029268602000059)","Unfall 117894 (2019) Kat:3, Licht: 0","117894","3","1","8","08","16","1","1","0","0","1","0","0"
"POINT (8.632190690000073 52.015204524000069)","Unfall 117922 (2019) Kat:2, Licht: 0","117922","2","1","8","08","14","1","1","0","0","1","0","0"
"POINT (8.559066051000059 51.964698823000049)","Unfall 117968 (2019) Kat:3, Licht: 0","117968","3","7","2","08","20","6","0","0","0","1","0","1"
"POINT (8.638771260000056 52.031801662000078)","Unfall 118007 (2019) Kat:3, Licht: 0","118007","3","6","2","08","09","6","0","0","0","1","0","0"
"POINT (8.483957900000064 51.997340856000051)","Unfall 118110 (2019) Kat:3, Licht: 0","118110","3","2","3","08","18","5","0","0","1","0","0","0"
"POINT (8.398650537000037 51.958080684000038)","Unfall 118242 (2019) Kat:2, Licht: 0","118242","2","2","4","08","16","4","0","0","0","1","0","1"
"POINT (8.463820977000069 51.970032353000079)","Unfall 118243 (2019) Kat:3, Licht: 0","118243","3","3","5","08","16","4","0","0","1","1","0","0"
"POINT (8.467150199000059 52.083877337000047)","Unfall 118245 (2019) Kat:3, Licht: 2","118245","3","7","7","08","21","4","0","2","0","0","0","1"
"POINT (8.456953994000060 51.965142694000065)","Unfall 118352 (2019) Kat:3, Licht: 0","118352","3","3","5","08","06","1","0","0","0","1","0","0"
"POINT (8.639300331000072 52.033088837000037)","Unfall 118486 (2019) Kat:3, Licht: 2","118486","3","6","9","08","22","2","0","2","0","1","0","0"
"POINT (8.583838345000061 52.038498582000045)","Unfall 118493 (2019) Kat:3, Licht: 0","118493","3","6","2","08","12","2","0","0","0","1","0","0"
"POINT (8.536668562000045 52.098531926000078)","Unfall 118496 (2019) Kat:3, Licht: 0","118496","3","6","2","08","14","2","0","0","0","1","0","0"
"POINT (8.512437736000038 51.935271189000048)","Unfall 118515 (2019) Kat:2, Licht: 0","118515","2","1","8","08","09","7","0","0","1","0","0","0"
"POINT (8.562942849000024 52.062765955000032)","Unfall 118517 (2019) Kat:3, Licht: 0","118517","3","7","8","08","15","7","0","0","0","1","0","0"
"POINT (8.584493250000037 52.010637758000030)","Unfall 118690 (2019) Kat:3, Licht: 0","118690","3","1","0","08","17","4","1","0","0","0","0","1"
"POINT (8.487583764000021 51.997821242000043)","Unfall 118774 (2019) Kat:3, Licht: 0","118774","3","2","3","08","16","5","0","0","1","1","0","0"
"POINT (8.530956835000040 52.098075065000046)","Unfall 118780 (2019) Kat:3, Licht: 0","118780","3","6","1","08","09","5","1","0","0","1","0","1"
"POINT (8.528169713000068 51.952754128000038)","Unfall 118865 (2019) Kat:2, Licht: 0","118865","2","7","8","08","16","3","0","0","1","0","0","0"
"POINT (8.497350309000069 51.981629520000070)","Unfall 118867 (2019) Kat:3, Licht: 0","118867","3","6","1","08","11","3","0","0","0","1","0","0"
"POINT (8.555162253000049 51.996529955000028)","Unfall 118869 (2019) Kat:3, Licht: 0","118869","3","6","3","08","16","3","0","0","0","1","0","0"
"POINT (8.525733400000036 52.018291108000028)","Unfall 118870 (2019) Kat:3, Licht: 0","118870","3","6","1","08","12","3","0","0","0","1","0","0"
"POINT (8.551448730000061 51.995526483000049)","Unfall 118872 (2019) Kat:3, Licht: 0","118872","3","4","6","08","17","3","0","0","1","0","1","0"
"POINT (8.587854312000047 51.997658576000049)","Unfall 118874 (2019) Kat:3, Licht: 0","118874","3","2","5","08","10","3","0","0","0","1","0","0"
"POINT (8.545807915000069 52.044372090000081)","Unfall 118875 (2019) Kat:3, Licht: 0","118875","3","2","3","08","07","3","0","0","1","1","0","0"
"POINT (8.519456479000041 52.027177421000033)","Unfall 118876 (2019) Kat:2, Licht: 0","118876","2","2","5","08","17","3","0","0","1","1","0","0"
"POINT (8.517316873000027 52.058497406000072)","Unfall 118878 (2019) Kat:3, Licht: 0","118878","3","2","3","08","07","3","0","0","1","1","0","0"
"POINT (8.464278410000077 51.970362974000068)","Unfall 119172 (2019) Kat:3, Licht: 0","119172","3","5","1","09","18","2","0","0","1","1","0","0"
"POINT (8.462279564000028 51.979485984000064)","Unfall 119174 (2019) Kat:3, Licht: 0","119174","3","3","5","09","14","2","0","0","0","1","0","0"
"POINT (8.572263429000032 52.040706043000057)","Unfall 119176 (2019) Kat:3, Licht: 0","119176","3","3","5","09","08","2","0","0","1","1","0","0"
"POINT (8.510577239000043 52.029964258000064)","Unfall 119178 (2019) Kat:3, Licht: 0","119178","3","2","5","09","16","2","0","0","1","1","0","0"
"POINT (8.543666826000049 52.008402226000044)","Unfall 119215 (2019) Kat:3, Licht: 2","119215","3","3","5","08","21","6","0","2","1","1","0","0"
"POINT (8.559265451000044 52.004529784000056)","Unfall 119218 (2019) Kat:3, Licht: 0","119218","3","6","1","08","19","6","0","0","0","1","0","0"
"POINT (8.553309708000029 52.013711038000054)","Unfall 119220 (2019) Kat:3, Licht: 0","119220","3","2","5","08","15","6","0","0","1","1","0","0"
"POINT (8.607471406000059 51.991056489000073)","Unfall 119343 (2019) Kat:2, Licht: 0","119343","2","1","0","09","14","1","0","0","1","1","0","0"
"POINT (8.626382902000046 52.007357267000032)","Unfall 119398 (2019) Kat:2, Licht: 0","119398","2","1","8","09","09","5","0","0","0","1","0","0"
"POINT (8.602335655000047 52.059710064000058)","Unfall 119483 (2019) Kat:3, Licht: 0","119483","3","6","1","09","14","4","0","0","0","1","0","0"
"POINT (8.519389386000057 52.056874607000054)","Unfall 119484 (2019) Kat:3, Licht: 0","119484","3","3","6","09","15","4","0","0","0","1","1","0"
"POINT (8.591825502000063 52.052782314000069)","Unfall 119664 (2019) Kat:3, Licht: 0","119664","3","6","2","09","16","3","0","0","0","1","0","1"
"POINT (8.537090968000030 51.939505674000031)","Unfall 119885 (2019) Kat:2, Licht: 0","119885","2","2","5","09","14","2","0","0","0","1","0","1"
"POINT (8.519251390000022 51.967525827000031)","Unfall 119886 (2019) Kat:3, Licht: 0","119886","3","3","5","09","13","2","0","0","1","1","0","0"
"POINT (8.614199906000067 52.037251626000057)","Unfall 119887 (2019) Kat:3, Licht: 0","119887","3","6","1","09","14","2","0","0","0","1","0","0"
"POINT (8.553026539000030 52.016587234000042)","Unfall 119888 (2019) Kat:2, Licht: 0","119888","2","2","5","09","16","2","0","0","0","1","0","1"
"POINT (8.517254840000021 52.068918372000041)","Unfall 119945 (2019) Kat:3, Licht: 0","119945","3","3","5","09","15","4","0","0","1","1","0","0"
"POINT (8.471025624000049 51.975164828000061)","Unfall 120013 (2019) Kat:2, Licht: 0","120013","2","7","8","09","12","1","0","0","0","1","0","0"
"POINT (8.521908274000055 52.026088236000078)","Unfall 120014 (2019) Kat:3, Licht: 0","120014","3","2","3","09","17","1","0","0","1","1","0","0"
"POINT (8.398763535000057 51.958106305000058)","Unfall 120178 (2019) Kat:3, Licht: 0","120178","3","2","5","09","17","3","0","0","0","1","0","0"
"POINT (8.486914634000073 52.036359100000027)","Unfall 120180 (2019) Kat:3, Licht: 1","120180","3","1","8","09","18","3","0","1","0","1","0","0"
"POINT (8.615165153000021 51.986666116000038)","Unfall 120228 (2019) Kat:3, Licht: 0","120228","3","6","3","09","17","7","0","0","0","1","0","0"
"POINT (8.622536189000073 52.041979192000042)","Unfall 120302 (2019) Kat:3, Licht: 0","120302","3","6","4","09","11","6","1","0","0","1","0","0"
"POINT (8.607011657000044 52.062907156000051)","Unfall 120303 (2019) Kat:3, Licht: 0","120303","3","6","2","09","19","6","0","0","0","1","0","0"
"POINT (8.612604532000034 52.068211507000058)","Unfall 120387 (2019) Kat:2, Licht: 0","120387","2","2","4","09","13","1","0","0","1","1","0","0"
"POINT (8.607351922000021 51.992903320000039)","Unfall 120578 (2019) Kat:3, Licht: 0","120578","3","3","0","09","09","5","1","0","1","1","0","0"
"POINT (8.533987554000021 51.943243279000058)","Unfall 120642 (2019) Kat:3, Licht: 0","120642","3","6","2","09","09","7","0","0","0","1","0","0"
"POINT (8.483274237000046 52.022644150000076)","Unfall 120885 (2019) Kat:3, Licht: 0","120885","3","3","5","09","07","3","0","0","1","1","0","0"
"POINT (8.557056094000075 51.948842737000064)","Unfall 120907 (2019) Kat:2, Licht: 0","120907","2","6","2","09","15","3","0","0","0","1","0","0"
"POINT (8.550919824000062 52.005800209000029)","Unfall 120986 (2019) Kat:3, Licht: 0","120986","3","6","1","09","10","4","0","0","0","1","0","0"
"POINT (8.518894574000058 52.015411026000038)","Unfall 120996 (2019) Kat:2, Licht: 0","120996","2","1","3","09","15","2","1","0","0","1","0","0"
"POINT (8.484539762000054 51.979804644000069)","Unfall 120997 (2019) Kat:3, Licht: 0","120997","3","7","2","09","14","2","1","0","0","1","0","0"
"POINT (8.549119472000029 52.048461576000079)","Unfall 120998 (2019) Kat:3, Licht: 2","120998","3","1","0","09","06","2","1","2","1","0","0","0"
"POINT (8.639405201000045 52.055523554000047)","Unfall 121082 (2019) Kat:3, Licht: 0","121082","3","2","5","09","12","6","0","0","1","1","0","0"
"POINT (8.559389107000072 52.004500330000042)","Unfall 121083 (2019) Kat:3, Licht: 0","121083","3","2","6","09","07","6","0","0","0","1","1","0"
"POINT (8.572346545000073 52.026731645000041)","Unfall 121085 (2019) Kat:3, Licht: 0","121085","3","5","1","09","11","6","0","0","0","1","0","0"
"POINT (8.579124410000077 52.072138679000034)","Unfall 121086 (2019) Kat:3, Licht: 0","121086","3","6","2","09","17","6","0","0","0","1","0","0"
"POINT (8.584287780000068 51.961481691000074)","Unfall 121140 (2019) Kat:3, Licht: 0","121140","3","6","1","09","16","6","0","0","0","1","0","0"
"POINT (8.576972761000036 52.011025736000079)","Unfall 121229 (2019) Kat:3, Licht: 0","121229","3","1","8","09","18","5","0","0","0","1","0","0"
"POINT (8.573558629000047 52.041461765000065)","Unfall 121230 (2019) Kat:3, Licht: 0","121230","3","6","1","09","16","5","0","0","0","1","0","0"
"POINT (8.555492304000040 52.060518621000028)","Unfall 121231 (2019) Kat:3, Licht: 0","121231","3","6","2","09","14","5","0","0","0","1","0","0"
"POINT (8.516699992000042 52.028278874000080)","Unfall 121411 (2019) Kat:3, Licht: 0","121411","3","1","0","09","13","7","0","0","1","0","0","0"
"POINT (8.519637084000067 52.016212533000044)","Unfall 121699 (2019) Kat:3, Licht: 0","121699","3","6","2","09","17","4","0","0","0","1","0","0"
"POINT (8.553313623000065 51.968598020000059)","Unfall 121700 (2019) Kat:3, Licht: 0","121700","3","6","2","09","13","4","1","0","0","1","0","0"
"POINT (8.515599076000058 52.012737910000055)","Unfall 121701 (2019) Kat:3, Licht: 0","121701","3","6","2","09","07","4","1","0","0","1","0","0"
"POINT (8.521986813000069 52.017620432000058)","Unfall 121702 (2019) Kat:3, Licht: 0","121702","3","6","2","09","07","4","1","0","0","1","0","0"
"POINT (8.568391296000073 52.035744976000046)","Unfall 121703 (2019) Kat:2, Licht: 0","121703","2","6","2","09","12","4","1","0","0","1","0","0"
"POINT (8.516640649000067 52.071490785000037)","Unfall 121817 (2019) Kat:2, Licht: 0","121817","2","5","1","09","14","3","0","0","1","1","0","0"
"POINT (8.480722201000049 51.973049905000039)","Unfall 121883 (2019) Kat:2, Licht: 0","121883","2","1","8","09","18","5","1","0","0","1","0","0"
"POINT (8.619343611000033 52.013461416000041)","Unfall 121886 (2019) Kat:2, Licht: 0","121886","2","2","5","09","15","5","1","0","0","0","0","1"
"POINT (8.510591534000071 52.029960107000079)","Unfall 121888 (2019) Kat:3, Licht: 0","121888","3","6","2","09","07","5","0","0","0","1","0","0"
"POINT (8.532480685000053 51.955623165000077)","Unfall 121979 (2019) Kat:3, Licht: 0","121979","3","3","5","09","07","2","1","0","0","1","0","0"
"POINT (8.557162293000033 52.022315208000066)","Unfall 121980 (2019) Kat:3, Licht: 0","121980","3","3","5","09","07","2","1","0","0","1","0","1"
"POINT (8.554745544000070 52.031061542000032)","Unfall 121981 (2019) Kat:3, Licht: 1","121981","3","3","5","09","07","2","1","1","1","1","0","0"
"POINT (8.629928262000021 52.044589455000050)","Unfall 121983 (2019) Kat:3, Licht: 0","121983","3","6","2","09","07","2","1","0","0","1","0","0"
"POINT (8.598175982000043 51.995930237000039)","Unfall 121985 (2019) Kat:2, Licht: 0","121985","2","1","2","09","10","2","1","0","0","1","0","0"
"POINT (8.527813327000047 52.022159258000045)","Unfall 122004 (2019) Kat:2, Licht: 0","122004","2","6","3","09","12","7","1","0","0","1","0","1"
"POINT (8.544201154000064 51.943825449000030)","Unfall 122175 (2019) Kat:3, Licht: 2","122175","3","6","3","09","05","2","1","2","0","1","0","0"
"POINT (8.552212420000046 52.052573064000057)","Unfall 122251 (2019) Kat:2, Licht: 2","122251","2","1","4","09","20","1","1","2","0","1","0","0"
"POINT (8.523468991000073 52.036419095000042)","Unfall 122252 (2019) Kat:3, Licht: 0","122252","3","3","0","09","14","1","0","0","1","1","0","0"
"POINT (8.632243083000049 52.015303213000038)","Unfall 122295 (2019) Kat:3, Licht: 2","122295","3","1","8","09","21","1","1","2","0","1","0","0"
"POINT (8.497350309000069 51.981629520000070)","Unfall 122383 (2019) Kat:3, Licht: 0","122383","3","6","2","10","14","4","0","0","0","1","0","0"
"POINT (8.549127194000050 52.006330046000073)","Unfall 122558 (2019) Kat:3, Licht: 0","122558","3","1","0","10","11","3","1","0","0","0","0","1"
"POINT (8.526290256000038 52.020403446000046)","Unfall 122560 (2019) Kat:3, Licht: 1","122560","3","2","5","10","08","3","1","1","1","1","0","0"
"POINT (8.513539125000023 52.097528661000069)","Unfall 122562 (2019) Kat:3, Licht: 2","122562","3","2","4","10","06","3","1","2","0","1","0","1"
"POINT (8.555643324000073 52.033169140000041)","Unfall 122971 (2019) Kat:3, Licht: 0","122971","3","3","5","10","12","7","0","0","0","1","0","0"
"POINT (8.598043880000034 52.039669089000029)","Unfall 122986 (2019) Kat:2, Licht: 2","122986","2","2","6","10","06","3","1","2","0","1","1","0"
"POINT (8.546001484000044 52.031965476000039)","Unfall 123174 (2019) Kat:3, Licht: 0","123174","3","6","3","10","16","6","1","0","0","1","0","0"
"POINT (8.602287338000053 52.059676199000080)","Unfall 123176 (2019) Kat:3, Licht: 2","123176","3","6","2","10","21","6","1","2","0","1","0","0"
"POINT (8.557167195000034 52.013308919000053)","Unfall 123204 (2019) Kat:3, Licht: 0","123204","3","7","0","10","15","2","0","0","1","1","0","0"
"POINT (8.621348048000073 52.031252864000066)","Unfall 123250 (2019) Kat:3, Licht: 0","123250","3","6","2","10","14","6","0","0","0","1","0","0"
"POINT (8.542528411000035 52.008917657000040)","Unfall 123251 (2019) Kat:2, Licht: 0","123251","2","7","0","10","17","6","1","0","1","0","0","0"
"POINT (8.553132977000075 52.022147247000078)","Unfall 123430 (2019) Kat:3, Licht: 1","123430","3","3","0","10","18","5","1","1","1","0","0","0"
"POINT (8.580371159000038 52.010875395000028)","Unfall 123432 (2019) Kat:3, Licht: 0","123432","3","3","5","10","18","5","1","0","1","1","0","0"
"POINT (8.522691734000034 52.044624255000031)","Unfall 123435 (2019) Kat:3, Licht: 0","123435","3","3","5","10","08","5","1","0","1","1","0","0"
"POINT (8.549162110000054 52.048487768000030)","Unfall 123520 (2019) Kat:3, Licht: 0","123520","3","3","5","10","14","7","0","0","0","1","0","1"
"POINT (8.526203316000022 51.943271955000057)","Unfall 123672 (2019) Kat:3, Licht: 0","123672","3","6","0","10","17","4","0","0","0","1","0","0"
"POINT (8.522946609000030 52.042310140000041)","Unfall 123884 (2019) Kat:3, Licht: 0","123884","3","2","5","10","12","3","0","0","1","1","0","0"
"POINT (8.518790057000047 52.096700951000059)","Unfall 123886 (2019) Kat:3, Licht: 0","123886","3","2","4","10","09","3","0","0","0","1","0","0"
"POINT (8.612373637000076 52.057774157000040)","Unfall 124087 (2019) Kat:3, Licht: 0","124087","3","6","1","10","16","2","0","0","0","1","0","0"
"POINT (8.491774682000028 51.945106458000055)","Unfall 124125 (2019) Kat:2, Licht: 0","124125","2","3","5","10","08","6","1","0","0","1","0","0"
"POINT (8.494349329000045 51.998809978000054)","Unfall 124141 (2019) Kat:2, Licht: 0","124141","2","3","5","10","14","6","1","0","0","1","0","0"
"POINT (8.523221727000021 52.024797492000062)","Unfall 124153 (2019) Kat:3, Licht: 0","124153","3","6","2","10","11","6","0","0","0","1","0","0"
"POINT (8.554272317000027 52.035978977000070)","Unfall 124206 (2019) Kat:3, Licht: 0","124206","3","4","6","10","17","4","0","0","0","1","1","0"
"POINT (8.543501750000075 52.037288665000062)","Unfall 124208 (2019) Kat:3, Licht: 0","124208","3","2","5","10","12","4","0","0","1","0","0","0"
"POINT (8.574752126000021 52.027874341000029)","Unfall 124324 (2019) Kat:3, Licht: 0","124324","3","3","5","10","13","1","1","0","0","1","0","0"
"POINT (8.539397433000033 52.010857854000051)","Unfall 124325 (2019) Kat:1, Licht: 2","124325","1","1","8","10","23","1","1","2","0","1","0","0"
"POINT (8.431997374000048 51.946478673000058)","Unfall 124408 (2019) Kat:2, Licht: 2","124408","2","6","4","10","06","7","0","2","0","0","0","0"
"POINT (8.553339613000048 52.025880509000046)","Unfall 124467 (2019) Kat:3, Licht: 0","124467","3","6","4","10","16","2","0","0","1","0","0","0"
"POINT (8.623110432000033 52.030467669000075)","Unfall 124471 (2019) Kat:2, Licht: 0","124471","2","1","8","10","17","2","0","0","1","0","0","0"
"POINT (8.635321296000029 52.012824849000026)","Unfall 124473 (2019) Kat:3, Licht: 0","124473","3","2","4","10","14","2","0","0","1","1","0","0"
"POINT (8.566144335000047 52.035271186000045)","Unfall 124477 (2019) Kat:3, Licht: 0","124477","3","2","5","10","12","2","1","0","1","1","0","0"
"POINT (8.569945137000048 52.039392027000076)","Unfall 124495 (2019) Kat:3, Licht: 0","124495","3","2","6","10","18","2","0","0","0","1","1","0"
"POINT (8.558597379000048 52.002552615000070)","Unfall 124515 (2019) Kat:3, Licht: 0","124515","3","2","5","10","13","5","0","0","0","1","0","1"
"POINT (8.572740969000051 52.001294383000072)","Unfall 124516 (2019) Kat:3, Licht: 0","124516","3","7","0","10","14","5","0","0","0","1","0","0"
"POINT (8.513811769000029 52.096092132000081)","Unfall 124517 (2019) Kat:2, Licht: 0","124517","2","7","0","10","10","5","1","0","0","1","1","0"
"POINT (8.524192798000058 52.017543056000079)","Unfall 124596 (2019) Kat:3, Licht: 0","124596","3","3","3","10","14","4","0","0","1","1","0","0"
"POINT (8.523277974000052 52.024682691000066)","Unfall 124597 (2019) Kat:3, Licht: 0","124597","3","4","6","10","15","4","0","0","0","1","1","0"
"POINT (8.559389107000072 52.004500330000042)","Unfall 124682 (2019) Kat:3, Licht: 2","124682","3","3","5","10","20","3","0","2","0","1","0","0"
"POINT (8.607505819000039 51.990618208000058)","Unfall 124683 (2019) Kat:3, Licht: 0","124683","3","3","1","10","14","3","0","0","0","1","0","1"
"POINT (8.549301301000071 52.006147166000062)","Unfall 124795 (2019) Kat:2, Licht: 0","124795","2","3","0","10","08","2","0","0","1","0","0","0"
"POINT (8.532870993000074 52.014910413000052)","Unfall 124861 (2019) Kat:3, Licht: 0","124861","3","6","0","10","16","1","0","0","0","1","0","1"
"POINT (8.609936293000033 52.068691100000080)","Unfall 124862 (2019) Kat:3, Licht: 0","124862","3","3","5","10","13","1","0","0","0","1","0","0"
"POINT (8.486472505000052 51.997693333000029)","Unfall 125051 (2019) Kat:3, Licht: 0","125051","3","2","5","10","10","6","0","0","0","1","0","0"
"POINT (8.544585282000071 52.031180376000066)","Unfall 125172 (2019) Kat:3, Licht: 0","125172","3","3","5","10","15","3","0","0","1","1","0","0"
"POINT (8.543163600000071 52.033372119000035)","Unfall 125263 (2019) Kat:2, Licht: 0","125263","2","2","5","10","08","5","0","0","1","1","0","0"
"POINT (8.515490575000058 51.988634805000061)","Unfall 125287 (2019) Kat:3, Licht: 0","125287","3","6","5","10","08","4","0","0","0","1","0","1"
"POINT (8.598013349000041 51.995911619000026)","Unfall 125422 (2019) Kat:3, Licht: 2","125422","3","6","1","10","19","5","0","2","0","1","0","0"
"POINT (8.614033910000046 51.972931699000071)","Unfall 125497 (2019) Kat:3, Licht: 0","125497","3","7","9","11","11","2","0","0","0","1","0","0"
"POINT (8.635386887000038 52.011144583000032)","Unfall 125498 (2019) Kat:2, Licht: 2","125498","2","1","9","11","05","2","1","2","0","1","0","0"
"POINT (8.464617314000066 52.050773171000060)","Unfall 125499 (2019) Kat:1, Licht: 2","125499","1","6","2","11","18","2","0","2","1","1","0","0"
"POINT (8.572039426000060 51.947315690000039)","Unfall 125664 (2019) Kat:2, Licht: 0","125664","2","2","5","11","12","7","0","0","1","1","0","0"
"POINT (8.559192115000030 52.004433387000063)","Unfall 125665 (2019) Kat:3, Licht: 1","125665","3","6","2","11","16","7","1","1","0","1","0","0"
"POINT (8.619200595000052 51.997841834000042)","Unfall 125674 (2019) Kat:3, Licht: 0","125674","3","3","1","11","07","3","1","0","0","1","0","0"
"POINT (8.551448730000061 51.995526483000049)","Unfall 125675 (2019) Kat:3, Licht: 0","125675","3","1","0","11","16","3","1","0","0","0","0","1"
"POINT (8.527227372000027 52.017015684000057)","Unfall 125678 (2019) Kat:3, Licht: 0","125678","3","3","0","11","13","3","0","0","1","0","0","0"
"POINT (8.566249597000024 52.054723609000064)","Unfall 125680 (2019) Kat:3, Licht: 0","125680","3","7","1","11","11","3","0","0","0","1","0","0"
"POINT (8.644217738000066 52.037921786000027)","Unfall 125776 (2019) Kat:3, Licht: 2","125776","3","1","9","11","18","6","1","2","0","1","0","0"
"POINT (8.605290262000040 52.040801442000031)","Unfall 125779 (2019) Kat:2, Licht: 0","125779","2","3","5","11","10","6","0","0","0","1","0","0"
"POINT (8.580686606000029 52.038694286000066)","Unfall 125881 (2019) Kat:3, Licht: 0","125881","3","6","3","11","08","5","1","0","0","1","0","0"
"POINT (8.552981324000029 52.018370337000079)","Unfall 126034 (2019) Kat:3, Licht: 0","126034","3","3","5","11","13","4","1","0","0","1","0","0"