WKT,Name,OBJECTID,UKATEGORIE,UTYP1,UART,UMONAT,USTUNDE,UWOCHENTAG,STRZUSTAND,ULICHTVERH,ISTRAD,ISTPKW,ISTFUSS,ISTKRAD
"POINT (8.481334929000070 52.022121901000048)","Unfall 126036 (2019) Kat:3, Licht: 0","126036","3","2","5","11","11","4","1","0","1","1","0","0"
"POINT (8.571366086000069 52.036389506000035)","Unfall 126140 (2019) Kat:3, Licht: 2","126140","3","7","6","11","17","6","0","2","0","1","1","0"
"POINT (8.518292693000035 51.976206681000065)","Unfall 126265 (2019) Kat:2, Licht: 0","126265","2","2","5","11","08","3","0","0","1","1","0","0"
"POINT (8.566881454000054 52.063121241000033)","Unfall 126266 (2019) Kat:3, Licht: 2","126266","3","2","5","11","17","3","1","2","1","1","0","0"
"POINT (8.526072062000026 52.022907236000037)","Unfall 126403 (2019) Kat:3, Licht: 2","126403","3","6","2","11","17","2","0","2","0","1","0","0"
"POINT (8.542311726000037 51.974974611000050)","Unfall 126516 (2019) Kat:2, Licht: 2","126516","2","1","8","11","00","4","2","2","0","1","0","0"
"POINT (8.553275418000055 52.013716409000040)","Unfall 126518 (2019) Kat:3, Licht: 2","126518","3","2","5","11","17","4","0","2","1","1","0","0"
"POINT (8.564166137000029 52.012297826000065)","Unfall 126656 (2019) Kat:3, Licht: 0","126656","3","3","5","11","09","7","0","0","0","1","0","0"
"POINT (8.558588959000076 52.002531193000038)","Unfall 126730 (2019) Kat:3, Licht: 0","126730","3","4","0","11","10","7","1","0","0","1","1","0"
"POINT (8.538529205000032 52.083375414000045)","Unfall 126732 (2019) Kat:1, Licht: 2","126732","1","4","6","11","05","7","1","2","0","0","1","0"
"POINT (8.569523795000066 51.955828926000038)","Unfall 126938 (2019) Kat:2, Licht: 0","126938","2","6","2","11","08","6","0","0","0","1","0","0"
"POINT (8.575948280000034 52.028441768000050)","Unfall 126940 (2019) Kat:3, Licht: 0","126940","3","3","5","11","07","6","0","0","1","1","0","0"
"POINT (8.592392952000068 52.039014453000050)","Unfall 126993 (2019) Kat:2, Licht: 2","126993","2","3","5","11","17","2","1","2","0","1","0","1"
"POINT (8.468964640000024 52.022869998000033)","Unfall 126995 (2019) Kat:3, Licht: 0","126995","3","6","2","11","08","2","1","0","0","1","0","0"
"POINT (8.526205661000063 52.019582811000078)","Unfall 127126 (2019) Kat:2, Licht: 2","127126","2","1","0","11","03","1","1","2","1","0","0","0"
"POINT (8.657649921000029 52.054093271000056)","Unfall 127191 (2019) Kat:3, Licht: 1","127191","3","6","2","11","07","5","0","1","0","1","0","0"
"POINT (8.417103932000032 51.966097414000046)","Unfall 127193 (2019) Kat:2, Licht: 2","127193","2","6","3","11","22","5","0","2","1","1","0","0"
"POINT (8.523385495000071 52.039575727000056)","Unfall 127196 (2019) Kat:3, Licht: 0","127196","3","6","2","11","11","5","0","0","0","1","0","0"
"POINT (8.553922458000045 52.058485505000078)","Unfall 127198 (2019) Kat:2, Licht: 1","127198","2","2","5","11","16","5","0","1","1","1","0","0"
"POINT (8.572463319000065 52.001236456000072)","Unfall 127332 (2019) Kat:3, Licht: 2","127332","3","6","2","11","18","5","1","2","0","1","0","1"
"POINT (8.546501110000065 52.044921859000056)","Unfall 127356 (2019) Kat:3, Licht: 2","127356","3","5","1","11","20","7","0","2","0","1","0","0"
"POINT (8.559061144000054 51.964704629000039)","Unfall 127504 (2019) Kat:3, Licht: 1","127504","3","6","2","11","16","4","1","1","0","1","0","0"
"POINT (8.552411936000055 52.037180115000069)","Unfall 127507 (2019) Kat:3, Licht: 1","127507","3","2","3","11","16","4","0","1","1","1","0","0"
"POINT (8.553101966000043 52.025385490000076)","Unfall 127602 (2019) Kat:3, Licht: 0","127602","3","2","5","11","08","6","1","0","1","1","0","0"
"POINT (8.516431429000022 52.028343042000074)","Unfall 127605 (2019) Kat:2, Licht: 0","127605","2","6","2","11","13","6","0","0","1","1","0","0"
"POINT (8.602442096000061 51.967001990000028)","Unfall 127723 (2019) Kat:3, Licht: 0","127723","3","1","8","11","08","1","1","0","0","1","0","0"
"POINT (8.527147606000028 52.024064863000035)","Unfall 127745 (2019) Kat:3, Licht: 2","127745","3","6","1","11","17","3","1","2","0","1","0","0"
"POINT (8.540723786000058 52.058223542000064)","Unfall 127748 (2019) Kat:3, Licht: 0","127748","3","3","5","11","13","3","1","0","0","1","0","0"
"POINT (8.523864316000072 52.023831817000030)","Unfall 127751 (2019) Kat:3, Licht: 2","127751","3","2","5","11","17","3","1","2","1","1","0","0"
"POINT (8.553700032000052 52.058162350000032)","Unfall 127763 (2019) Kat:3, Licht: 2","127763","3","3","5","11","07","4","1","2","1","1","0","0"
"POINT (8.554364357000054 52.035832237000079)","Unfall 127781 (2019) Kat:3, Licht: 0","127781","3","3","5","11","14","4","1","0","0","1","0","0"
"POINT (8.455877325000074 52.048749075000046)","Unfall 127856 (2019) Kat:3, Licht: 2","127856","3","4","0","11","16","3","1","2","0","1","1","0"
"POINT (8.488464906000047 51.981732657000066)","Unfall 127979 (2019) Kat:3, Licht: 2","127979","3","1","2","11","21","2","0","2","0","1","0","0"
"POINT (8.542302358000029 51.974983692000080)","Unfall 128015 (2019) Kat:2, Licht: 0","128015","2","2","5","11","14","4","1","0","0","1","0","0"
"POINT (8.527321446000030 52.017000063000069)","Unfall 128151 (2019) Kat:2, Licht: 1","128151","2","5","1","11","16","5","1","1","1","1","0","0"
"POINT (8.552788380000038 52.015840381000032)","Unfall 128152 (2019) Kat:3, Licht: 2","128152","3","3","5","11","16","5","1","2","1","1","0","0"
"POINT (8.638083355000049 52.023189180000031)","Unfall 128278 (2019) Kat:3, Licht: 2","128278","3","6","2","11","18","6","1","2","1","1","0","0"
"POINT (8.602383004000046 52.059680015000026)","Unfall 128280 (2019) Kat:3, Licht: 0","128280","3","6","1","11","14","6","1","0","0","1","0","0"
"POINT (8.620529971000053 52.041005861000031)","Unfall 128383 (2019) Kat:3, Licht: 0","128383","3","2","3","12","15","2","1","0","1","1","0","0"
"POINT (8.531009529000073 52.043544040000029)","Unfall 128384 (2019) Kat:3, Licht: 0","128384","3","2","5","12","16","2","1","0","1","1","0","0"
"POINT (8.585894147000033 52.049238098000046)","Unfall 128385 (2019) Kat:2, Licht: 0","128385","2","6","2","12","15","2","1","0","0","1","0","0"
"POINT (8.605422492000059 52.061816030000045)","Unfall 128386 (2019) Kat:2, Licht: 1","128386","2","6","2","12","07","2","1","1","0","1","0","0"
"POINT (8.492743943000050 51.980427906000045)","Unfall 128447 (2019) Kat:3, Licht: 2","128447","3","6","1","12","18","1","0","2","0","1","0","0"
"POINT (8.462568346000069 52.011172445000057)","Unfall 128649 (2019) Kat:2, Licht: 2","128649","2","6","4","12","20","5","1","2","0","1","0","0"
"POINT (8.552950754000051 52.035506026000064)","Unfall 128650 (2019) Kat:3, Licht: 2","128650","3","6","1","12","18","5","1","2","0","1","0","0"
"POINT (8.544213568000032 51.973192762000053)","Unfall 128767 (2019) Kat:2, Licht: 2","128767","2","4","6","12","05","4","1","2","0","1","1","0"
"POINT (8.555643324000073 52.033169140000041)","Unfall 128768 (2019) Kat:3, Licht: 2","128768","3","2","5","12","07","4","1","2","0","1","0","1"
"POINT (8.554910988000074 52.059543259000066)","Unfall 128769 (2019) Kat:3, Licht: 1","128769","3","2","5","12","07","4","1","1","1","1","0","0"
"POINT (8.530961097000045 52.043503407000060)","Unfall 128770 (2019) Kat:2, Licht: 0","128770","2","2","0","12","11","4","0","0","0","0","1","0"
"POINT (8.617908907000071 52.028041159000054)","Unfall 129067 (2019) Kat:3, Licht: 0","129067","3","2","5","12","13","1","0","0","1","1","0","0"
"POINT (8.567621729000052 52.002500703000067)","Unfall 129068 (2019) Kat:3, Licht: 0","129068","3","3","5","12","11","1","0","0","1","1","0","0"
"POINT (8.615125747000036 51.976690591000079)","Unfall 129202 (2019) Kat:2, Licht: 2","129202","2","6","2","12","06","3","1","2","0","1","0","0"
"POINT (8.561536386000057 52.034244920000049)","Unfall 129361 (2019) Kat:3, Licht: 2","129361","3","2","5","12","18","6","1","2","1","1","0","0"
"POINT (8.543117733000031 52.021406158000048)","Unfall 129362 (2019) Kat:3, Licht: 0","129362","3","6","0","12","20","6","0","0","0","1","0","1"
"POINT (8.462349565000068 52.031661405000079)","Unfall 129365 (2019) Kat:2, Licht: 0","129365","2","3","5","12","09","6","1","0","0","1","0","0"
"POINT (8.496255935000022 51.996701340000072)","Unfall 129481 (2019) Kat:3, Licht: 2","129481","3","6","2","12","17","4","1","2","0","1","0","1"
"POINT (8.603406009000025 52.028006695000045)","Unfall 129482 (2019) Kat:3, Licht: 2","129482","3","2","5","12","07","4","1","2","1","1","0","0"
"POINT (8.515093696000065 52.058807478000062)","Unfall 129483 (2019) Kat:2, Licht: 2","129483","2","4","6","12","17","4","1","2","0","1","1","0"
"POINT (8.568583711000031 52.011812700000064)","Unfall 129730 (2019) Kat:3, Licht: 1","129730","3","3","5","12","09","5","0","1","1","1","0","0"
"POINT (8.526998861000038 52.031811393000055)","Unfall 129731 (2019) Kat:3, Licht: 0","129731","3","6","6","12","12","5","1","0","1","0","1","0"
"POINT (8.614199906000067 52.037251626000057)","Unfall 129754 (2019) Kat:3, Licht: 0","129754","3","6","1","12","13","3","0","0","0","1","0","0"
"POINT (8.545401486000060 52.015747727000075)","Unfall 129757 (2019) Kat:3, Licht: 0","129757","3","7","0","12","12","3","0","0","0","1","1","0"
"POINT (8.559242860000040 52.004534732000081)","Unfall 129814 (2019) Kat:3, Licht: 0","129814","3","2","1","12","10","1","1","0","0","1","0","0"
"POINT (8.491532207000034 52.058674860000053)","Unfall 129948 (2019) Kat:3, Licht: 0","129948","3","1","8","12","14","7","1","0","0","0","0","1"
"POINT (8.447322585000052 52.040624421000075)","Unfall 129952 (2019) Kat:3, Licht: 0","129952","3","1","8","12","12","7","1","0","0","1","0","0"
"POINT (8.580784335000033 52.038686181000060)","Unfall 129981 (2019) Kat:3, Licht: 0","129981","3","6","1","12","08","3","0","0","0","1","0","0"
"POINT (8.601448909000055 52.070600978000073)","Unfall 129983 (2019) Kat:3, Licht: 0","129983","3","3","3","12","12","3","0","0","1","1","0","0"
"POINT (8.585682017000067 52.049296211000069)","Unfall 129984 (2019) Kat:3, Licht: 2","129984","3","7","1","12","07","3","1","2","0","1","0","0"
"POINT (8.551608025000064 51.962313576000042)","Unfall 130166 (2019) Kat:3, Licht: 2","130166","3","2","5","12","06","2","0","2","0","1","0","0"
"POINT (8.521782342000051 52.095134373000064)","Unfall 130167 (2019) Kat:3, Licht: 2","130167","3","6","2","12","16","2","0","2","0","1","0","0"
"POINT (8.523257271000034 52.093351442000028)","Unfall 130232 (2019) Kat:3, Licht: 0","130232","3","7","4","12","15","6","1","0","1","1","0","0"
"POINT (8.549295858000050 52.039177862000031)","Unfall 130325 (2019) Kat:3, Licht: 0","130325","3","3","1","12","14","1","0","0","1","1","0","0"
"POINT (8.543163600000071 52.033372119000035)","Unfall 130327 (2019) Kat:3, Licht: 0","130327","3","3","5","12","11","1","0","0","0","1","0","0"
"POINT (8.523821095000074 52.023861084000032)","Unfall 130400 (2019) Kat:3, Licht: 0","130400","3","3","5","12","10","5","0","0","1","1","0","0"
"POINT (8.532020306000050 51.930299704000049)","Unfall 130441 (2019) Kat:2, Licht: 1","130441","2","4","0","12","16","7","0","1","0","1","1","0"
"POINT (8.592451681000057 51.938880421000079)","Unfall 130443 (2019) Kat:2, Licht: 0","130443","2","4","6","12","11","7","1","0","0","1","1","0"
"POINT (8.570194308000055 52.065731805000041)","Unfall 130444 (2019) Kat:2, Licht: 2","130444","2","7","8","12","06","7","0","2","0","1","0","0"
"POINT (8.518429777000051 51.945178883000040)","Unfall 130647 (2019) Kat:3, Licht: 2","130647","3","2","4","12","05","4","0","2","0","1","0","0"
"POINT (8.554159090000042 52.035784872000079)","Unfall 130651 (2019) Kat:3, Licht: 2","130651","3","6","2","12","17","4","0","2","0","1","0","0"
"POINT (8.607471248000024 51.991060200000049)","Unfall 130654 (2019) Kat:3, Licht: 1","130654","3","2","2","12","07","6","0","1","1","1","0","0"
"POINT (8.443211079000037 51.971957978000034)","Unfall 130655 (2019) Kat:3, Licht: 0","130655","3","6","4","12","15","6","0","0","0","1","0","0"
"POINT (8.536759558000028 52.098570619000043)","Unfall 130657 (2019) Kat:3, Licht: 2","130657","3","6","2","12","16","6","1","2","0","1","0","0"
"POINT (8.543630347000033 52.030737029000079)","Unfall 130829 (2019) Kat:3, Licht: 0","130829","3","2","1","12","16","6","0","0","0","1","0","0"
"POINT (8.473766067000042 52.078794873000049)","Unfall 130987 (2019) Kat:2, Licht: 2","130987","2","3","5","12","18","4","1","2","0","1","0","0"
"POINT (8.622503663000032 52.003113418000055)","Unfall 131079 (2019) Kat:3, Licht: 0","131079","3","6","8","12","12","3","1","0","0","1","0","0"
"POINT (8.607172929000058 52.063017941000055)","Unfall 131120 (2019) Kat:3, Licht: 0","131120","3","6","2","12","15","1","0","0","0","1","0","0"
"POINT (8.569326537000052 51.985805486000061)","Unfall 131198 (2019) Kat:3, Licht: 2","131198","3","1","9","12","20","2","1","2","0","1","0","0"
"POINT (8.622360219000029 52.055419449000055)","Unfall 131200 (2019) Kat:3, Licht: 0","131200","3","3","5","12","09","2","0","0","1","1","0","0"
"POINT (8.564978024000027 52.055009579000057)","Unfall 131210 (2019) Kat:3, Licht: 0","131210","3","5","1","12","12","7","0","0","0","1","0","0"
"POINT (8.652612754000074 52.045226138000032)","Unfall 131232 (2019) Kat:3, Licht: 0","131232","3","6","2","12","13","2","0","0","0","1","0","0"
"POINT (8.543087076000063 52.021407787000044)","Unfall 232788 (2019) Kat:3, Licht: 2","232788","3","2","6","01","19","7","1","2","0","1","1","0"
"POINT (8.535533769000040 52.034085294000079)","Unfall 232789 (2019) Kat:3, Licht: 0","232789","3","1","8","01","15","7","1","0","0","1","0","0"
"POINT (8.540383475000056 52.023136390000047)","Unfall 232936 (2019) Kat:3, Licht: 2","232936","3","7","6","01","06","3","1","2","0","1","1","0"
"POINT (8.596429417000024 51.933332272000030)","Unfall 233074 (2019) Kat:2, Licht: 1","233074","2","3","5","01","07","4","1","1","1","1","0","0"
"POINT (8.509814028000051 52.005365097000038)","Unfall 233223 (2019) Kat:3, Licht: 2","233223","3","2","6","01","07","4","1","2","0","1","1","0"
"POINT (8.530170301000055 52.044212960000038)","Unfall 233319 (2019) Kat:3, Licht: 2","233319","3","3","5","01","17","3","1","2","1","0","0","0"
"POINT (8.524362704000055 52.028747791000058)","Unfall 233320 (2019) Kat:3, Licht: 0","233320","3","3","5","01","13","3","1","0","0","1","0","1"
"POINT (8.535612779000076 52.026949217000038)","Unfall 233455 (2019) Kat:3, Licht: 1","233455","3","6","2","01","16","7","1","1","0","1","0","0"
"POINT (8.536888740000052 52.023391706000041)","Unfall 233605 (2019) Kat:3, Licht: 0","233605","3","2","5","01","13","7","0","0","0","1","0","0"
"POINT (8.592502863000050 52.015275388000077)","Unfall 233661 (2019) Kat:3, Licht: 2","233661","3","7","5","01","06","6","2","2","1","0","0","0"
"POINT (8.520600141000045 52.068811363000066)","Unfall 233662 (2019) Kat:2, Licht: 0","233662","2","2","6","01","13","6","0","0","0","1","1","0"
"POINT (8.588890667000044 52.003198558000065)","Unfall 233721 (2019) Kat:3, Licht: 0","233721","3","6","3","01","15","5","1","0","0","1","0","1"
"POINT (8.557425217000059 52.007741299000031)","Unfall 233722 (2019) Kat:3, Licht: 0","233722","3","7","4","01","10","5","1","0","1","0","0","0"
"POINT (8.528025184000057 52.032592634000082)","Unfall 233723 (2019) Kat:3, Licht: 2","233723","3","3","5","01","07","5","1","2","1","1","0","0"
"POINT (8.566520767000043 52.021870000000035)","Unfall 233840 (2019) Kat:3, Licht: 2","233840","3","2","5","01","17","6","2","2","1","1","0","0"
"POINT (8.609218032000058 52.026387809000028)","Unfall 233841 (2019) Kat:3, Licht: 0","233841","3","3","5","01","09","6","0","0","0","1","0","0"
"POINT (8.608063473000073 51.954726026000060)","Unfall 233896 (2019) Kat:3, Licht: 0","233896","3","3","5","01","15","5","0","0","1","1","0","0"
"POINT (8.551295338000045 52.025340747000030)","Unfall 233897 (2019) Kat:3, Licht: 0","233897","3","7","6","01","10","5","0","0","0","1","1","0"
"POINT (8.537883842000042 52.033609867000052)","Unfall 233935 (2019) Kat:3, Licht: 2","233935","3","4","6","01","07","4","0","2","0","1","1","0"
"POINT (8.517747802000031 52.006246450000049)","Unfall 233977 (2019) Kat:2, Licht: 2","233977","2","3","5","01","18","3","0","2","1","1","0","0"
"POINT (8.533983724000052 52.022334693000062)","Unfall 233978 (2019) Kat:3, Licht: 2","233978","3","2","3","01","18","3","0","2","1","1","0","0"
"POINT (8.544144358000040 52.043532708000043)","Unfall 234049 (2019) Kat:3, Licht: 2","234049","3","2","5","01","20","2","1","2","0","1","0","0"
"POINT (8.604502641000067 52.031441837000045)","Unfall 234051 (2019) Kat:3, Licht: 0","234051","3","7","6","01","12","2","1","0","0","1","1","0"
"POINT (8.494572314000038 51.992494611000041)","Unfall 234053 (2019) Kat:3, Licht: 2","234053","3","6","4","01","18","2","0","2","0","1","0","0"
"POINT (8.516579590000049 52.028302550000035)","Unfall 234055 (2019) Kat:3, Licht: 2","234055","3","4","6","01","07","2","0","2","0","1","1","0"
"POINT (8.524411939000061 52.016556763000040)","Unfall 234155 (2019) Kat:3, Licht: 0","234155","3","6","2","01","13","5","1","0","0","1","0","0"
"POINT (8.518021073000057 52.003421669000033)","Unfall 234170 (2019) Kat:3, Licht: 0","234170","3","4","6","01","11","3","0","0","0","1","1","0"
"POINT (8.533990579000033 52.023847838000052)","Unfall 234171 (2019) Kat:2, Licht: 2","234171","2","4","6","01","22","3","0","2","0","1","1","0"
"POINT (8.506287878000023 51.994375701000081)","Unfall 234237 (2019) Kat:3, Licht: 1","234237","3","3","5","01","16","2","1","1","0","1","0","0"
"POINT (8.523583071000076 52.023704286000054)","Unfall 234270 (2019) Kat:3, Licht: 0","234270","3","7","0","01","17","5","0","0","0","1","1","0"
"POINT (8.485675674000049 51.986000066000031)","Unfall 234319 (2019) Kat:3, Licht: 0","234319","3","3","5","02","15","3","1","0","0","1","0","0"
"POINT (8.539699113000040 52.022339318000036)","Unfall 234588 (2019) Kat:3, Licht: 0","234588","3","3","5","02","09","2","1","0","0","1","0","0"
"POINT (8.562907021000058 52.008706020000034)","Unfall 234641 (2019) Kat:3, Licht: 0","234641","3","3","5","02","16","7","0","0","0","1","0","0"
"POINT (8.535142011000062 52.026070037000068)","Unfall 234642 (2019) Kat:2, Licht: 2","234642","2","6","3","02","17","7","0","2","0","1","0","1"
"POINT (8.517844561000061 51.981372167000075)","Unfall 234691 (2019) Kat:3, Licht: 0","234691","3","7","6","02","13","6","0","0","0","1","1","0"
"POINT (8.530331398000044 52.024778191000053)","Unfall 234749 (2019) Kat:3, Licht: 0","234749","3","3","5","02","13","5","0","0","1","1","0","0"
"POINT (8.511407042000030 52.010662542000034)","Unfall 234876 (2019) Kat:3, Licht: 0","234876","3","5","1","02","13","6","0","0","1","1","0","0"
"POINT (8.561219733000030 52.009375158000068)","Unfall 234877 (2019) Kat:3, Licht: 0","234877","3","4","6","02","13","6","0","0","0","1","1","0"
"POINT (8.566520767000043 52.021870000000035)","Unfall 234878 (2019) Kat:3, Licht: 0","234878","3","2","5","02","12","6","0","0","1","1","0","0"
"POINT (8.550271164000037 52.048484523000070)","Unfall 234880 (2019) Kat:3, Licht: 0","234880","3","5","1","02","13","6","0","0","1","1","0","0"
"POINT (8.512786690000041 51.989080148000028)","Unfall 234963 (2019) Kat:3, Licht: 0","234963","3","1","0","02","08","5","0","0","1","0","0","0"
"POINT (8.588740313000074 51.947215906000054)","Unfall 235082 (2019) Kat:3, Licht: 0","235082","3","3","5","02","08","4","0","0","0","1","0","0"
"POINT (8.504336296000076 52.035836784000026)","Unfall 235135 (2019) Kat:3, Licht: 0","235135","3","4","6","02","08","3","1","0","0","0","1","0"
"POINT (8.483949479000046 51.997486753000032)","Unfall 235219 (2019) Kat:3, Licht: 0","235219","3","3","0","02","10","2","0","0","1","0","0","0"
"POINT (8.534546129000034 52.024768087000041)","Unfall 235220 (2019) Kat:3, Licht: 2","235220","3","4","6","02","20","2","0","2","0","1","1","0"
"POINT (8.565768442000035 52.014645697000049)","Unfall 235221 (2019) Kat:3, Licht: 0","235221","3","3","5","02","11","2","0","0","0","1","0","0"
"POINT (8.619343611000033 52.013461416000041)","Unfall 235253 (2019) Kat:3, Licht: 2","235253","3","6","2","02","19","1","0","2","0","1","0","0"
"POINT (8.514909813000031 52.037804243000039)","Unfall 235254 (2019) Kat:3, Licht: 0","235254","3","3","5","02","11","1","0","0","1","1","0","0"
"POINT (8.592399328000056 52.038995137000029)","Unfall 235534 (2019) Kat:3, Licht: 0","235534","3","6","1","02","09","5","0","0","0","1","0","0"
"POINT (8.490659587000039 52.042260737000049)","Unfall 235535 (2019) Kat:3, Licht: 0","235535","3","4","6","02","10","5","0","0","0","0","1","0"
"POINT (8.533592999000064 52.018186647000050)","Unfall 235700 (2019) Kat:3, Licht: 0","235700","3","4","6","02","13","4","0","0","0","1","1","0"
"POINT (8.482167595000021 51.983380588000045)","Unfall 235851 (2019) Kat:3, Licht: 2","235851","3","7","0","02","06","2","0","2","0","1","0","1"
"POINT (8.540937536000058 52.025895683000044)","Unfall 235868 (2019) Kat:3, Licht: 0","235868","3","2","5","03","09","5","0","0","0","1","1","0"
"POINT (8.514391611000065 51.987991055000066)","Unfall 235869 (2019) Kat:3, Licht: 0","235869","3","1","0","03","08","5","1","0","0","0","0","1"
"POINT (8.551934404000065 52.025357065000037)","Unfall 235870 (2019) Kat:3, Licht: 0","235870","3","2","3","03","14","5","1","0","1","1","0","0"
"POINT (8.552779757000053 51.941973795000081)","Unfall 235967 (2019) Kat:3, Licht: 0","235967","3","3","5","03","11","3","1","0","0","1","0","0"
"POINT (8.541987991000042 52.040169367000033)","Unfall 236011 (2019) Kat:3, Licht: 2","236011","3","7","6","03","05","1","1","2","0","1","1","0"
"POINT (8.594579378000049 52.050907838000057)","Unfall 236043 (2019) Kat:3, Licht: 0","236043","3","7","0","03","11","7","0","0","0","1","0","0"
"POINT (8.530877186000055 51.963425281000070)","Unfall 236090 (2019) Kat:3, Licht: 0","236090","3","3","5","03","12","6","1","0","1","1","0","0"
"POINT (8.539595594000048 52.023251551000044)","Unfall 236127 (2019) Kat:3, Licht: 0","236127","3","6","1","03","15","6","0","0","0","1","0","0"
"POINT (8.533085085000039 52.016983501000027)","Unfall 236186 (2019) Kat:3, Licht: 2","236186","3","4","6","03","18","3","1","2","1","0","1","0"
"POINT (8.561522888000070 52.030319096000028)","Unfall 236187 (2019) Kat:3, Licht: 0","236187","3","1","8","03","14","3","0","0","1","1","0","0"
"POINT (8.517852106000021 52.010142353000049)","Unfall 236245 (2019) Kat:3, Licht: 0","236245","3","2","0","03","15","2","1","0","0","1","0","1"
"POINT (8.503330846000040 52.045112572000050)","Unfall 236246 (2019) Kat:3, Licht: 0","236246","3","5","1","03","17","2","1","0","1","1","0","0"
"POINT (8.533888567000076 52.019614488000059)","Unfall 236381 (2019) Kat:3, Licht: 0","236381","3","5","0","03","13","2","1","0","0","0","0","1"
"POINT (8.536080336000055 52.028076800000065)","Unfall 236436 (2019) Kat:3, Licht: 0","236436","3","6","2","03","14","7","1","0","0","1","0","0"
"POINT (8.526440367000021 52.026527943000076)","Unfall 236437 (2019) Kat:3, Licht: 2","236437","3","4","6","03","19","7","0","2","0","1","1","0"
"POINT (8.501830732000030 51.985206376000065)","Unfall 236502 (2019) Kat:2, Licht: 0","236502","2","3","5","03","16","6","1","0","0","1","0","0"
"POINT (8.529123848000040 52.022889695000060)","Unfall 236558 (2019) Kat:3, Licht: 0","236558","3","2","5","03","17","5","1","0","1","1","0","0"
"POINT (8.544141794000041 52.044532844000059)","Unfall 236616 (2019) Kat:3, Licht: 0","236616","3","2","5","03","11","4","1","0","0","0","0","0"
"POINT (8.504753693000055 51.992815357000040)","Unfall 236631 (2019) Kat:3, Licht: 0","236631","3","6","1","03","14","6","0","0","0","1","0","0"
"POINT (8.517574862000060 51.985738539000067)","Unfall 236714 (2019) Kat:2, Licht: 0","236714","2","4","6","03","15","5","0","0","1","0","1","0"
"POINT (8.600249085000030 52.028453738000053)","Unfall 236715 (2019) Kat:3, Licht: 0","236715","3","2","5","03","07","5","0","0","1","1","0","0"
"POINT (8.514884684000037 51.987775147000036)","Unfall 236783 (2019) Kat:2, Licht: 0","236783","2","6","1","03","17","4","0","0","0","1","0","0"
"POINT (8.535513536000053 52.020519647000071)","Unfall 236784 (2019) Kat:3, Licht: 0","236784","3","3","1","03","15","4","0","0","1","1","0","0"
"POINT (8.520980106000025 52.032889961000080)","Unfall 236785 (2019) Kat:3, Licht: 1","236785","3","2","3","03","18","4","0","1","1","1","0","0"
"POINT (8.539578022000057 52.037873459000082)","Unfall 236846 (2019) Kat:3, Licht: 0","236846","3","2","3","03","11","3","0","0","1","0","0","0"
"POINT (8.536719929000071 52.017331016000071)","Unfall 236941 (2019) Kat:3, Licht: 0","236941","3","3","5","03","09","3","0","0","1","1","0","0"
"POINT (8.490559714000028 51.988796940000043)","Unfall 237000 (2019) Kat:2, Licht: 0","237000","2","7","2","03","16","2","1","0","0","1","0","0"
"POINT (8.533030264000047 52.023131716000080)","Unfall 237219 (2019) Kat:3, Licht: 0","237219","3","4","6","03","14","7","0","0","0","1","1","0"
"POINT (8.506663670000023 52.046278372000074)","Unfall 237220 (2019) Kat:2, Licht: 0","237220","2","3","5","03","10","7","0","0","1","1","0","0"
"POINT (8.589333900000042 52.007115045000035)","Unfall 237304 (2019) Kat:3, Licht: 0","237304","3","3","5","03","07","6","0","0","0","1","0","0"
"POINT (8.484047472000043 51.996197425000048)","Unfall 237453 (2019) Kat:3, Licht: 0","237453","3","2","4","04","09","5","1","0","1","0","0","0"
"POINT (8.566579922000074 52.021478000000059)","Unfall 237454 (2019) Kat:2, Licht: 2","237454","2","3","5","04","22","5","1","2","1","1","0","0"
"POINT (8.530510815000071 52.024054018000072)","Unfall 237515 (2019) Kat:3, Licht: 2","237515","3","3","5","04","22","4","1","2","0","1","0","0"
"POINT (8.534970048000048 52.027171427000042)","Unfall 237516 (2019) Kat:3, Licht: 0","237516","3","6","1","04","12","4","0","0","1","1","0","0"
"POINT (8.510570144000042 52.036778044000073)","Unfall 237517 (2019) Kat:2, Licht: 0","237517","2","3","0","04","17","4","1","0","1","1","0","0"
"POINT (8.521343619000049 52.037635003000048)","Unfall 237572 (2019) Kat:3, Licht: 0","237572","3","4","5","04","07","3","0","0","0","1","1","0"
"POINT (8.533812440000077 52.022445672000060)","Unfall 237647 (2019) Kat:3, Licht: 0","237647","3","4","6","04","12","2","0","0","0","1","1","0"
"POINT (8.589046663000033 52.004720120000059)","Unfall 237648 (2019) Kat:3, Licht: 0","237648","3","3","5","04","17","2","0","0","1","1","0","0"
"POINT (8.565748037000049 52.023044013000060)","Unfall 237649 (2019) Kat:3, Licht: 0","237649","3","2","5","04","17","2","0","0","1","1","0","0"
"POINT (8.534125502000052 52.018929661000072)","Unfall 237681 (2019) Kat:3, Licht: 0","237681","3","3","5","04","17","3","0","0","1","1","0","0"