WKT,Name,OBJECTID,UKATEGORIE,UTYP1,UART,UMONAT,USTUNDE,UWOCHENTAG,STRZUSTAND,ULICHTVERH,ISTRAD,ISTPKW,ISTFUSS,ISTKRAD
"POINT (8.539605510000058 52.037806446000047)","Unfall 237682 (2019) Kat:3, Licht: 0","237682","3","2","1","04","17","3","0","0","1","1","0","0"
"POINT (8.537151474000041 52.024758062000046)","Unfall 237743 (2019) Kat:3, Licht: 0","237743","3","7","0","04","08","2","0","0","0","1","0","0"
"POINT (8.535352877000037 52.022340987000064)","Unfall 237744 (2019) Kat:3, Licht: 0","237744","3","2","0","04","16","2","0","0","0","1","0","1"
"POINT (8.552516232000073 52.025362650000034)","Unfall 237745 (2019) Kat:2, Licht: 0","237745","2","4","6","04","14","2","0","0","1","0","1","0"
"POINT (8.535036423000065 52.093368255000030)","Unfall 237796 (2019) Kat:3, Licht: 2","237796","3","6","1","04","02","1","0","2","0","1","0","0"
"POINT (8.514382269000066 52.038021682000078)","Unfall 237843 (2019) Kat:3, Licht: 0","237843","3","1","4","04","12","7","0","0","0","1","0","0"
"POINT (8.605430108000064 51.930174154000042)","Unfall 237898 (2019) Kat:2, Licht: 1","237898","2","5","7","04","06","6","1","1","1","0","0","0"
"POINT (8.539670344000058 52.023247444000049)","Unfall 237985 (2019) Kat:3, Licht: 0","237985","3","6","1","04","15","6","0","0","0","1","0","0"
"POINT (8.533825369000056 52.028474838000079)","Unfall 238119 (2019) Kat:3, Licht: 0","238119","3","4","6","04","07","4","0","0","0","1","1","0"
"POINT (8.534248090000062 52.021605553000029)","Unfall 238193 (2019) Kat:3, Licht: 0","238193","3","3","5","04","10","5","0","0","1","1","0","0"
"POINT (8.539761465000026 52.018251387000078)","Unfall 238194 (2019) Kat:3, Licht: 0","238194","3","7","5","04","09","5","0","0","1","1","0","0"
"POINT (8.497944546000042 52.038915452000026)","Unfall 238195 (2019) Kat:3, Licht: 2","238195","3","7","8","04","23","5","0","2","0","1","0","0"
"POINT (8.522276243000022 52.013139490000071)","Unfall 238245 (2019) Kat:3, Licht: 2","238245","3","7","6","04","21","4","0","2","0","0","1","0"
"POINT (8.618438133000041 52.004772017000050)","Unfall 238246 (2019) Kat:3, Licht: 0","238246","3","2","5","04","14","4","0","0","0","1","0","0"
"POINT (8.651106207000055 51.984261439000079)","Unfall 238247 (2019) Kat:3, Licht: 0","238247","3","1","0","04","07","4","0","0","0","0","0","1"
"POINT (8.525459392000073 52.026217930000030)","Unfall 238248 (2019) Kat:3, Licht: 0","238248","3","3","9","04","10","4","0","0","0","1","0","0"
"POINT (8.549191790000066 52.025332559000049)","Unfall 238302 (2019) Kat:3, Licht: 0","238302","3","6","2","04","18","3","0","0","0","1","0","0"
"POINT (8.562089293000042 52.025104263000060)","Unfall 238303 (2019) Kat:3, Licht: 0","238303","3","7","2","04","13","3","0","0","0","1","0","1"
"POINT (8.489664558000072 51.968342677000066)","Unfall 238365 (2019) Kat:3, Licht: 0","238365","3","4","6","04","16","2","0","0","0","1","1","0"
"POINT (8.536841793000065 52.022131907000073)","Unfall 238366 (2019) Kat:2, Licht: 0","238366","2","7","1","04","10","2","0","0","0","1","0","0"
"POINT (8.510004903000038 52.049777420000055)","Unfall 238367 (2019) Kat:3, Licht: 0","238367","3","6","3","04","11","2","0","0","1","1","0","0"
"POINT (8.576623380000058 52.022240356000054)","Unfall 238484 (2019) Kat:3, Licht: 0","238484","3","3","5","04","15","3","0","0","0","1","0","0"
"POINT (8.534044638000069 52.022336540000026)","Unfall 238523 (2019) Kat:3, Licht: 0","238523","3","7","0","04","18","2","0","0","0","1","0","0"
"POINT (8.507265890000042 52.035266637000063)","Unfall 238612 (2019) Kat:3, Licht: 0","238612","3","7","5","04","11","7","0","0","0","1","0","1"
"POINT (8.580418394000049 52.011185354000077)","Unfall 238735 (2019) Kat:2, Licht: 2","238735","2","1","8","04","21","7","1","2","1","0","0","0"
"POINT (8.582203305000064 51.945125798000049)","Unfall 238845 (2019) Kat:3, Licht: 0","238845","3","2","5","04","10","5","0","0","0","1","0","0"
"POINT (8.490659587000039 52.042260737000049)","Unfall 238929 (2019) Kat:2, Licht: 0","238929","2","3","5","04","07","4","0","0","1","0","0","0"
"POINT (8.604122689000064 52.046392242000081)","Unfall 238953 (2019) Kat:2, Licht: 1","238953","2","6","4","05","20","5","1","1","0","1","0","0"
"POINT (8.537194421000038 52.024758018000057)","Unfall 239088 (2019) Kat:3, Licht: 0","239088","3","2","3","04","10","3","0","0","1","1","0","0"
"POINT (8.518794027000070 52.010718527000051)","Unfall 239174 (2019) Kat:2, Licht: 0","239174","2","2","3","04","15","2","1","0","1","1","0","0"
"POINT (8.523185269000067 52.010773817000029)","Unfall 239175 (2019) Kat:3, Licht: 0","239175","3","5","1","04","08","2","0","0","1","1","0","0"
"POINT (8.582569224000054 51.950226310000062)","Unfall 239340 (2019) Kat:3, Licht: 0","239340","3","4","6","05","14","7","1","0","0","1","1","0"
"POINT (8.571528425000054 51.942566719000069)","Unfall 239341 (2019) Kat:3, Licht: 0","239341","3","6","2","05","12","7","0","0","0","1","0","0"
"POINT (8.535612779000076 52.026949217000038)","Unfall 239342 (2019) Kat:3, Licht: 0","239342","3","6","2","05","17","7","0","0","0","1","0","0"
"POINT (8.589098730000046 52.015553926000052)","Unfall 239405 (2019) Kat:3, Licht: 0","239405","3","2","5","05","12","6","0","0","0","1","0","0"
"POINT (8.603194302000077 52.048427168000046)","Unfall 239531 (2019) Kat:3, Licht: 0","239531","3","1","8","05","18","7","0","0","0","1","0","0"
"POINT (8.535578663000024 52.029613404000031)","Unfall 239537 (2019) Kat:2, Licht: 1","239537","2","7","6","05","07","6","0","1","0","1","1","0"
"POINT (8.566819777000035 52.019734431000074)","Unfall 239538 (2019) Kat:3, Licht: 0","239538","3","7","1","05","14","6","0","0","1","1","0","0"
"POINT (8.529123848000040 52.022889695000060)","Unfall 239679 (2019) Kat:3, Licht: 0","239679","3","1","6","05","13","4","0","0","1","0","1","0"
"POINT (8.561329790000059 52.009907717000033)","Unfall 239842 (2019) Kat:3, Licht: 0","239842","3","3","5","05","12","3","0","0","1","1","0","0"
"POINT (8.536841793000065 52.022131907000073)","Unfall 239917 (2019) Kat:3, Licht: 0","239917","3","3","5","05","12","2","0","0","0","1","0","0"
"POINT (8.529162225000050 52.022687964000056)","Unfall 239918 (2019) Kat:3, Licht: 0","239918","3","2","0","05","07","2","0","0","0","1","0","0"
"POINT (8.512135024000031 51.989685338000072)","Unfall 240014 (2019) Kat:2, Licht: 2","240014","2","1","0","05","03","7","0","2","1","0","0","0"
"POINT (8.588055067000028 51.992494554000075)","Unfall 240015 (2019) Kat:3, Licht: 0","240015","3","6","1","05","11","7","0","0","0","1","0","0"
"POINT (8.588589387000070 51.953746019000050)","Unfall 240089 (2019) Kat:3, Licht: 0","240089","3","5","1","05","19","6","0","0","0","1","0","0"
"POINT (8.539865935000023 52.025130258000047)","Unfall 240090 (2019) Kat:3, Licht: 0","240090","3","6","2","05","12","6","0","0","0","1","0","1"
"POINT (8.559361636000062 52.022214143000042)","Unfall 240091 (2019) Kat:2, Licht: 1","240091","2","6","4","05","20","6","0","1","1","0","0","0"
"POINT (8.555563855000059 52.029550580000034)","Unfall 240174 (2019) Kat:3, Licht: 0","240174","3","7","6","05","11","5","0","0","0","1","1","0"
"POINT (8.503838932000065 52.058223542000064)","Unfall 240175 (2019) Kat:3, Licht: 0","240175","3","3","0","05","18","5","1","0","1","1","0","0"
"POINT (8.593430199000068 51.951544728000044)","Unfall 240286 (2019) Kat:3, Licht: 0","240286","3","6","2","05","20","4","0","0","1","0","0","0"
"POINT (8.522827416000041 52.016390271000034)","Unfall 240287 (2019) Kat:3, Licht: 0","240287","3","7","4","05","20","4","0","0","1","1","0","0"
"POINT (8.535491415000024 52.023569076000058)","Unfall 240288 (2019) Kat:3, Licht: 0","240288","3","3","5","05","12","4","0","0","1","1","0","0"
"POINT (8.522594322000032 52.015663555000060)","Unfall 240363 (2019) Kat:3, Licht: 0","240363","3","2","0","05","16","3","0","0","1","1","0","0"
"POINT (8.604402210000046 52.042700471000046)","Unfall 240364 (2019) Kat:3, Licht: 0","240364","3","3","5","05","10","3","1","0","0","1","0","0"
"POINT (8.481886346000067 51.963430603000063)","Unfall 240436 (2019) Kat:3, Licht: 0","240436","3","1","9","05","16","2","0","0","0","1","0","0"
"POINT (8.568526213000041 52.024683678000031)","Unfall 240495 (2019) Kat:2, Licht: 0","240495","2","6","0","05","17","1","0","0","0","0","0","1"
"POINT (8.608541932000037 51.954610465000030)","Unfall 240866 (2019) Kat:1, Licht: 0","240866","1","2","5","05","13","4","0","0","0","1","0","1"
"POINT (8.543277240000066 52.025146882000058)","Unfall 240932 (2019) Kat:3, Licht: 0","240932","3","2","0","05","15","3","0","0","0","1","0","1"
"POINT (8.645846149000022 52.047411027000066)","Unfall 240991 (2019) Kat:3, Licht: 0","240991","3","7","1","05","15","2","0","0","0","1","0","0"
"POINT (8.514758205000021 51.987846541000067)","Unfall 241082 (2019) Kat:3, Licht: 0","241082","3","7","1","06","16","1","0","0","0","1","1","0"
"POINT (8.594160400000021 52.051218815000027)","Unfall 241156 (2019) Kat:3, Licht: 0","241156","3","2","6","06","16","7","0","0","0","1","1","0"
"POINT (8.572713612000030 51.951809204000028)","Unfall 241226 (2019) Kat:3, Licht: 0","241226","3","1","0","05","11","6","0","0","0","1","0","0"
"POINT (8.519610527000054 51.966106792000062)","Unfall 241228 (2019) Kat:3, Licht: 0","241228","3","2","5","05","19","6","0","0","1","1","0","0"
"POINT (8.532326934000025 52.027424940000060)","Unfall 241229 (2019) Kat:3, Licht: 0","241229","3","6","2","05","17","6","0","0","0","1","0","1"
"POINT (8.608143250000069 52.027608278000059)","Unfall 241279 (2019) Kat:3, Licht: 0","241279","3","3","5","06","10","5","1","0","0","1","0","0"
"POINT (8.599807627000075 51.928538336000031)","Unfall 241365 (2019) Kat:3, Licht: 0","241365","3","3","5","06","07","4","0","0","0","1","0","1"
"POINT (8.491545431000077 52.043939846000058)","Unfall 241366 (2019) Kat:2, Licht: 0","241366","2","3","5","06","17","4","0","0","1","1","0","0"
"POINT (8.534378792000041 52.020212097000069)","Unfall 241547 (2019) Kat:3, Licht: 0","241547","3","3","5","06","19","1","0","0","0","1","0","1"
"POINT (8.540527816000065 52.018130829000029)","Unfall 241603 (2019) Kat:3, Licht: 2","241603","3","1","1","06","00","7","0","2","1","1","0","0"
"POINT (8.485790005000069 51.986084263000066)","Unfall 241980 (2019) Kat:3, Licht: 0","241980","3","3","5","06","18","3","0","0","1","1","0","0"
"POINT (8.534415536000040 52.024667635000071)","Unfall 241981 (2019) Kat:3, Licht: 0","241981","3","2","3","06","11","3","0","0","0","1","0","0"
"POINT (8.581985474000021 51.945121252000035)","Unfall 242145 (2019) Kat:3, Licht: 0","242145","3","2","5","06","10","7","0","0","1","0","0","0"
"POINT (8.534974010000042 52.024760720000074)","Unfall 242146 (2019) Kat:3, Licht: 0","242146","3","4","6","06","12","7","0","0","0","1","1","0"
"POINT (8.523072063000029 52.002044527000066)","Unfall 242254 (2019) Kat:2, Licht: 0","242254","2","7","0","06","08","6","0","0","0","1","0","0"
"POINT (8.532095250000054 52.026276358000075)","Unfall 242255 (2019) Kat:3, Licht: 0","242255","3","7","8","06","16","6","0","0","1","1","0","0"
"POINT (8.538159968000059 52.033347411000079)","Unfall 242256 (2019) Kat:3, Licht: 0","242256","3","2","3","06","14","6","0","0","1","1","1","0"
"POINT (8.526159744000040 52.029249352000079)","Unfall 242257 (2019) Kat:3, Licht: 0","242257","3","2","5","06","07","6","0","0","0","1","0","1"
"POINT (8.486188203000040 52.043599236000034)","Unfall 242483 (2019) Kat:3, Licht: 0","242483","3","6","3","06","17","4","0","0","1","1","0","0"
"POINT (8.584035828000026 51.945636996000076)","Unfall 242534 (2019) Kat:3, Licht: 0","242534","3","7","6","06","08","2","0","0","0","1","1","0"
"POINT (8.528925047000030 52.022843661000081)","Unfall 242536 (2019) Kat:3, Licht: 0","242536","3","2","5","06","07","2","0","0","1","1","0","0"
"POINT (8.518834058000039 52.037957756000026)","Unfall 242537 (2019) Kat:2, Licht: 2","242537","2","1","0","06","22","2","0","2","0","0","0","1"
"POINT (8.522827416000041 52.016390271000034)","Unfall 242672 (2019) Kat:3, Licht: 0","242672","3","6","2","06","18","6","0","0","0","1","0","0"
"POINT (8.610413240000071 52.033370834000038)","Unfall 242730 (2019) Kat:3, Licht: 2","242730","3","1","8","06","01","5","1","2","0","1","0","0"
"POINT (8.585921027000040 52.033890084000063)","Unfall 242809 (2019) Kat:3, Licht: 0","242809","3","7","3","06","21","7","0","0","0","1","0","1"
"POINT (8.514884684000037 51.987775147000036)","Unfall 242877 (2019) Kat:3, Licht: 0","242877","3","6","0","06","11","3","0","0","0","1","0","0"
"POINT (8.497896432000061 52.038939797000069)","Unfall 242878 (2019) Kat:3, Licht: 0","242878","3","3","5","06","14","3","0","0","0","1","0","1"
"POINT (8.592442257000073 51.937812932000043)","Unfall 242986 (2019) Kat:3, Licht: 0","242986","3","3","0","06","08","2","0","0","1","1","0","0"
"POINT (8.605372430000045 52.040776841000081)","Unfall 242987 (2019) Kat:3, Licht: 0","242987","3","6","3","06","10","2","0","0","0","1","0","0"
"POINT (8.533745551000038 52.028939122000054)","Unfall 242988 (2019) Kat:2, Licht: 0","242988","2","5","0","06","08","2","0","0","0","1","0","0"
"POINT (8.532912302000057 52.030237037000063)","Unfall 243051 (2019) Kat:3, Licht: 0","243051","3","3","5","06","18","1","0","0","1","1","0","0"
"POINT (8.514812713000026 52.036295566000035)","Unfall 243099 (2019) Kat:3, Licht: 0","243099","3","2","5","06","14","4","0","0","1","0","0","0"
"POINT (8.638649411000074 52.043713338000032)","Unfall 243100 (2019) Kat:3, Licht: 0","243100","3","5","1","06","07","4","0","0","1","1","0","0"
"POINT (8.584509776000061 51.944514763000029)","Unfall 243101 (2019) Kat:3, Licht: 0","243101","3","6","2","06","17","4","0","0","0","1","0","0"
"POINT (8.475361035000049 51.998592338000037)","Unfall 243159 (2019) Kat:3, Licht: 0","243159","3","5","1","06","15","6","0","0","0","1","0","0"
"POINT (8.633263877000047 51.948585311000045)","Unfall 243160 (2019) Kat:2, Licht: 0","243160","2","3","5","06","10","6","0","0","1","0","0","0"
"POINT (8.625082984000073 52.014361201000042)","Unfall 243161 (2019) Kat:3, Licht: 0","243161","3","3","5","06","07","6","0","0","0","1","0","0"
"POINT (8.528871474000027 52.024063583000043)","Unfall 243250 (2019) Kat:3, Licht: 0","243250","3","6","2","06","12","5","0","0","0","1","0","0"
"POINT (8.505426622000073 52.045122125000034)","Unfall 243251 (2019) Kat:3, Licht: 0","243251","3","2","5","06","18","5","0","0","1","1","0","0"
"POINT (8.508063740000068 51.961931874000072)","Unfall 243385 (2019) Kat:3, Licht: 0","243385","3","4","5","07","18","2","0","0","0","1","1","0"
"POINT (8.533981439000058 52.028296210000065)","Unfall 243386 (2019) Kat:3, Licht: 0","243386","3","4","6","07","11","2","0","0","0","0","1","0"
"POINT (8.518004521000023 52.039526253000076)","Unfall 243387 (2019) Kat:3, Licht: 0","243387","3","3","5","07","15","2","0","0","1","1","0","0"
"POINT (8.533188840000037 52.034373134000077)","Unfall 243388 (2019) Kat:3, Licht: 0","243388","3","6","4","07","17","2","0","0","0","1","0","1"
"POINT (8.541786329000047 52.040011640000046)","Unfall 243389 (2019) Kat:3, Licht: 0","243389","3","3","5","07","06","2","0","0","1","1","0","0"
"POINT (8.530848519000074 52.027380940000057)","Unfall 243538 (2019) Kat:2, Licht: 0","243538","2","7","0","06","16","7","0","0","0","1","1","0"
"POINT (8.509217885000055 51.992002539000055)","Unfall 243690 (2019) Kat:2, Licht: 0","243690","2","3","5","07","14","4","0","0","1","1","0","0"
"POINT (8.497247774000073 51.989001039000073)","Unfall 243691 (2019) Kat:3, Licht: 0","243691","3","2","4","07","07","4","0","0","1","1","0","0"
"POINT (8.563017360000060 52.011508080000056)","Unfall 243692 (2019) Kat:3, Licht: 0","243692","3","6","4","07","07","4","0","0","0","1","0","0"
"POINT (8.487481385000024 52.038290664000044)","Unfall 243788 (2019) Kat:3, Licht: 0","243788","3","7","1","07","10","3","0","0","1","1","0","0"
"POINT (8.532698934000052 52.039194582000050)","Unfall 243903 (2019) Kat:3, Licht: 0","243903","3","2","0","07","14","7","0","0","0","1","0","1"
"POINT (8.563499853000053 52.017861585000048)","Unfall 243995 (2019) Kat:3, Licht: 0","243995","3","3","5","07","07","6","0","0","0","1","0","0"
"POINT (8.517917218000036 51.980486586000040)","Unfall 244136 (2019) Kat:3, Licht: 0","244136","3","3","5","07","17","4","0","0","1","1","0","0"
"POINT (8.563528353000038 52.023536932000070)","Unfall 244137 (2019) Kat:3, Licht: 0","244137","3","7","7","07","08","4","0","0","1","0","0","0"
"POINT (8.507297741000059 51.993551719000038)","Unfall 244224 (2019) Kat:3, Licht: 0","244224","3","1","0","07","13","3","1","0","0","0","0","1"
"POINT (8.535050514000034 52.026078451000046)","Unfall 244225 (2019) Kat:3, Licht: 0","244225","3","3","5","07","17","3","0","0","1","1","0","0"
"POINT (8.542577626000025 52.040538397000034)","Unfall 244227 (2019) Kat:2, Licht: 0","244227","2","3","0","07","18","3","1","0","1","1","0","0"
"POINT (8.523613184000055 51.958636528000056)","Unfall 244306 (2019) Kat:3, Licht: 1","244306","3","6","0","07","20","2","0","1","1","1","0","0"
"POINT (8.565515008000034 52.023587395000050)","Unfall 244308 (2019) Kat:3, Licht: 0","244308","3","3","5","07","07","2","0","0","0","1","0","0"
"POINT (8.490659587000039 52.042260737000049)","Unfall 244309 (2019) Kat:3, Licht: 0","244309","3","2","0","07","10","2","1","0","0","0","1","0"
"POINT (8.526580803000059 52.099943771000028)","Unfall 244310 (2019) Kat:3, Licht: 0","244310","3","7","0","07","14","2","0","0","1","0","1","0"
"POINT (8.558428091000053 52.010184422000066)","Unfall 244367 (2019) Kat:3, Licht: 0","244367","3","1","7","07","08","1","0","0","1","0","0","0"
"POINT (8.611130756000023 51.995982017000074)","Unfall 244488 (2019) Kat:3, Licht: 0","244488","3","6","2","07","10","6","0","0","0","1","0","0"
"POINT (8.530321835000052 52.036925491000034)","Unfall 244489 (2019) Kat:3, Licht: 0","244489","3","5","3","07","09","6","0","0","1","1","0","0"
"POINT (8.534296592000032 52.021901334000063)","Unfall 244573 (2019) Kat:3, Licht: 0","244573","3","7","0","07","18","5","0","0","1","0","0","0"
"POINT (8.513120060000063 52.011508370000058)","Unfall 244695 (2019) Kat:3, Licht: 2","244695","3","5","1","07","23","5","0","2","1","1","0","0"
"POINT (8.503553738000051 52.050066415000060)","Unfall 244703 (2019) Kat:3, Licht: 0","244703","3","2","5","07","20","6","0","0","1","1","0","0"
"POINT (8.479260942000053 51.983985901000040)","Unfall 244767 (2019) Kat:3, Licht: 0","244767","3","3","0","07","18","4","0","0","1","1","0","0"
"POINT (8.505336747000058 51.983990868000035)","Unfall 244819 (2019) Kat:3, Licht: 0","244819","3","7","1","07","19","3","0","0","0","1","1","0"
"POINT (8.534861169000067 52.015325956000027)","Unfall 244820 (2019) Kat:3, Licht: 0","244820","3","7","1","07","17","3","0","0","1","1","0","0"
"POINT (8.526103884000065 52.054735768000057)","Unfall 244821 (2019) Kat:3, Licht: 0","244821","3","3","0","07","06","3","0","0","0","1","0","1"
"POINT (8.517842337000047 51.980936120000081)","Unfall 244891 (2019) Kat:3, Licht: 0","244891","3","2","5","07","18","3","0","0","0","1","0","0"
"POINT (8.529162225000050 52.022687964000056)","Unfall 244981 (2019) Kat:3, Licht: 0","244981","3","2","1","07","18","2","0","0","1","0","0","0"
"POINT (8.517137576000039 52.009696746000031)","Unfall 245089 (2019) Kat:3, Licht: 0","245089","3","2","3","07","12","7","0","0","1","0","0","0"
"POINT (8.586672052000040 51.956232935000060)","Unfall 245373 (2019) Kat:3, Licht: 0","245373","3","4","6","07","20","4","0","0","0","1","1","0"
"POINT (8.512134948000039 52.041912292000063)","Unfall 245374 (2019) Kat:2, Licht: 0","245374","2","7","0","07","07","4","0","0","0","0","0","0"
"POINT (8.536983165000038 52.021396358000061)","Unfall 245375 (2019) Kat:3, Licht: 0","245375","3","2","0","07","18","7","0","0","0","0","0","1"
"POINT (8.525026193000031 52.031467296000073)","Unfall 245376 (2019) Kat:3, Licht: 0","245376","3","3","5","07","08","4","0","0","1","0","0","0"
"POINT (8.528943200000072 52.023645706000082)","Unfall 245388 (2019) Kat:3, Licht: 0","245388","3","2","5","07","11","7","0","0","0","1","0","1"
"POINT (8.635840629000029 52.056754883000053)","Unfall 245398 (2019) Kat:3, Licht: 0","245398","3","1","2","07","19","7","0","0","0","1","0","0"
"POINT (8.494622911000022 51.998673555000039)","Unfall 245487 (2019) Kat:3, Licht: 0","245487","3","2","5","07","16","4","0","0","0","1","0","0"
"POINT (8.645640820000040 51.985624754000071)","Unfall 245488 (2019) Kat:3, Licht: 0","245488","3","4","0","07","08","4","0","0","0","1","1","0"
"POINT (8.470677412000043 52.043718847000036)","Unfall 245489 (2019) Kat:3, Licht: 2","245489","3","7","3","07","02","4","0","2","1","0","0","0"
"POINT (8.473450424000021 52.044492156000047)","Unfall 245490 (2019) Kat:3, Licht: 0","245490","3","1","0","07","14","4","0","0","1","0","0","0"
"POINT (8.537956040000040 52.026269401000036)","Unfall 245610 (2019) Kat:3, Licht: 0","245610","3","2","5","07","06","2","0","0","0","1","1","0"
"POINT (8.552888615000029 52.057063835000065)","Unfall 245659 (2019) Kat:3, Licht: 0","245659","3","1","0","07","19","1","0","0","1","0","0","0"
"POINT (8.514715455000044 52.012783969000054)","Unfall 245686 (2019) Kat:3, Licht: 0","245686","3","3","5","08","08","2","0","0","1","1","0","0"
"POINT (8.521668460000058 52.013914049000050)","Unfall 245845 (2019) Kat:3, Licht: 0","245845","3","7","0","08","20","6","0","0","1","1","0","0"
"POINT (8.535695367000074 52.014501358000075)","Unfall 245846 (2019) Kat:3, Licht: 0","245846","3","6","3","08","14","6","0","0","1","1","0","0"
"POINT (8.519705011000042 52.042721723000056)","Unfall 245847 (2019) Kat:3, Licht: 0","245847","3","3","5","08","17","6","0","0","0","1","0","1"
"POINT (8.539176902000065 52.040111450000040)","Unfall 245848 (2019) Kat:3, Licht: 0","245848","3","3","5","08","06","6","0","0","0","1","0","0"
"POINT (8.524411425000039 52.028761249000070)","Unfall 245899 (2019) Kat:3, Licht: 0","245899","3","3","0","08","09","5","0","0","0","1","0","0"
"POINT (8.552741897000033 52.023994582000057)","Unfall 245946 (2019) Kat:3, Licht: 0","245946","3","2","5","08","13","6","0","0","0","1","0","0"
"POINT (8.533075721000046 52.023220280000032)","Unfall 246013 (2019) Kat:3, Licht: 0","246013","3","4","6","08","12","5","0","0","1","0","1","0"
"POINT (8.536716630000058 52.017316976000075)","Unfall 246129 (2019) Kat:2, Licht: 0","246129","2","3","5","08","10","3","0","0","0","1","0","0"
"POINT (8.540883174000044 52.026735248000080)","Unfall 246130 (2019) Kat:3, Licht: 0","246130","3","3","0","08","09","3","1","0","0","1","0","1"
"POINT (8.493130172000065 51.999221626000065)","Unfall 246225 (2019) Kat:3, Licht: 2","246225","3","1","9","08","23","3","1","2","0","1","0","0"
"POINT (8.479171785000062 51.981136373000027)","Unfall 246293 (2019) Kat:3, Licht: 0","246293","3","2","3","08","17","2","1","0","1","1","0","0"
"POINT (8.545576947000029 52.049192932000039)","Unfall 246294 (2019) Kat:3, Licht: 0","246294","3","7","0","08","19","2","1","0","1","0","0","0"
"POINT (8.510546573000056 52.044660414000077)","Unfall 246330 (2019) Kat:3, Licht: 0","246330","3","3","5","08","09","1","0","0","1","1","0","0"
"POINT (8.512338577000037 51.985832028000061)","Unfall 246629 (2019) Kat:3, Licht: 0","246629","3","7","3","08","10","5","0","0","0","1","0","0"
"POINT (8.589198150000073 52.001959236000062)","Unfall 246630 (2019) Kat:3, Licht: 0","246630","3","5","1","08","09","5","1","0","0","1","0","0"
"POINT (8.503711212000042 51.996380475000080)","Unfall 246696 (2019) Kat:3, Licht: 0","246696","3","5","1","08","13","6","0","0","0","1","0","0"
"POINT (8.575845585000025 52.029296888000033)","Unfall 246789 (2019) Kat:3, Licht: 0","246789","3","2","1","08","09","5","0","0","1","0","0","0"
"POINT (8.518224495000027 52.021772776000034)","Unfall 246859 (2019) Kat:3, Licht: 0","246859","3","6","2","08","10","4","0","0","0","1","0","0"
"POINT (8.580424196000024 51.943975834000071)","Unfall 246983 (2019) Kat:2, Licht: 0","246983","2","6","4","08","11","3","0","0","1","0","0","0"
"POINT (8.566699555000071 52.020606734000069)","Unfall 246993 (2019) Kat:3, Licht: 0","246993","3","6","2","08","16","3","0","0","0","1","0","0"
"POINT (8.490636881000057 51.985425409000072)","Unfall 247023 (2019) Kat:3, Licht: 0","247023","3","1","0","08","14","2","0","0","1","1","0","0"
"POINT (8.534255049000024 51.969960834000062)","Unfall 247024 (2019) Kat:2, Licht: 0","247024","2","2","4","08","08","2","0","0","1","1","0","0"
"POINT (8.458993281000062 51.999575967000055)","Unfall 247025 (2019) Kat:3, Licht: 0","247025","3","3","5","08","13","2","0","0","1","1","0","0"
"POINT (8.514046428000029 52.058961605000036)","Unfall 247162 (2019) Kat:3, Licht: 2","247162","3","1","0","08","23","7","0","2","1","0","0","0"
"POINT (8.542093746000035 52.023068921000061)","Unfall 247421 (2019) Kat:3, Licht: 2","247421","3","1","1","08","02","4","0","2","1","1","0","0"
"POINT (8.541536940000071 52.016504798000028)","Unfall 247559 (2019) Kat:3, Licht: 0","247559","3","7","0","09","14","2","0","0","1","0","1","0"
"POINT (8.549997039000061 52.057445868000059)","Unfall 247561 (2019) Kat:3, Licht: 0","247561","3","2","5","09","17","2","0","0","1","1","0","0"
"POINT (8.528489189000027 52.047648770000080)","Unfall 247615 (2019) Kat:3, Licht: 2","247615","3","1","1","09","00","1","1","2","1","1","0","0"
"POINT (8.529735373000051 52.027828163000038)","Unfall 247710 (2019) Kat:2, Licht: 2","247710","2","1","0","08","01","7","0","2","1","0","0","0"
"POINT (8.510160657000029 51.991268478000052)","Unfall 247863 (2019) Kat:3, Licht: 0","247863","3","4","6","09","13","5","0","0","1","0","1","0"
"POINT (8.565662683000028 52.023218387000043)","Unfall 247937 (2019) Kat:3, Licht: 2","247937","3","4","6","09","22","4","1","2","0","1","1","0"
"POINT (8.548718050000048 52.070716814000036)","Unfall 247938 (2019) Kat:3, Licht: 0","247938","3","4","6","09","12","4","0","0","0","1","1","0"
"POINT (8.566580244000022 52.018024825000055)","Unfall 247960 (2019) Kat:3, Licht: 0","247960","3","2","5","09","14","3","0","0","0","1","0","1"
"POINT (8.497236800000053 51.993462418000036)","Unfall 247966 (2019) Kat:3, Licht: 0","247966","3","6","2","09","15","3","0","0","1","1","0","0"
"POINT (8.554390180000041 52.029235232000076)","Unfall 248064 (2019) Kat:3, Licht: 0","248064","3","6","2","09","13","3","0","0","0","1","0","1"
"POINT (8.518147994000060 51.977583590000052)","Unfall 248400 (2019) Kat:2, Licht: 2","248400","2","2","4","09","20","5","0","2","0","1","0","1"
"POINT (8.508905233000064 52.032897184000035)","Unfall 248401 (2019) Kat:3, Licht: 0","248401","3","3","0","09","15","5","0","0","1","1","0","0"