WKT,Name,OBJECTID,UKATEGORIE,UTYP1,UART,UMONAT,USTUNDE,UWOCHENTAG,STRZUSTAND,ULICHTVERH,ISTRAD,ISTPKW,ISTFUSS,ISTKRAD
"POINT (8.519908063000059 51.964003483000056)","Unfall 248633 (2019) Kat:3, Licht: 0","248633","3","3","5","09","07","2","1","0","1","1","0","0"
"POINT (8.514888733000021 51.987772695000046)","Unfall 248653 (2019) Kat:3, Licht: 0","248653","3","6","2","09","12","4","0","0","0","1","0","0"
"POINT (8.577685737000024 51.994002229000046)","Unfall 248692 (2019) Kat:2, Licht: 2","248692","2","7","4","09","06","4","0","2","0","1","0","0"
"POINT (8.545807915000069 52.044372090000081)","Unfall 248753 (2019) Kat:3, Licht: 1","248753","3","2","6","09","06","4","0","1","0","1","1","0"
"POINT (8.582282688000021 51.945110776000035)","Unfall 248765 (2019) Kat:3, Licht: 0","248765","3","2","5","09","15","7","0","0","0","1","0","0"
"POINT (8.529121605000057 52.022903394000082)","Unfall 248853 (2019) Kat:3, Licht: 0","248853","3","2","3","09","16","7","0","0","1","1","0","0"
"POINT (8.528040483000041 52.019057371000031)","Unfall 248856 (2019) Kat:3, Licht: 0","248856","3","3","0","09","07","6","0","0","1","0","0","0"
"POINT (8.532854561000022 52.038525568000068)","Unfall 248857 (2019) Kat:3, Licht: 0","248857","3","3","5","09","07","6","0","0","1","1","0","0"
"POINT (8.533688141000027 51.961786900000050)","Unfall 248959 (2019) Kat:3, Licht: 0","248959","3","3","1","09","07","5","0","0","1","0","0","0"
"POINT (8.539722260000076 52.021412005000059)","Unfall 249064 (2019) Kat:3, Licht: 2","249064","3","7","5","09","20","3","0","2","0","1","0","0"
"POINT (8.564382108000075 52.025960850000047)","Unfall 249066 (2019) Kat:3, Licht: 1","249066","3","1","5","09","19","3","0","1","1","1","0","0"
"POINT (8.527501282000060 52.047751152000046)","Unfall 249067 (2019) Kat:3, Licht: 0","249067","3","1","8","09","11","3","0","0","0","1","0","0"
"POINT (8.528506988000061 52.045791230000077)","Unfall 249068 (2019) Kat:2, Licht: 2","249068","2","5","3","09","06","3","1","2","0","1","0","1"
"POINT (8.566201468000031 52.016430836000040)","Unfall 249150 (2019) Kat:3, Licht: 0","249150","3","1","1","09","18","2","0","0","1","1","0","0"
"POINT (8.551514458000042 52.025351730000068)","Unfall 249151 (2019) Kat:3, Licht: 0","249151","3","2","6","09","11","2","1","0","0","1","1","0"
"POINT (8.534907532000034 52.025931127000035)","Unfall 249152 (2019) Kat:3, Licht: 0","249152","3","6","2","09","08","2","1","0","0","1","0","0"
"POINT (8.510358216000043 52.036458231000040)","Unfall 249153 (2019) Kat:3, Licht: 0","249153","3","6","0","09","14","2","0","0","0","1","0","1"
"POINT (8.536054732000025 52.032091612000045)","Unfall 249154 (2019) Kat:3, Licht: 0","249154","3","3","5","09","08","2","1","0","1","1","0","0"
"POINT (8.513425069000050 51.988448560000052)","Unfall 249215 (2019) Kat:3, Licht: 0","249215","3","6","8","09","17","1","0","0","1","0","0","0"
"POINT (8.519856495000056 52.029527950000045)","Unfall 249216 (2019) Kat:3, Licht: 0","249216","3","5","1","09","14","1","0","0","1","1","0","0"
"POINT (8.544141794000041 52.044532844000059)","Unfall 249218 (2019) Kat:2, Licht: 0","249218","2","2","5","09","11","1","0","0","0","1","0","0"
"POINT (8.601238526000032 52.012078295000038)","Unfall 249357 (2019) Kat:3, Licht: 0","249357","3","1","2","09","17","6","0","0","0","1","0","0"
"POINT (8.544038329000046 52.045428822000076)","Unfall 249358 (2019) Kat:2, Licht: 2","249358","2","2","5","09","22","6","0","2","0","1","0","1"
"POINT (8.526641639000047 52.025001148000058)","Unfall 249359 (2019) Kat:3, Licht: 0","249359","3","3","0","09","11","6","0","0","1","0","0","0"
"POINT (8.479171785000062 51.981136373000027)","Unfall 249462 (2019) Kat:2, Licht: 0","249462","2","3","5","09","14","5","0","0","1","1","0","0"
"POINT (8.501768318000075 51.997943618000079)","Unfall 249463 (2019) Kat:3, Licht: 2","249463","3","1","2","09","21","5","1","2","0","1","0","0"
"POINT (8.500183976000074 51.975450885000043)","Unfall 249680 (2019) Kat:2, Licht: 2","249680","2","6","4","10","19","3","0","2","1","0","0","0"
"POINT (8.594452487000069 52.015130522000049)","Unfall 249681 (2019) Kat:2, Licht: 0","249681","2","3","5","10","16","3","0","0","1","1","0","0"
"POINT (8.537119696000048 52.030522658000052)","Unfall 249682 (2019) Kat:2, Licht: 2","249682","2","7","3","10","19","3","1","2","0","1","0","0"
"POINT (8.539853131000029 52.024691983000082)","Unfall 249765 (2019) Kat:3, Licht: 0","249765","3","1","5","09","13","2","0","0","0","0","0","1"
"POINT (8.547853476000057 52.019935160000045)","Unfall 249787 (2019) Kat:3, Licht: 0","249787","3","7","5","09","09","1","1","0","0","1","0","0"
"POINT (8.496960111000021 51.992607181000039)","Unfall 249857 (2019) Kat:3, Licht: 0","249857","3","2","5","10","15","2","0","0","1","1","0","0"
"POINT (8.532440592000057 52.040783142000066)","Unfall 249859 (2019) Kat:3, Licht: 0","249859","3","3","0","10","09","2","0","0","0","1","0","0"
"POINT (8.530661621000036 52.017239033000067)","Unfall 249860 (2019) Kat:2, Licht: 0","249860","2","1","0","10","14","2","0","0","1","0","0","0"
"POINT (8.558862105000060 52.052075204000062)","Unfall 249946 (2019) Kat:2, Licht: 0","249946","2","4","6","10","13","3","1","0","0","1","1","0"
"POINT (8.534655208000061 52.020190270000057)","Unfall 250033 (2019) Kat:3, Licht: 0","250033","3","6","1","10","17","6","1","0","0","1","0","0"
"POINT (8.533427055000061 52.012645738000060)","Unfall 250061 (2019) Kat:2, Licht: 2","250061","2","5","0","10","18","3","1","2","0","1","0","1"
"POINT (8.504577360000042 52.000494353000079)","Unfall 250066 (2019) Kat:3, Licht: 0","250066","3","5","0","10","13","5","1","0","1","1","0","0"
"POINT (8.514884684000037 51.987775147000036)","Unfall 250136 (2019) Kat:2, Licht: 0","250136","2","2","6","10","12","6","0","0","0","1","1","0"
"POINT (8.522372625000060 52.013581073000068)","Unfall 250137 (2019) Kat:2, Licht: 0","250137","2","5","0","10","08","6","1","0","1","1","0","0"
"POINT (8.637123878000068 52.047620253000048)","Unfall 250355 (2019) Kat:3, Licht: 0","250355","3","4","6","10","16","4","0","0","0","1","1","0"
"POINT (8.594356685000037 51.956659628000068)","Unfall 250425 (2019) Kat:3, Licht: 0","250425","3","2","5","10","17","3","0","0","1","1","0","0"
"POINT (8.496928152000066 51.992597389000082)","Unfall 250491 (2019) Kat:3, Licht: 1","250491","3","3","5","10","06","2","0","1","1","1","0","0"
"POINT (8.531800861000022 52.027366861000075)","Unfall 250492 (2019) Kat:3, Licht: 0","250492","3","2","6","10","09","2","0","0","0","1","1","0"
"POINT (8.651247748000060 51.982277819000046)","Unfall 250574 (2019) Kat:2, Licht: 1","250574","2","1","0","10","19","7","0","1","1","0","0","0"
"POINT (8.494128666000052 51.992305453000029)","Unfall 250719 (2019) Kat:3, Licht: 0","250719","3","1","0","10","16","6","0","0","0","0","0","1"
"POINT (8.530058089000022 52.040937815000063)","Unfall 250720 (2019) Kat:3, Licht: 2","250720","3","1","0","10","05","6","1","2","1","0","0","0"
"POINT (8.559222222000074 52.004482887000052)","Unfall 250722 (2019) Kat:3, Licht: 0","250722","3","3","0","10","12","6","0","0","1","0","0","0"
"POINT (8.539722260000076 52.021412005000059)","Unfall 250776 (2019) Kat:3, Licht: 0","250776","3","2","0","10","14","5","1","0","0","0","0","1"
"POINT (8.507114754000043 52.033675052000035)","Unfall 250777 (2019) Kat:3, Licht: 0","250777","3","2","3","10","10","5","1","0","0","1","0","0"
"POINT (8.506278699000063 51.994338743000071)","Unfall 250936 (2019) Kat:3, Licht: 0","250936","3","2","3","10","14","5","0","0","1","1","0","0"
"POINT (8.503732299000035 51.996974773000034)","Unfall 250993 (2019) Kat:3, Licht: 0","250993","3","3","5","10","15","4","0","0","1","1","0","0"
"POINT (8.622174840000071 52.014472950000027)","Unfall 250994 (2019) Kat:3, Licht: 0","250994","3","7","6","10","11","4","0","0","0","0","1","0"
"POINT (8.528943200000072 52.023645706000082)","Unfall 251100 (2019) Kat:2, Licht: 0","251100","2","2","2","10","13","2","0","0","0","1","0","1"
"POINT (8.533588314000042 52.018188102000067)","Unfall 251101 (2019) Kat:2, Licht: 0","251101","2","2","5","10","09","2","1","0","0","1","0","1"
"POINT (8.528856151000070 52.024136517000045)","Unfall 251102 (2019) Kat:3, Licht: 0","251102","3","6","2","10","11","2","0","0","0","1","0","0"
"POINT (8.544202299000062 52.043210874000067)","Unfall 251103 (2019) Kat:2, Licht: 0","251103","2","3","0","10","13","2","0","0","1","0","0","0"
"POINT (8.561137030000054 52.008908865000080)","Unfall 251104 (2019) Kat:3, Licht: 0","251104","3","6","5","10","10","2","1","0","0","1","0","0"
"POINT (8.535153157000025 52.034052843000040)","Unfall 251105 (2019) Kat:3, Licht: 0","251105","3","1","8","10","15","2","0","0","0","1","0","0"
"POINT (8.507572288000063 51.989536621000070)","Unfall 251188 (2019) Kat:3, Licht: 2","251188","3","7","6","10","19","4","0","2","0","0","1","0"
"POINT (8.516868530000068 52.009531304000063)","Unfall 251213 (2019) Kat:3, Licht: 2","251213","3","3","5","10","17","4","0","2","1","1","0","0"
"POINT (8.564381552000043 52.026002956000070)","Unfall 251227 (2019) Kat:3, Licht: 0","251227","3","3","5","10","15","4","0","0","1","1","0","0"
"POINT (8.517139635000035 52.082811986000081)","Unfall 251341 (2019) Kat:3, Licht: 2","251341","3","2","5","10","21","7","0","2","0","1","0","0"
"POINT (8.575066354000057 52.022938489000069)","Unfall 251395 (2019) Kat:3, Licht: 0","251395","3","1","7","11","10","1","0","0","0","1","0","0"
"POINT (8.541064460000030 52.032817482000041)","Unfall 251441 (2019) Kat:3, Licht: 0","251441","3","6","2","11","12","7","0","0","1","1","0","0"
"POINT (8.546243076000053 52.020902067000065)","Unfall 251477 (2019) Kat:3, Licht: 2","251477","3","5","0","11","10","6","1","2","0","1","0","0"
"POINT (8.528666135000037 52.025134703000049)","Unfall 251568 (2019) Kat:3, Licht: 0","251568","3","7","0","10","15","5","0","0","1","0","1","0"
"POINT (8.519166987000062 51.967974050000066)","Unfall 251712 (2019) Kat:3, Licht: 2","251712","3","2","5","11","21","4","1","2","1","1","0","0"
"POINT (8.514884684000037 51.987775147000036)","Unfall 251713 (2019) Kat:3, Licht: 2","251713","3","6","2","11","20","4","1","2","0","1","0","0"
"POINT (8.501355654000065 52.036802489000081)","Unfall 251714 (2019) Kat:3, Licht: 0","251714","3","6","4","11","12","4","1","0","1","1","0","0"
"POINT (8.524615715000039 52.004936500000042)","Unfall 251818 (2019) Kat:3, Licht: 1","251818","3","3","5","11","16","3","1","1","1","1","0","0"
"POINT (8.529122282000060 52.022899257000063)","Unfall 251820 (2019) Kat:3, Licht: 1","251820","3","2","5","11","16","3","0","1","1","1","0","0"
"POINT (8.553254978000041 51.962637292000068)","Unfall 251826 (2019) Kat:3, Licht: 0","251826","3","3","5","11","07","5","0","0","1","1","0","0"
"POINT (8.515555066000047 52.070938177000073)","Unfall 251967 (2019) Kat:3, Licht: 1","251967","3","1","0","11","17","1","0","1","0","0","0","1"
"POINT (8.608281901000055 52.067283911000061)","Unfall 251968 (2019) Kat:3, Licht: 0","251968","3","1","0","11","09","1","1","0","0","0","0","1"
"POINT (8.548794340000029 52.007012384000063)","Unfall 252016 (2019) Kat:3, Licht: 2","252016","3","6","2","11","17","7","0","2","0","1","0","0"
"POINT (8.564417755000022 52.012608188000058)","Unfall 252018 (2019) Kat:3, Licht: 2","252018","3","1","2","11","02","7","0","2","1","0","0","0"
"POINT (8.579786724000030 52.068918130000043)","Unfall 252107 (2019) Kat:2, Licht: 0","252107","2","4","6","11","14","6","0","0","0","1","1","0"
"POINT (8.596402245000036 51.933369241000037)","Unfall 252108 (2019) Kat:1, Licht: 0","252108","1","6","3","11","14","6","0","0","1","1","0","0"
"POINT (8.509317045000046 51.978989920000060)","Unfall 252219 (2019) Kat:3, Licht: 2","252219","3","2","5","11","19","5","0","2","0","1","0","0"
"POINT (8.485633331000031 51.985968883000055)","Unfall 252300 (2019) Kat:2, Licht: 2","252300","2","6","4","11","06","4","2","2","0","0","0","0"
"POINT (8.595459015000074 51.951656517000060)","Unfall 252301 (2019) Kat:3, Licht: 0","252301","3","3","5","11","10","4","1","0","0","1","0","0"
"POINT (8.565680444000066 52.023175946000038)","Unfall 252303 (2019) Kat:3, Licht: 2","252303","3","6","2","11","17","4","1","2","0","1","0","0"
"POINT (8.519794506000039 52.090071150000028)","Unfall 252304 (2019) Kat:3, Licht: 2","252304","3","1","9","11","06","4","2","2","0","1","0","0"
"POINT (8.530360057000053 52.018832178000082)","Unfall 252393 (2019) Kat:3, Licht: 2","252393","3","2","6","11","18","3","1","2","0","1","1","0"
"POINT (8.560587707000025 52.007275566000033)","Unfall 252474 (2019) Kat:3, Licht: 0","252474","3","5","0","11","13","3","1","0","0","1","0","1"
"POINT (8.503714858000024 51.996377232000043)","Unfall 252564 (2019) Kat:2, Licht: 0","252564","2","5","1","11","09","2","1","0","0","1","0","1"
"POINT (8.577716990000056 51.954060817000027)","Unfall 252698 (2019) Kat:2, Licht: 2","252698","2","4","6","11","17","7","0","2","0","1","1","0"
"POINT (8.532731062000039 52.039173979000054)","Unfall 252758 (2019) Kat:3, Licht: 0","252758","3","6","2","11","15","6","0","0","0","1","0","0"
"POINT (8.523464491000027 52.036637933000065)","Unfall 252759 (2019) Kat:3, Licht: 0","252759","3","2","0","11","15","6","1","0","1","1","0","0"
"POINT (8.507443183000021 51.989455381000028)","Unfall 252835 (2019) Kat:3, Licht: 2","252835","3","5","0","11","16","5","0","2","0","1","1","0"
"POINT (8.559764170000051 52.005256872000075)","Unfall 252836 (2019) Kat:3, Licht: 2","252836","3","7","5","11","19","5","0","2","0","1","0","0"
"POINT (8.512338577000037 51.985832028000061)","Unfall 252921 (2019) Kat:3, Licht: 1","252921","3","2","5","11","16","4","0","1","0","1","0","0"
"POINT (8.534403788000077 52.020347981000043)","Unfall 252936 (2019) Kat:2, Licht: 0","252936","2","4","0","11","15","5","1","0","0","0","1","0"
"POINT (8.479178260000026 51.981141343000047)","Unfall 253018 (2019) Kat:3, Licht: 0","253018","3","3","5","11","15","4","0","0","0","1","0","0"
"POINT (8.531663373000072 52.027344450000044)","Unfall 253019 (2019) Kat:3, Licht: 0","253019","3","2","5","11","08","4","1","0","1","1","0","0"
"POINT (8.564469549000023 52.033720143000039)","Unfall 253276 (2019) Kat:3, Licht: 0","253276","3","3","5","11","14","7","0","0","0","1","0","0"
"POINT (8.533622678000029 52.028868765000027)","Unfall 253277 (2019) Kat:3, Licht: 0","253277","3","7","6","11","14","7","0","0","0","1","1","0"
"POINT (8.520989244000020 52.012755734000052)","Unfall 253356 (2019) Kat:3, Licht: 0","253356","3","1","0","11","13","6","1","0","0","1","0","0"
"POINT (8.529516224000076 52.044735225000068)","Unfall 253421 (2019) Kat:3, Licht: 2","253421","3","1","0","12","17","2","1","2","1","0","0","0"
"POINT (8.510006355000030 52.005402984000057)","Unfall 253564 (2019) Kat:3, Licht: 0","253564","3","2","5","12","11","4","0","0","0","1","0","0"
"POINT (8.561309025000071 52.009712533000027)","Unfall 253565 (2019) Kat:3, Licht: 0","253565","3","1","6","12","14","4","0","0","0","1","1","0"
"POINT (8.621400583000025 51.988699132000079)","Unfall 253566 (2019) Kat:3, Licht: 1","253566","3","3","5","12","07","4","1","1","1","1","0","0"
"POINT (8.543269666000072 52.040691748000029)","Unfall 253567 (2019) Kat:3, Licht: 2","253567","3","1","9","12","00","4","0","2","0","1","0","0"
"POINT (8.577360650000060 52.041106227000057)","Unfall 253645 (2019) Kat:3, Licht: 2","253645","3","3","5","12","19","3","1","2","1","1","0","0"
"POINT (8.583339181000042 51.998584881000056)","Unfall 253646 (2019) Kat:3, Licht: 0","253646","3","2","6","12","07","3","0","0","0","1","1","0"
"POINT (8.553058257000032 52.017353981000042)","Unfall 253660 (2019) Kat:2, Licht: 2","253660","2","2","0","12","17","5","0","2","0","1","0","1"
"POINT (8.590808671000048 51.926328491000049)","Unfall 253717 (2019) Kat:3, Licht: 0","253717","3","1","6","12","15","2","1","0","0","0","1","0"
"POINT (8.539757755000039 52.026869992000059)","Unfall 253718 (2019) Kat:3, Licht: 2","253718","3","2","6","12","17","2","1","2","0","1","1","0"
"POINT (8.518157119000023 52.055707824000081)","Unfall 253719 (2019) Kat:2, Licht: 2","253719","2","3","5","12","18","2","1","2","1","1","0","0"
"POINT (8.521588107000071 52.020937351000043)","Unfall 253720 (2019) Kat:2, Licht: 2","253720","2","3","5","12","17","2","1","2","1","1","0","0"
"POINT (8.633148106000022 51.949412502000030)","Unfall 253795 (2019) Kat:2, Licht: 0","253795","2","4","6","12","12","7","1","0","0","1","1","0"
"POINT (8.509568896000076 51.987347510000063)","Unfall 253796 (2019) Kat:3, Licht: 0","253796","3","3","5","12","10","7","1","0","0","1","0","0"
"POINT (8.531712257000038 52.029292727000040)","Unfall 253798 (2019) Kat:3, Licht: 2","253798","3","4","0","12","19","7","1","2","0","1","1","0"
"POINT (8.607180460000052 52.028561919000026)","Unfall 253896 (2019) Kat:3, Licht: 1","253896","3","3","5","12","07","6","1","1","1","1","0","0"
"POINT (8.589204644000063 52.002002928000081)","Unfall 253898 (2019) Kat:3, Licht: 2","253898","3","2","0","12","20","6","1","2","0","1","1","0"
"POINT (8.556482920000065 52.010322227000074)","Unfall 254031 (2019) Kat:2, Licht: 1","254031","2","7","0","12","07","4","1","1","1","0","1","0"
"POINT (8.543277240000066 52.025146882000058)","Unfall 254032 (2019) Kat:3, Licht: 2","254032","3","2","5","12","07","4","1","2","1","1","0","0"
"POINT (8.561086660000058 52.008913444000029)","Unfall 254033 (2019) Kat:2, Licht: 2","254033","2","2","6","12","07","4","1","2","0","1","1","0"
"POINT (8.517561951000062 52.030861861000062)","Unfall 254034 (2019) Kat:3, Licht: 2","254034","3","6","3","12","17","4","1","2","1","0","0","0"
"POINT (8.510999310000045 51.990590783000073)","Unfall 254072 (2019) Kat:3, Licht: 0","254072","3","6","3","12","12","5","0","0","1","0","0","0"
"POINT (8.513023354000040 52.043687298000066)","Unfall 254172 (2019) Kat:2, Licht: 2","254172","2","7","5","12","23","3","0","2","1","1","0","0"
"POINT (8.584609118000060 51.944543213000031)","Unfall 254255 (2019) Kat:3, Licht: 0","254255","3","1","0","12","13","3","0","0","0","0","0","1"
"POINT (8.554774448000046 52.010440311000082)","Unfall 254269 (2019) Kat:3, Licht: 0","254269","3","2","0","12","14","2","0","0","1","1","0","0"
"POINT (8.506287878000023 51.994375701000081)","Unfall 254270 (2019) Kat:3, Licht: 0","254270","3","3","0","12","14","2","1","0","0","1","0","1"
"POINT (8.499922518000062 51.976129447000062)","Unfall 254301 (2019) Kat:3, Licht: 2","254301","3","5","0","12","03","1","1","2","0","1","1","0"
"POINT (8.558735888000058 52.003291132000072)","Unfall 254348 (2019) Kat:3, Licht: 2","254348","3","2","6","12","17","7","1","2","0","1","1","0"
"POINT (8.474320135000028 51.994578094000076)","Unfall 254438 (2019) Kat:3, Licht: 2","254438","3","3","5","12","05","6","0","2","0","1","0","0"
"POINT (8.578601152000033 51.938458145000027)","Unfall 254496 (2019) Kat:3, Licht: 0","254496","3","7","6","12","13","6","1","0","0","1","1","0"
"POINT (8.529158733000031 52.022694607000062)","Unfall 254497 (2019) Kat:3, Licht: 2","254497","3","2","6","12","19","6","1","2","0","0","1","0"
"POINT (8.513492367000026 52.007459579000056)","Unfall 254591 (2019) Kat:2, Licht: 0","254591","2","3","5","12","14","5","1","0","1","1","0","0"
"POINT (8.502734653000061 52.045702650000067)","Unfall 254592 (2019) Kat:2, Licht: 2","254592","2","6","2","12","00","5","0","2","1","0","0","0"
"POINT (8.548084504000030 52.054346084000031)","Unfall 254593 (2019) Kat:3, Licht: 0","254593","3","2","8","12","11","5","0","0","1","1","0","0"
"POINT (8.530521440000030 52.017986877000055)","Unfall 254670 (2019) Kat:3, Licht: 0","254670","3","5","0","12","11","4","0","0","1","1","0","0"
"POINT (8.539853131000029 52.024691983000082)","Unfall 254671 (2019) Kat:3, Licht: 0","254671","3","6","1","12","12","4","0","0","0","1","0","0"
"POINT (8.502363210000056 52.094940943000040)","Unfall 254757 (2019) Kat:3, Licht: 0","254757","3","3","5","12","15","7","0","0","1","1","0","0"
"POINT (8.482435956000074 52.037689088000036)","Unfall 254797 (2019) Kat:3, Licht: 0","254797","3","3","5","12","10","6","0","0","1","1","0","0"
"POINT (8.552932999000063 52.018522975000053)","Unfall 254819 (2019) Kat:3, Licht: 0","254819","3","6","1","12","10","5","1","0","0","1","0","0"
"POINT (8.593200076000073 52.044968261000065)","Unfall 254831 (2019) Kat:3, Licht: 0","254831","3","1","1","12","19","4","0","0","1","1","0","0"
"POINT (8.516109797000070 52.101390286000026)","Unfall 254864 (2019) Kat:3, Licht: 0","254864","3","3","5","12","12","3","0","0","1","1","0","0"
"POINT (8.626981711000042 51.988359186000082)","Unfall 254923 (2019) Kat:3, Licht: 0","254923","3","3","5","12","13","2","0","0","0","1","0","0"
"POINT (8.535844326000074 52.024759368000048)","Unfall 255254 (2019) Kat:3, Licht: 0","255254","3","3","5","12","13","7","0","0","1","1","0","0"
"POINT (8.545479644000068 52.049034273000075)","Unfall 255256 (2019) Kat:3, Licht: 0","255256","3","6","2","12","15","7","0","0","0","1","0","0"
"POINT (8.523830190000069 52.023852681000051)","Unfall 255257 (2019) Kat:3, Licht: 0","255257","3","2","0","12","15","7","0","0","1","1","0","0"
"POINT (8.504304557000069 52.022701973000039)","Unfall 73788 (2020) Kat:3, Licht: 2","73788","3","1","4","01","17","7","1","2","0","1","0","0"
"POINT (8.584003402000064 51.943434832000037)","Unfall 74253 (2020) Kat:3, Licht: 0","74253","3","3","0","01","12","4","1","0","0","1","0","0"
"POINT (8.493110406000028 51.980501341000036)","Unfall 74256 (2020) Kat:3, Licht: 2","74256","3","3","5","01","16","4","1","2","0","1","0","0"
"POINT (8.552258062000021 52.013909774000069)","Unfall 74263 (2020) Kat:2, Licht: 0","74263","2","4","6","01","13","4","1","0","1","1","1","0"
"POINT (8.565338740000072 52.024188877000029)","Unfall 74271 (2020) Kat:3, Licht: 2","74271","3","3","0","01","07","4","1","2","0","1","1","0"
"POINT (8.609991996000076 51.997386183000060)","Unfall 74273 (2020) Kat:2, Licht: 2","74273","2","6","2","01","18","7","0","2","0","1","0","0"
"POINT (8.523596869000073 52.035709736000058)","Unfall 74274 (2020) Kat:3, Licht: 1","74274","3","6","1","01","07","4","1","1","0","1","0","0"
"POINT (8.571242913000049 51.954440638000051)","Unfall 74403 (2020) Kat:3, Licht: 2","74403","3","6","1","01","07","3","0","2","0","1","0","0"
"POINT (8.516813407000029 52.071284939000066)","Unfall 74517 (2020) Kat:2, Licht: 2","74517","2","4","6","01","17","2","0","2","0","1","1","0"
"POINT (8.554249711000068 52.035972378000054)","Unfall 74611 (2020) Kat:3, Licht: 2","74611","3","6","1","01","21","3","0","2","0","1","0","1"
"POINT (8.568096891000039 52.038957215000039)","Unfall 74615 (2020) Kat:3, Licht: 2","74615","3","6","2","01","20","4","1","2","0","1","0","0"
"POINT (8.530919507000021 52.029120313000078)","Unfall 74762 (2020) Kat:3, Licht: 2","74762","3","6","2","01","17","6","1","2","0","1","0","0"
"POINT (8.542610775000071 52.014384076000056)","Unfall 74763 (2020) Kat:3, Licht: 2","74763","3","3","5","01","21","6","1","2","0","1","0","0"
"POINT (8.620299543000044 52.014463858000056)","Unfall 74764 (2020) Kat:3, Licht: 0","74764","3","6","1","01","13","6","0","0","0","1","0","0"
"POINT (8.566870698000059 52.063118240000051)","Unfall 74793 (2020) Kat:3, Licht: 2","74793","3","3","5","01","17","2","0","2","0","1","0","0"
"POINT (8.615502463000041 51.979413432000058)","Unfall 74816 (2020) Kat:3, Licht: 1","74816","3","6","2","01","16","6","1","1","0","1","0","0"
"POINT (8.630676550000032 52.012706723000065)","Unfall 75049 (2020) Kat:3, Licht: 0","75049","3","6","2","01","12","5","0","0","0","1","0","0"
"POINT (8.456953994000060 51.965142694000065)","Unfall 75050 (2020) Kat:3, Licht: 0","75050","3","2","4","01","14","5","0","0","1","1","0","0"
"POINT (8.551419972000076 52.057313095000040)","Unfall 75052 (2020) Kat:3, Licht: 0","75052","3","3","0","01","14","5","0","0","1","1","0","0"
"POINT (8.543309615000055 52.035227375000034)","Unfall 75125 (2020) Kat:3, Licht: 2","75125","3","5","1","01","18","5","0","2","1","1","0","0"
"POINT (8.493413660000044 51.999304520000067)","Unfall 75155 (2020) Kat:3, Licht: 2","75155","3","2","4","01","18","6","1","2","0","1","0","0"
"POINT (8.505038655000021 52.106240180000043)","Unfall 75158 (2020) Kat:1, Licht: 2","75158","1","1","8","01","22","4","1","2","0","1","0","0"
"POINT (8.566229733000057 51.953856137000059)","Unfall 75180 (2020) Kat:3, Licht: 2","75180","3","6","2","01","06","5","1","2","0","1","0","0"
"POINT (8.647880579000059 51.982759218000069)","Unfall 75253 (2020) Kat:2, Licht: 0","75253","2","6","3","01","08","3","1","0","0","1","0","0"
"POINT (8.555550381000046 51.996794297000065)","Unfall 75259 (2020) Kat:3, Licht: 2","75259","3","7","8","01","20","3","0","2","1","0","0","0"
"POINT (8.531117370000061 52.057241908000037)","Unfall 75263 (2020) Kat:3, Licht: 0","75263","3","6","4","01","12","3","0","0","0","1","0","0"
"POINT (8.548161796000045 52.025289216000033)","Unfall 75286 (2020) Kat:3, Licht: 0","75286","3","2","5","01","13","5","0","0","0","1","0","0"
"POINT (8.527822422000043 52.030880472000035)","Unfall 75395 (2020) Kat:2, Licht: 2","75395","2","4","6","01","21","6","1","2","0","1","1","0"
"POINT (8.530788806000032 52.030692958000031)","Unfall 75418 (2020) Kat:3, Licht: 2","75418","3","6","2","01","07","5","0","2","0","1","0","0"
"POINT (8.548346660000050 52.006633846000057)","Unfall 75465 (2020) Kat:3, Licht: 2","75465","3","2","5","01","06","2","1","2","1","1","0","0"
"POINT (8.585719802000028 52.049322465000046)","Unfall 75515 (2020) Kat:3, Licht: 0","75515","3","7","2","01","14","4","1","0","0","1","0","0"
"POINT (8.523531757000058 52.036800966000044)","Unfall 75784 (2020) Kat:3, Licht: 0","75784","3","2","0","01","15","4","1","0","1","1","0","0"
"POINT (8.584573273000046 51.998437437000064)","Unfall 75862 (2020) Kat:3, Licht: 0","75862","3","6","2","01","13","7","0","0","0","1","0","0"
"POINT (8.608981627000048 52.064394980000031)","Unfall 75878 (2020) Kat:3, Licht: 2","75878","3","2","4","01","06","5","0","2","0","1","0","1"
"POINT (8.607910588000038 52.030298310000035)","Unfall 75998 (2020) Kat:3, Licht: 0","75998","3","4","6","02","15","3","1","0","1","0","1","0"
"POINT (8.469781841000042 51.974268770000037)","Unfall 76038 (2020) Kat:3, Licht: 0","76038","3","6","2","01","15","6","0","0","0","1","0","0"
"POINT (8.522217687000023 52.016478683000059)","Unfall 76043 (2020) Kat:3, Licht: 0","76043","3","6","2","01","14","6","1","0","0","1","0","0"
"POINT (8.544549728000050 52.043420152000067)","Unfall 76283 (2020) Kat:3, Licht: 0","76283","3","3","0","02","14","3","0","0","0","1","0","0"