WKT,Name,OBJECTID,UKATEGORIE,UTYP1,UART,UMONAT,USTUNDE,UWOCHENTAG,STRZUSTAND,ULICHTVERH,ISTRAD,ISTPKW,ISTFUSS,ISTKRAD
"POINT (8.527433108000025 52.022367975000066)","Unfall 76315 (2020) Kat:3, Licht: 0","76315","3","6","3","02","14","2","1","0","0","0","0","1"
"POINT (8.537415400000043 52.048148746000038)","Unfall 76561 (2020) Kat:3, Licht: 0","76561","3","6","1","02","14","6","0","0","1","1","0","0"
"POINT (8.526072062000026 52.022907236000037)","Unfall 76583 (2020) Kat:3, Licht: 1","76583","3","2","2","02","07","4","1","1","1","1","0","0"
"POINT (8.600913708000064 52.058715782000036)","Unfall 76604 (2020) Kat:3, Licht: 0","76604","3","6","2","02","16","2","1","0","0","1","0","0"
"POINT (8.544912195000052 51.946118493000029)","Unfall 76632 (2020) Kat:2, Licht: 0","76632","2","6","3","02","15","5","0","0","0","1","0","0"
"POINT (8.523508294000067 52.039024804000064)","Unfall 76659 (2020) Kat:3, Licht: 1","76659","3","3","3","02","07","5","0","1","1","1","0","0"
"POINT (8.483410739000021 52.082646940000075)","Unfall 76712 (2020) Kat:3, Licht: 2","76712","3","6","4","02","20","7","0","2","0","1","0","0"
"POINT (8.513013069000067 52.011002132000044)","Unfall 76904 (2020) Kat:3, Licht: 0","76904","3","6","2","02","07","5","0","0","0","1","0","0"
"POINT (8.508304817000067 52.008513945000061)","Unfall 76906 (2020) Kat:3, Licht: 0","76906","3","6","2","02","08","5","0","0","0","1","0","0"
"POINT (8.505122379000056 52.107595483000068)","Unfall 76907 (2020) Kat:2, Licht: 2","76907","2","1","0","02","20","5","1","2","1","0","0","0"
"POINT (8.595418336000023 52.039257100000043)","Unfall 77159 (2020) Kat:2, Licht: 0","77159","2","6","4","02","12","3","0","0","0","1","0","0"
"POINT (8.603871659000049 52.060756840000067)","Unfall 77215 (2020) Kat:3, Licht: 0","77215","3","6","2","02","15","7","0","0","0","1","0","0"
"POINT (8.554846464000036 51.941638086000069)","Unfall 77252 (2020) Kat:2, Licht: 0","77252","2","6","2","02","07","2","0","0","0","1","0","0"
"POINT (8.468359121000049 51.965628594000066)","Unfall 77338 (2020) Kat:3, Licht: 1","77338","3","1","8","02","19","7","0","1","0","0","0","0"
"POINT (8.555867760000069 52.061791999000036)","Unfall 77458 (2020) Kat:2, Licht: 0","77458","2","1","8","02","12","1","0","0","0","1","0","0"
"POINT (8.492743671000028 51.980427854000027)","Unfall 77484 (2020) Kat:3, Licht: 1","77484","3","3","2","02","07","5","1","1","0","1","0","1"
"POINT (8.558991739000021 52.004076683000051)","Unfall 77507 (2020) Kat:2, Licht: 0","77507","2","7","1","02","09","6","0","0","0","1","0","0"
"POINT (8.569697476000044 52.039456523000069)","Unfall 77566 (2020) Kat:3, Licht: 0","77566","3","2","6","02","08","6","0","0","0","1","1","0"
"POINT (8.522808593000036 52.043962511000075)","Unfall 77700 (2020) Kat:3, Licht: 0","77700","3","3","5","02","14","6","0","0","1","1","0","0"
"POINT (8.561170918000073 51.934312581000029)","Unfall 77743 (2020) Kat:2, Licht: 0","77743","2","3","0","02","14","4","0","0","0","1","1","0"
"POINT (8.543380104000050 52.035943848000045)","Unfall 77817 (2020) Kat:3, Licht: 2","77817","3","4","6","02","18","4","1","2","0","1","1","0"
"POINT (8.493413660000044 51.999304520000067)","Unfall 77882 (2020) Kat:3, Licht: 0","77882","3","6","1","02","16","2","1","0","0","1","0","0"
"POINT (8.475047786000062 51.954031407000059)","Unfall 77884 (2020) Kat:3, Licht: 0","77884","3","6","2","02","12","2","0","0","0","1","0","0"
"POINT (8.528304620000029 52.041302603000076)","Unfall 77956 (2020) Kat:3, Licht: 0","77956","3","2","3","02","10","4","1","0","0","1","0","0"
"POINT (8.548346660000050 52.006633846000057)","Unfall 78095 (2020) Kat:2, Licht: 0","78095","2","3","5","02","09","4","1","0","0","1","0","0"
"POINT (8.554407954000055 52.029761310000026)","Unfall 78170 (2020) Kat:3, Licht: 0","78170","3","3","5","03","09","2","0","0","0","1","0","0"
"POINT (8.609503662000066 51.970050596000078)","Unfall 78259 (2020) Kat:2, Licht: 2","78259","2","1","8","02","23","6","2","2","0","1","0","0"
"POINT (8.529853656000057 52.027912792000052)","Unfall 78269 (2020) Kat:3, Licht: 0","78269","3","4","0","02","08","6","1","0","0","1","1","0"
"POINT (8.602445681000063 52.059640238000043)","Unfall 78272 (2020) Kat:3, Licht: 0","78272","3","6","2","03","11","1","0","0","0","1","0","0"
"POINT (8.514568138000072 52.075477610000064)","Unfall 78273 (2020) Kat:2, Licht: 0","78273","2","6","2","03","07","2","0","0","0","1","0","0"
"POINT (8.523028301000068 52.016660078000029)","Unfall 78336 (2020) Kat:3, Licht: 0","78336","3","6","2","03","13","2","0","0","0","1","0","0"
"POINT (8.517189599000062 51.943753308000055)","Unfall 78348 (2020) Kat:2, Licht: 0","78348","2","7","3","02","12","7","0","0","0","1","0","0"
"POINT (8.549810155000046 52.038856519000035)","Unfall 78416 (2020) Kat:3, Licht: 0","78416","3","3","5","03","16","2","0","0","1","1","0","0"
"POINT (8.567311824000058 51.936716709000052)","Unfall 78479 (2020) Kat:3, Licht: 1","78479","3","6","2","02","17","5","1","1","0","1","0","0"
"POINT (8.568392835000054 51.939874957000029)","Unfall 78487 (2020) Kat:3, Licht: 2","78487","3","1","0","02","06","5","1","2","0","0","0","1"
"POINT (8.606189266000058 52.029506894000065)","Unfall 78562 (2020) Kat:3, Licht: 2","78562","3","2","6","03","18","6","1","2","0","1","1","0"
"POINT (8.491555145000064 51.944895380000048)","Unfall 78593 (2020) Kat:3, Licht: 2","78593","3","1","8","03","20","5","1","2","0","1","0","0"
"POINT (8.541430176000063 51.993463933000044)","Unfall 78672 (2020) Kat:2, Licht: 0","78672","2","3","5","03","11","4","1","0","0","1","0","0"
"POINT (8.596461054000031 51.965198152000028)","Unfall 78740 (2020) Kat:3, Licht: 0","78740","3","6","9","03","13","6","1","0","0","1","0","0"
"POINT (8.519944704000068 52.096469392000074)","Unfall 78784 (2020) Kat:3, Licht: 0","78784","3","4","6","03","10","3","0","0","0","1","1","0"
"POINT (8.569792310000025 52.039352862000044)","Unfall 78855 (2020) Kat:3, Licht: 0","78855","3","2","3","03","10","5","0","0","0","1","0","0"
"POINT (8.515369975000056 52.077634058000058)","Unfall 78856 (2020) Kat:3, Licht: 0","78856","3","6","2","03","09","7","0","0","0","1","0","0"
"POINT (8.653398731000038 52.046957763000080)","Unfall 78978 (2020) Kat:2, Licht: 0","78978","2","6","1","03","07","4","1","0","0","1","0","0"
"POINT (8.485548205000043 51.997591306000061)","Unfall 79087 (2020) Kat:3, Licht: 0","79087","3","7","6","03","16","5","0","0","0","1","1","0"
"POINT (8.607295797000063 51.992920262000041)","Unfall 79117 (2020) Kat:3, Licht: 0","79117","3","3","5","03","13","2","0","0","0","1","0","0"
"POINT (8.513979488000075 52.094689703000029)","Unfall 79121 (2020) Kat:2, Licht: 2","79121","2","1","0","03","20","2","0","2","1","0","0","0"
"POINT (8.615187237000043 51.984344986000053)","Unfall 79124 (2020) Kat:2, Licht: 0","79124","2","6","0","03","06","6","0","0","0","1","0","0"
"POINT (8.527815637000060 52.022157724000067)","Unfall 79196 (2020) Kat:3, Licht: 2","79196","3","2","5","03","20","3","1","2","0","1","0","0"
"POINT (8.622237309000070 52.030077344000063)","Unfall 79198 (2020) Kat:3, Licht: 2","79198","3","2","5","03","19","3","1","2","1","1","0","0"
"POINT (8.531009529000073 52.043544040000029)","Unfall 79218 (2020) Kat:3, Licht: 2","79218","3","2","5","03","18","6","1","2","1","1","0","0"
"POINT (8.619343611000033 52.013461416000041)","Unfall 79238 (2020) Kat:2, Licht: 2","79238","2","3","5","03","05","4","1","2","0","1","0","0"
"POINT (8.557162293000033 52.022315208000066)","Unfall 79243 (2020) Kat:3, Licht: 0","79243","3","3","5","03","14","4","0","0","0","1","0","0"
"POINT (8.527568622000047 52.097642944000029)","Unfall 79274 (2020) Kat:2, Licht: 0","79274","2","3","5","03","13","4","0","0","1","1","0","0"
"POINT (8.523407608000071 52.036773281000080)","Unfall 79363 (2020) Kat:3, Licht: 0","79363","3","7","6","03","09","5","0","0","0","1","1","0"
"POINT (8.643745239000054 52.037581147000026)","Unfall 79432 (2020) Kat:3, Licht: 2","79432","3","6","3","03","05","5","1","2","0","1","0","0"
"POINT (8.528649495000025 52.030005021000079)","Unfall 79540 (2020) Kat:3, Licht: 0","79540","3","6","1","03","12","7","0","0","0","1","0","0"
"POINT (8.513386759000071 52.097789894000073)","Unfall 79556 (2020) Kat:3, Licht: 0","79556","3","2","5","03","10","2","0","0","0","1","0","0"
"POINT (8.625233898000033 51.993037337000032)","Unfall 79820 (2020) Kat:2, Licht: 0","79820","2","6","3","03","15","3","0","0","0","1","0","0"
"POINT (8.591975147000028 52.052699399000062)","Unfall 79837 (2020) Kat:3, Licht: 0","79837","3","2","3","03","15","3","0","0","0","1","0","0"
"POINT (8.591855409000061 52.040055834000043)","Unfall 79869 (2020) Kat:2, Licht: 0","79869","2","7","5","03","16","4","0","0","0","1","0","0"
"POINT (8.496255935000022 51.996701340000072)","Unfall 79961 (2020) Kat:3, Licht: 0","79961","3","6","2","04","16","4","0","0","0","1","0","0"
"POINT (8.500229304000072 52.022072472000048)","Unfall 79981 (2020) Kat:2, Licht: 0","79981","2","1","8","03","15","5","0","0","0","1","0","0"
"POINT (8.530904888000066 52.031170447000079)","Unfall 80044 (2020) Kat:2, Licht: 2","80044","2","1","8","03","21","2","0","2","0","1","0","0"
"POINT (8.614200102000041 52.037251472000037)","Unfall 80064 (2020) Kat:3, Licht: 0","80064","3","3","5","04","15","4","0","0","1","1","0","0"
"POINT (8.525711517000048 52.032806313000037)","Unfall 80146 (2020) Kat:3, Licht: 0","80146","3","6","2","03","13","4","0","0","0","1","0","0"
"POINT (8.503246613000044 52.004906805000076)","Unfall 80190 (2020) Kat:3, Licht: 0","80190","3","6","2","03","13","6","0","0","0","1","0","0"
"POINT (8.433767458000034 51.947821795000038)","Unfall 80211 (2020) Kat:3, Licht: 2","80211","3","1","8","03","00","1","0","2","0","1","0","0"
"POINT (8.506424273000050 51.970609675000048)","Unfall 80274 (2020) Kat:3, Licht: 2","80274","3","2","4","04","22","4","0","2","0","1","0","0"
"POINT (8.553661979000026 51.968407178000064)","Unfall 80319 (2020) Kat:2, Licht: 2","80319","2","7","0","03","19","3","0","2","1","1","1","0"
"POINT (8.461678682000070 52.078311705000033)","Unfall 80325 (2020) Kat:2, Licht: 2","80325","2","3","5","03","20","3","0","2","0","1","0","0"
"POINT (8.578470269000036 52.038742937000052)","Unfall 80355 (2020) Kat:1, Licht: 0","80355","1","1","9","03","08","2","0","0","0","1","0","0"
"POINT (8.626035776000038 51.992622793000066)","Unfall 80397 (2020) Kat:2, Licht: 2","80397","2","1","0","03","23","6","0","2","0","1","0","0"
"POINT (8.614894904000039 51.986295841000072)","Unfall 80411 (2020) Kat:2, Licht: 0","80411","2","7","8","03","12","7","0","0","0","1","0","0"
"POINT (8.648060690000023 52.006265219000056)","Unfall 80449 (2020) Kat:2, Licht: 0","80449","2","7","8","04","16","7","0","0","0","0","0","1"
"POINT (8.557978273000060 52.036772319000079)","Unfall 80452 (2020) Kat:2, Licht: 1","80452","2","3","5","04","19","7","0","1","0","1","0","0"
"POINT (8.495650927000042 51.955505419000076)","Unfall 80483 (2020) Kat:2, Licht: 0","80483","2","1","9","04","17","2","0","0","0","1","0","0"
"POINT (8.495849638000038 52.033263231000035)","Unfall 80659 (2020) Kat:3, Licht: 0","80659","3","1","0","04","15","1","0","0","1","0","0","0"
"POINT (8.484836520000044 52.037002940000036)","Unfall 80842 (2020) Kat:3, Licht: 0","80842","3","6","3","04","16","3","0","0","1","1","0","0"
"POINT (8.561791040000060 52.055397867000067)","Unfall 80845 (2020) Kat:3, Licht: 0","80845","3","3","0","04","06","3","0","0","1","1","0","0"
"POINT (8.621396185000037 51.994519186000048)","Unfall 80858 (2020) Kat:2, Licht: 0","80858","2","6","9","04","09","4","0","0","0","1","0","1"
"POINT (8.524033795000037 51.951917202000061)","Unfall 80972 (2020) Kat:2, Licht: 0","80972","2","6","2","04","17","4","0","0","0","1","0","1"
"POINT (8.624717207000060 52.061155644000053)","Unfall 80985 (2020) Kat:3, Licht: 0","80985","3","6","3","04","11","5","0","0","1","0","0","1"
"POINT (8.543918741000027 52.079840586000046)","Unfall 81111 (2020) Kat:3, Licht: 0","81111","3","6","2","04","16","3","0","0","0","1","0","0"
"POINT (8.607501920000061 51.997827032000032)","Unfall 81120 (2020) Kat:2, Licht: 1","81120","2","1","8","04","06","2","0","1","0","1","0","0"
"POINT (8.543832860000066 52.040720214000032)","Unfall 81149 (2020) Kat:3, Licht: 0","81149","3","6","2","04","16","3","0","0","0","1","0","0"
"POINT (8.558216237000067 51.965644809000082)","Unfall 81160 (2020) Kat:2, Licht: 0","81160","2","3","5","04","15","4","0","0","1","0","0","0"
"POINT (8.527659365000034 52.091613631000030)","Unfall 81353 (2020) Kat:2, Licht: 0","81353","2","3","5","04","09","7","0","0","1","1","0","0"
"POINT (8.539517234000073 52.010700114000031)","Unfall 81388 (2020) Kat:2, Licht: 0","81388","2","6","1","04","09","6","0","0","0","1","0","0"
"POINT (8.551991665000060 52.013992053000038)","Unfall 81466 (2020) Kat:3, Licht: 0","81466","3","6","2","04","14","7","0","0","0","1","0","0"
"POINT (8.468988841000055 52.022860362000074)","Unfall 81467 (2020) Kat:3, Licht: 0","81467","3","6","1","04","16","5","0","0","0","1","0","0"
"POINT (8.525740651000035 52.032788952000033)","Unfall 81583 (2020) Kat:2, Licht: 1","81583","2","7","6","04","20","6","0","1","0","1","1","0"
"POINT (8.573994185000061 51.937728771000081)","Unfall 81594 (2020) Kat:3, Licht: 0","81594","3","6","3","04","17","7","1","0","1","0","1","0"
"POINT (8.468281783000066 51.962389731000030)","Unfall 81689 (2020) Kat:3, Licht: 0","81689","3","3","5","04","12","3","0","0","0","1","0","0"
"POINT (8.582096473000036 51.960912659000030)","Unfall 81756 (2020) Kat:3, Licht: 0","81756","3","6","0","04","12","4","0","0","0","1","0","0"
"POINT (8.523800263000055 52.017353587000059)","Unfall 81760 (2020) Kat:3, Licht: 0","81760","3","3","5","04","12","4","0","0","1","1","0","0"
"POINT (8.613661507000074 52.037648635000039)","Unfall 81762 (2020) Kat:2, Licht: 0","81762","2","6","2","04","13","4","0","0","0","1","0","0"
"POINT (8.533446996000066 52.098360438000043)","Unfall 81765 (2020) Kat:3, Licht: 0","81765","3","2","5","04","18","4","0","0","0","1","0","0"
"POINT (8.453269775000024 52.049340586000028)","Unfall 81768 (2020) Kat:2, Licht: 0","81768","2","3","5","04","14","4","0","0","1","1","0","0"
"POINT (8.516094948000045 52.080302634000077)","Unfall 81902 (2020) Kat:3, Licht: 0","81902","3","3","5","04","18","5","0","0","1","1","0","0"
"POINT (8.522421712000039 52.046129625000049)","Unfall 81907 (2020) Kat:3, Licht: 0","81907","3","6","2","04","18","6","0","0","0","1","0","0"
"POINT (8.601604915000053 51.986633005000044)","Unfall 81999 (2020) Kat:2, Licht: 0","81999","2","2","5","04","19","1","0","0","0","1","0","1"
"POINT (8.559140422000041 52.004557169000066)","Unfall 82098 (2020) Kat:3, Licht: 0","82098","3","3","5","04","08","3","0","0","1","1","0","0"
"POINT (8.569918813000072 52.025830793000068)","Unfall 82243 (2020) Kat:2, Licht: 0","82243","2","6","4","04","09","2","0","0","0","1","0","0"
"POINT (8.540952053000069 52.012097532000041)","Unfall 82375 (2020) Kat:3, Licht: 0","82375","3","3","3","05","11","3","0","0","1","0","0","0"
"POINT (8.543655087000047 52.030547754000054)","Unfall 82421 (2020) Kat:3, Licht: 2","82421","3","2","5","05","22","1","1","2","0","1","0","0"
"POINT (8.547831068000050 52.078894616000071)","Unfall 82423 (2020) Kat:3, Licht: 0","82423","3","2","5","05","17","1","0","0","1","1","0","0"
"POINT (8.609000210000033 51.931779447000054)","Unfall 82550 (2020) Kat:3, Licht: 0","82550","3","3","5","05","12","3","0","0","1","1","0","0"
"POINT (8.622177716000067 52.030158054000026)","Unfall 82698 (2020) Kat:3, Licht: 0","82698","3","2","5","05","16","2","0","0","1","1","0","0"
"POINT (8.527246960000070 51.943090463000033)","Unfall 82904 (2020) Kat:3, Licht: 0","82904","3","1","9","05","06","5","0","0","0","1","0","0"
"POINT (8.599636258000032 52.057852174000061)","Unfall 82907 (2020) Kat:3, Licht: 0","82907","3","6","2","05","13","5","0","0","0","1","0","0"
"POINT (8.559929390000036 52.004371638000066)","Unfall 83094 (2020) Kat:3, Licht: 0","83094","3","7","0","05","08","6","0","0","0","1","1","0"
"POINT (8.587509224000030 51.960551366000061)","Unfall 83235 (2020) Kat:3, Licht: 0","83235","3","6","1","05","15","3","0","0","0","1","0","0"
"POINT (8.562030875000062 52.037649012000031)","Unfall 83406 (2020) Kat:3, Licht: 0","83406","3","3","5","05","16","3","0","0","1","1","0","0"
"POINT (8.482438363000028 51.973519314000043)","Unfall 83425 (2020) Kat:3, Licht: 0","83425","3","6","1","05","08","5","0","0","0","1","0","0"
"POINT (8.553322999000045 52.013708956000073)","Unfall 83437 (2020) Kat:3, Licht: 0","83437","3","2","5","05","16","5","0","0","1","1","0","0"
"POINT (8.478061006000075 52.039859172000035)","Unfall 83442 (2020) Kat:3, Licht: 0","83442","3","6","2","05","09","5","0","0","0","1","0","0"
"POINT (8.574446103000071 52.027722376000042)","Unfall 83566 (2020) Kat:3, Licht: 0","83566","3","2","5","05","13","6","0","0","1","1","0","0"
"POINT (8.558436583000059 52.002124287000072)","Unfall 83571 (2020) Kat:3, Licht: 0","83571","3","6","1","05","18","6","0","0","0","1","0","0"
"POINT (8.514467654000043 52.092519002000074)","Unfall 83576 (2020) Kat:2, Licht: 0","83576","2","6","3","05","08","6","0","0","1","0","0","0"
"POINT (8.523506595000072 52.036621504000038)","Unfall 83577 (2020) Kat:2, Licht: 0","83577","2","3","5","05","09","6","0","0","1","1","0","0"
"POINT (8.619366977000027 52.013489255000081)","Unfall 83859 (2020) Kat:3, Licht: 0","83859","3","2","5","05","16","6","0","0","0","1","0","0"
"POINT (8.523959725000054 51.951885831000027)","Unfall 83871 (2020) Kat:3, Licht: 0","83871","3","3","5","05","18","5","0","0","1","1","0","0"
"POINT (8.558019533000049 52.033550040000080)","Unfall 83920 (2020) Kat:3, Licht: 0","83920","3","6","3","05","15","5","0","0","0","0","0","1"
"POINT (8.565072438000073 51.953160994000029)","Unfall 83979 (2020) Kat:3, Licht: 2","83979","3","1","8","05","23","5","0","2","0","0","0","1"
"POINT (8.984472087000029 51.499525651000056)","Unfall 83997 (2020) Kat:2, Licht: 0","83997","2","1","8","05","10","4","0","0","0","1","0","0"
"POINT (8.595572450000077 52.031433516000050)","Unfall 83999 (2020) Kat:3, Licht: 0","83999","3","6","1","05","15","4","0","0","0","1","0","0"
"POINT (8.558168552000041 52.001601176000065)","Unfall 84002 (2020) Kat:3, Licht: 0","84002","3","2","5","05","16","4","0","0","1","1","0","0"
"POINT (8.501619203000075 51.936956964000046)","Unfall 84030 (2020) Kat:3, Licht: 0","84030","3","1","8","05","18","5","0","0","0","0","0","1"
"POINT (8.561847740000076 52.055395322000038)","Unfall 84079 (2020) Kat:3, Licht: 0","84079","3","2","4","05","15","5","0","0","1","1","0","0"
"POINT (8.582106139000075 52.038578296000026)","Unfall 84210 (2020) Kat:3, Licht: 0","84210","3","6","2","05","06","3","0","0","0","1","0","0"
"POINT (8.570176187000072 52.065714924000076)","Unfall 84227 (2020) Kat:2, Licht: 0","84227","2","1","8","05","17","7","0","0","0","1","0","0"
"POINT (8.554408060000071 52.035841973000061)","Unfall 84243 (2020) Kat:3, Licht: 0","84243","3","3","0","05","15","2","0","0","1","1","0","0"
"POINT (8.569868413000052 52.039327650000075)","Unfall 84245 (2020) Kat:3, Licht: 0","84245","3","2","6","05","16","2","0","0","0","1","1","0"
"POINT (8.613698153000030 52.069993286000056)","Unfall 84248 (2020) Kat:3, Licht: 0","84248","3","6","2","05","19","2","0","0","0","1","0","0"
"POINT (8.465097997000044 51.970946937000065)","Unfall 84345 (2020) Kat:3, Licht: 0","84345","3","3","5","05","11","1","0","0","0","1","0","0"
"POINT (8.499502232000054 52.032671765000032)","Unfall 84386 (2020) Kat:3, Licht: 0","84386","3","2","5","05","09","4","0","0","0","1","0","0"
"POINT (8.595074167000064 51.995857597000054)","Unfall 84423 (2020) Kat:3, Licht: 0","84423","3","7","0","05","09","5","0","0","0","0","0","0"
"POINT (8.541879184000038 51.975310113000035)","Unfall 84468 (2020) Kat:3, Licht: 2","84468","3","2","0","05","22","5","0","2","1","1","0","0"
"POINT (8.527303376000020 52.017003300000056)","Unfall 84545 (2020) Kat:3, Licht: 0","84545","3","6","2","05","15","5","0","0","0","1","0","0"
"POINT (8.461597295000047 52.078305937000039)","Unfall 84603 (2020) Kat:3, Licht: 0","84603","3","3","5","05","10","5","0","0","0","1","0","0"
"POINT (8.573078802000055 52.033152093000069)","Unfall 84663 (2020) Kat:3, Licht: 0","84663","3","5","0","05","18","5","0","0","1","1","0","0"
"POINT (8.577497351000034 51.958790506000071)","Unfall 84665 (2020) Kat:2, Licht: 0","84665","2","6","2","05","15","6","0","0","0","1","0","0"
"POINT (8.543404807000059 52.036342650000051)","Unfall 84732 (2020) Kat:2, Licht: 0","84732","2","3","0","05","20","1","0","0","1","1","0","0"
"POINT (8.569233803000032 51.955832415000032)","Unfall 84935 (2020) Kat:3, Licht: 0","84935","3","7","5","05","12","7","0","0","0","1","0","0"
"POINT (8.568422477000070 52.035751550000043)","Unfall 84937 (2020) Kat:3, Licht: 0","84937","3","6","2","05","12","7","0","0","0","1","0","0"
"POINT (8.571411794000028 52.036399663000054)","Unfall 84940 (2020) Kat:3, Licht: 0","84940","3","1","8","05","04","7","0","0","0","1","0","0"
"POINT (8.510389806000035 52.009451918000082)","Unfall 85065 (2020) Kat:2, Licht: 0","85065","2","7","8","06","10","6","0","0","0","1","0","0"
"POINT (8.538518268000075 52.011333286000081)","Unfall 85094 (2020) Kat:3, Licht: 0","85094","3","7","3","06","16","4","0","0","0","1","0","0"
"POINT (8.531009529000073 52.043544040000029)","Unfall 85154 (2020) Kat:3, Licht: 0","85154","3","6","1","06","18","3","0","0","0","1","0","1"
"POINT (8.619343611000033 52.013461416000041)","Unfall 85158 (2020) Kat:3, Licht: 0","85158","3","7","2","06","15","6","1","0","0","1","0","0"
"POINT (8.516961959000071 52.014020827000081)","Unfall 85283 (2020) Kat:2, Licht: 0","85283","2","7","9","06","19","6","1","0","0","1","0","0"
"POINT (8.466038413000035 52.021024741000076)","Unfall 85371 (2020) Kat:2, Licht: 0","85371","2","1","8","06","08","6","0","0","0","1","0","0"
"POINT (8.572626608000064 52.053344530000061)","Unfall 85472 (2020) Kat:3, Licht: 0","85472","3","6","2","06","16","2","0","0","0","1","0","0"
"POINT (8.543468865000023 52.036407525000072)","Unfall 85475 (2020) Kat:3, Licht: 0","85475","3","2","3","06","15","2","0","0","1","1","0","0"
"POINT (8.575048716000026 52.028021620000061)","Unfall 85592 (2020) Kat:3, Licht: 0","85592","3","3","5","06","17","1","0","0","1","1","0","0"
"POINT (8.485786338000025 52.036733671000036)","Unfall 85669 (2020) Kat:2, Licht: 0","85669","2","6","2","06","14","4","0","0","0","1","0","0"
"POINT (8.536508650000030 52.012784445000079)","Unfall 85742 (2020) Kat:3, Licht: 1","85742","3","2","5","06","23","7","0","1","0","1","0","0"
"POINT (8.582074468000030 52.038580870000033)","Unfall 85743 (2020) Kat:3, Licht: 0","85743","3","6","2","06","12","7","1","0","0","1","0","0"
"POINT (8.608085066000058 51.988413178000030)","Unfall 85744 (2020) Kat:3, Licht: 0","85744","3","2","1","06","15","7","0","0","0","1","0","0"
"POINT (8.565444725000020 52.024227042000064)","Unfall 85784 (2020) Kat:3, Licht: 0","85784","3","6","2","06","08","2","1","0","0","1","0","0"
"POINT (8.555630595000025 52.033177919000082)","Unfall 85832 (2020) Kat:3, Licht: 0","85832","3","6","0","06","08","3","1","0","0","1","0","0"
"POINT (8.520226343000047 51.961488966000047)","Unfall 85884 (2020) Kat:3, Licht: 0","85884","3","6","1","06","11","7","0","0","0","0","0","1"
"POINT (8.647170683000070 52.039920621000078)","Unfall 85892 (2020) Kat:2, Licht: 0","85892","2","1","3","06","13","1","1","0","0","1","0","0"
"POINT (8.581737904000022 52.075296765000076)","Unfall 85974 (2020) Kat:2, Licht: 0","85974","2","3","5","06","19","7","1","0","0","1","0","0"
"POINT (8.622177014000044 52.030159004000041)","Unfall 86055 (2020) Kat:3, Licht: 0","86055","3","3","5","06","13","6","0","0","0","1","0","1"
"POINT (8.567107603000068 52.035474305000037)","Unfall 86058 (2020) Kat:2, Licht: 0","86058","2","4","6","06","14","6","0","0","0","1","1","0"
"POINT (8.510591534000071 52.029960107000079)","Unfall 86063 (2020) Kat:3, Licht: 2","86063","3","6","2","06","22","6","0","2","0","1","0","0"
"POINT (8.543624963000070 52.038485702000060)","Unfall 86071 (2020) Kat:2, Licht: 0","86071","2","2","5","06","15","6","0","0","1","0","0","0"
"POINT (8.548126688000025 52.025485667000055)","Unfall 86158 (2020) Kat:2, Licht: 2","86158","2","6","2","06","23","7","1","2","0","1","0","0"
"POINT (8.569594415000040 52.001919431000033)","Unfall 86307 (2020) Kat:3, Licht: 0","86307","3","6","2","06","12","7","0","0","0","1","0","0"
"POINT (8.571921041000053 51.945174524000038)","Unfall 86383 (2020) Kat:3, Licht: 2","86383","3","2","5","06","23","6","0","2","0","1","0","0"
"POINT (8.520261761000029 51.960132414000043)","Unfall 86388 (2020) Kat:3, Licht: 0","86388","3","3","5","06","17","6","0","0","1","1","0","0"
"POINT (8.607153158000074 51.997695317000080)","Unfall 86403 (2020) Kat:2, Licht: 0","86403","2","6","2","06","16","6","0","0","0","1","0","0"
"POINT (8.524858264000045 52.020745299000055)","Unfall 86459 (2020) Kat:3, Licht: 0","86459","3","6","2","06","12","6","0","0","0","1","0","0"
"POINT (8.642039971000031 52.060260084000049)","Unfall 86470 (2020) Kat:2, Licht: 1","86470","2","1","9","06","21","1","0","1","0","1","0","0"
"POINT (8.585744393000027 52.049337069000046)","Unfall 86479 (2020) Kat:3, Licht: 0","86479","3","3","5","06","12","6","0","0","0","1","0","0"
"POINT (8.516831146000072 52.058564008000076)","Unfall 86577 (2020) Kat:2, Licht: 2","86577","2","3","5","06","22","7","0","2","0","1","0","1"
"POINT (8.562370390000069 52.055368153000074)","Unfall 86578 (2020) Kat:3, Licht: 2","86578","3","5","1","06","01","4","0","2","0","1","0","0"
"POINT (8.530505827000070 52.016308136000077)","Unfall 86703 (2020) Kat:3, Licht: 0","86703","3","5","0","06","16","6","0","0","1","1","0","0"
"POINT (8.607033300000069 52.069441112000050)","Unfall 86767 (2020) Kat:3, Licht: 0","86767","3","6","1","06","16","5","0","0","0","1","0","0"
"POINT (8.553248749000034 51.922794829000054)","Unfall 86862 (2020) Kat:3, Licht: 0","86862","3","1","8","06","20","3","0","0","0","1","0","0"
"POINT (8.542584389000069 52.014311223000050)","Unfall 86951 (2020) Kat:2, Licht: 0","86951","2","2","5","06","16","4","0","0","0","1","0","1"
"POINT (8.495875326000032 52.033261315000061)","Unfall 86964 (2020) Kat:3, Licht: 0","86964","3","7","0","06","18","3","0","0","0","1","0","1"
"POINT (8.515445606000071 52.028612460000033)","Unfall 87075 (2020) Kat:3, Licht: 0","87075","3","4","5","06","07","5","0","0","1","0","1","0"
"POINT (8.546337044000040 52.032166256000039)","Unfall 87128 (2020) Kat:3, Licht: 0","87128","3","7","8","06","12","4","0","0","0","0","0","1"