WKT,Name,OBJECTID,UKATEGORIE,UTYP1,UART,UMONAT,USTUNDE,UWOCHENTAG,STRZUSTAND,ULICHTVERH,ISTRAD,ISTPKW,ISTFUSS,ISTKRAD
"POINT (8.609003858000051 51.931778478000069)","Unfall 87169 (2020) Kat:3, Licht: 0","87169","3","3","5","06","16","2","0","0","0","1","0","0"
"POINT (8.493413660000044 51.999304520000067)","Unfall 87170 (2020) Kat:3, Licht: 0","87170","3","2","4","06","12","3","0","0","0","1","0","0"
"POINT (8.617907316000071 51.995545561000029)","Unfall 87265 (2020) Kat:3, Licht: 0","87265","3","6","3","06","19","1","0","0","0","1","0","0"
"POINT (8.556167156000072 52.063846761000036)","Unfall 87266 (2020) Kat:2, Licht: 0","87266","2","2","5","06","16","1","0","0","1","1","0","0"
"POINT (8.530251748000069 51.980506672000047)","Unfall 87476 (2020) Kat:3, Licht: 0","87476","3","3","5","07","07","4","1","0","0","1","0","0"
"POINT (8.588865744000032 52.009797342000070)","Unfall 87492 (2020) Kat:2, Licht: 0","87492","2","7","4","07","16","5","1","0","0","1","0","0"
"POINT (8.552836604000049 52.015978326000038)","Unfall 87533 (2020) Kat:3, Licht: 0","87533","3","6","1","07","16","4","1","0","0","1","0","0"
"POINT (8.564507228000025 52.034873661000063)","Unfall 87613 (2020) Kat:2, Licht: 0","87613","2","7","4","07","08","5","0","0","0","1","0","0"
"POINT (8.555630595000025 52.033177919000082)","Unfall 87655 (2020) Kat:3, Licht: 0","87655","3","6","2","07","08","4","1","0","0","1","0","0"
"POINT (8.504850504000046 52.106816899000080)","Unfall 87709 (2020) Kat:3, Licht: 0","87709","3","1","8","07","19","4","1","0","0","1","0","0"
"POINT (8.626372546000027 52.007345053000051)","Unfall 87721 (2020) Kat:3, Licht: 0","87721","3","6","0","07","15","6","0","0","0","1","0","0"
"POINT (8.557951091000064 52.036766303000036)","Unfall 87726 (2020) Kat:3, Licht: 0","87726","3","6","0","07","15","5","1","0","0","1","0","0"
"POINT (8.525718771000072 52.018276192000030)","Unfall 87761 (2020) Kat:2, Licht: 0","87761","2","1","0","07","17","1","1","0","0","0","0","1"
"POINT (8.523420097000042 52.036640945000045)","Unfall 87769 (2020) Kat:3, Licht: 0","87769","3","3","5","07","14","3","0","0","1","1","0","0"
"POINT (8.524133396000025 52.034213963000070)","Unfall 87788 (2020) Kat:3, Licht: 0","87788","3","3","5","07","13","2","1","0","0","1","0","0"
"POINT (8.469095383000024 51.981643425000073)","Unfall 88134 (2020) Kat:3, Licht: 1","88134","3","1","0","07","06","7","0","1","1","0","0","0"
"POINT (8.543638734000069 52.030644892000055)","Unfall 88185 (2020) Kat:3, Licht: 0","88185","3","6","1","07","11","4","0","0","0","1","0","0"
"POINT (8.559192115000030 52.004433387000063)","Unfall 88198 (2020) Kat:3, Licht: 0","88198","3","6","1","07","11","5","1","0","0","1","0","0"
"POINT (8.618042555000045 51.990378863000046)","Unfall 88393 (2020) Kat:3, Licht: 0","88393","3","3","5","07","16","3","1","0","1","1","0","0"
"POINT (8.562661940000055 52.037700104000066)","Unfall 88535 (2020) Kat:3, Licht: 0","88535","3","2","3","07","16","3","0","0","1","0","0","0"
"POINT (8.529682011000034 52.057270100000039)","Unfall 88611 (2020) Kat:3, Licht: 0","88611","3","3","0","07","14","1","0","0","1","1","0","0"
"POINT (8.501219948000028 51.936982363000027)","Unfall 88673 (2020) Kat:2, Licht: 0","88673","2","1","8","07","11","3","0","0","0","1","0","0"
"POINT (8.552706542000067 52.033008524000081)","Unfall 88729 (2020) Kat:2, Licht: 0","88729","2","3","5","07","15","3","0","0","0","1","0","0"
"POINT (8.543655087000047 52.030547754000054)","Unfall 88754 (2020) Kat:3, Licht: 0","88754","3","4","0","07","12","2","0","0","0","1","1","0"
"POINT (8.572699019000027 51.956098782000026)","Unfall 88782 (2020) Kat:3, Licht: 0","88782","3","1","8","07","17","1","0","0","0","1","0","0"
"POINT (8.518918866000036 52.055559264000067)","Unfall 88834 (2020) Kat:3, Licht: 0","88834","3","3","5","07","10","2","0","0","1","1","0","0"
"POINT (8.558735888000058 52.003291132000072)","Unfall 88903 (2020) Kat:3, Licht: 0","88903","3","6","1","07","09","6","0","0","0","1","0","0"
"POINT (8.613158118000058 52.057751582000037)","Unfall 88907 (2020) Kat:3, Licht: 2","88907","3","1","0","07","23","6","0","2","0","0","0","1"
"POINT (8.588774409000052 52.051024735000055)","Unfall 88911 (2020) Kat:3, Licht: 0","88911","3","6","1","07","17","6","0","0","0","1","0","0"
"POINT (8.497915434000049 51.950258380000037)","Unfall 88925 (2020) Kat:3, Licht: 0","88925","3","3","5","07","17","2","0","0","1","1","0","0"
"POINT (8.561536386000057 52.034244920000049)","Unfall 89009 (2020) Kat:3, Licht: 1","89009","3","1","0","07","05","2","1","1","0","0","0","1"
"POINT (8.516372680000075 52.080868926000051)","Unfall 89041 (2020) Kat:2, Licht: 2","89041","2","2","5","07","23","1","0","2","0","1","0","1"
"POINT (8.523830190000069 52.023852681000051)","Unfall 89145 (2020) Kat:3, Licht: 0","89145","3","2","0","07","12","5","0","0","1","1","0","0"
"POINT (8.497818174000031 51.950180083000078)","Unfall 89186 (2020) Kat:3, Licht: 0","89186","3","3","5","07","18","5","0","0","1","1","0","0"
"POINT (8.524772878000022 52.017620140000076)","Unfall 89204 (2020) Kat:3, Licht: 0","89204","3","7","2","07","16","5","0","0","0","1","0","1"
"POINT (8.561776405000046 52.055398524000054)","Unfall 89208 (2020) Kat:3, Licht: 0","89208","3","3","5","07","14","5","0","0","1","1","0","0"
"POINT (8.545818748000045 52.044380682000053)","Unfall 89397 (2020) Kat:3, Licht: 0","89397","3","6","1","07","20","7","0","0","0","1","0","0"
"POINT (8.477323014000035 51.996701879000057)","Unfall 89568 (2020) Kat:3, Licht: 0","89568","3","3","5","07","11","7","0","0","1","1","0","0"
"POINT (8.531788559000063 52.015674783000065)","Unfall 89605 (2020) Kat:3, Licht: 0","89605","3","7","0","07","16","2","0","0","0","0","0","0"
"POINT (8.600877621000052 52.058691954000039)","Unfall 89671 (2020) Kat:3, Licht: 0","89671","3","3","5","07","06","6","0","0","1","1","0","0"
"POINT (8.426336555000034 51.965776385000026)","Unfall 89731 (2020) Kat:3, Licht: 0","89731","3","6","5","07","12","4","0","0","0","1","0","1"
"POINT (8.522865716000069 52.043294178000053)","Unfall 89848 (2020) Kat:3, Licht: 0","89848","3","1","2","07","19","4","0","0","0","1","0","0"
"POINT (8.569306515000051 51.954028044000040)","Unfall 89851 (2020) Kat:2, Licht: 0","89851","2","6","2","07","15","6","0","0","0","1","0","0"
"POINT (8.618861215000038 51.995954007000080)","Unfall 89961 (2020) Kat:2, Licht: 0","89961","2","6","2","07","13","2","0","0","0","1","0","0"
"POINT (8.463671581000028 52.044370673000060)","Unfall 90025 (2020) Kat:3, Licht: 0","90025","3","2","3","07","15","4","0","0","1","1","0","0"
"POINT (8.564494018000062 52.034870561000048)","Unfall 90034 (2020) Kat:3, Licht: 0","90034","3","2","5","07","14","2","0","0","1","1","0","0"
"POINT (8.558317941000041 51.964415461000044)","Unfall 90086 (2020) Kat:3, Licht: 0","90086","3","6","1","08","13","4","0","0","0","1","0","0"
"POINT (8.552668645000040 52.005618563000041)","Unfall 90254 (2020) Kat:3, Licht: 0","90254","3","6","1","08","18","2","0","0","0","1","0","0"
"POINT (8.557424121000054 52.081356872000072)","Unfall 90267 (2020) Kat:2, Licht: 0","90267","2","1","8","08","16","2","0","0","0","1","0","0"
"POINT (8.511686888000043 52.100318482000034)","Unfall 90273 (2020) Kat:3, Licht: 0","90273","3","3","5","08","12","2","0","0","1","1","0","0"
"POINT (8.489634273000036 51.988937980000060)","Unfall 90411 (2020) Kat:3, Licht: 0","90411","3","6","5","08","17","4","0","0","1","1","0","0"
"POINT (8.564092566000056 52.023740117000045)","Unfall 90473 (2020) Kat:3, Licht: 2","90473","3","2","3","08","22","7","0","2","0","1","0","1"
"POINT (8.493719483000064 51.991986732000044)","Unfall 90477 (2020) Kat:3, Licht: 0","90477","3","2","5","08","12","2","0","0","0","1","0","0"
"POINT (8.522451965000073 52.045968364000032)","Unfall 90478 (2020) Kat:3, Licht: 0","90478","3","2","3","08","18","7","0","0","0","1","0","0"
"POINT (8.575584019000075 52.038098923000064)","Unfall 90588 (2020) Kat:3, Licht: 0","90588","3","7","1","08","14","2","0","0","0","1","0","0"
"POINT (8.546748948000072 52.007287006000070)","Unfall 90736 (2020) Kat:3, Licht: 2","90736","3","7","0","08","23","7","0","2","1","0","0","0"
"POINT (8.593674536000037 51.996263253000052)","Unfall 90764 (2020) Kat:3, Licht: 0","90764","3","3","5","08","15","5","0","0","1","1","0","0"
"POINT (8.550919824000062 52.005800209000029)","Unfall 90838 (2020) Kat:3, Licht: 0","90838","3","1","0","08","15","7","0","0","0","0","0","1"
"POINT (8.505226245000074 51.979266295000059)","Unfall 90859 (2020) Kat:3, Licht: 0","90859","3","4","6","08","17","3","0","0","0","1","1","0"
"POINT (8.542642200000046 51.974622898000064)","Unfall 90888 (2020) Kat:3, Licht: 0","90888","3","6","2","08","15","2","0","0","0","1","0","0"
"POINT (8.566195030000074 52.024492450000082)","Unfall 90889 (2020) Kat:3, Licht: 0","90889","3","6","2","08","16","2","0","0","0","1","0","0"
"POINT (8.522482031000038 52.045802340000080)","Unfall 90914 (2020) Kat:3, Licht: 0","90914","3","2","3","08","15","3","0","0","1","1","0","0"
"POINT (8.544663565000064 52.031221744000050)","Unfall 91033 (2020) Kat:3, Licht: 0","91033","3","6","2","08","07","3","0","0","0","1","0","0"
"POINT (8.525333516000046 52.023153546000060)","Unfall 91049 (2020) Kat:3, Licht: 0","91049","3","6","2","08","18","1","1","0","0","1","0","0"
"POINT (8.562100390000069 52.037665149000077)","Unfall 91144 (2020) Kat:3, Licht: 0","91144","3","6","1","08","16","4","0","0","0","1","0","0"
"POINT (8.529853656000057 52.027912792000052)","Unfall 91150 (2020) Kat:3, Licht: 0","91150","3","2","5","08","15","4","0","0","1","1","0","0"
"POINT (8.565549791000024 52.002868330000069)","Unfall 91185 (2020) Kat:2, Licht: 0","91185","2","1","0","08","09","6","0","0","0","1","0","0"
"POINT (8.485292752000021 51.954756175000057)","Unfall 91313 (2020) Kat:2, Licht: 0","91313","2","1","8","08","08","6","0","0","0","1","0","0"
"POINT (8.522560234000025 52.045360537000079)","Unfall 91373 (2020) Kat:3, Licht: 0","91373","3","3","5","08","17","6","1","0","0","1","0","0"
"POINT (8.459143098000027 51.977133437000077)","Unfall 91418 (2020) Kat:2, Licht: 0","91418","2","6","2","08","16","6","0","0","0","1","0","0"
"POINT (8.527223594000077 52.017016279000075)","Unfall 91471 (2020) Kat:3, Licht: 0","91471","3","6","1","08","15","2","0","0","0","1","0","0"
"POINT (8.456485709000049 51.999079713000071)","Unfall 91553 (2020) Kat:3, Licht: 0","91553","3","3","0","08","14","1","0","0","1","0","0","0"
"POINT (8.557928965000031 52.036761404000060)","Unfall 91555 (2020) Kat:3, Licht: 0","91555","3","3","5","08","16","1","1","0","1","1","0","0"
"POINT (8.503207175000057 51.982722324000065)","Unfall 91606 (2020) Kat:3, Licht: 0","91606","3","4","0","08","13","2","0","0","0","1","1","0"
"POINT (8.555630595000025 52.033177919000082)","Unfall 91673 (2020) Kat:3, Licht: 0","91673","3","6","1","08","10","2","0","0","0","1","0","0"
"POINT (8.577261766000049 51.958872485000029)","Unfall 91737 (2020) Kat:3, Licht: 0","91737","3","1","9","08","13","7","1","0","0","1","0","0"
"POINT (8.542801920000045 52.017503455000053)","Unfall 91739 (2020) Kat:2, Licht: 0","91739","2","1","0","08","21","7","0","0","1","0","0","0"
"POINT (8.571615638000026 51.974473065000041)","Unfall 91742 (2020) Kat:1, Licht: 0","91742","1","1","8","08","16","2","0","0","0","1","0","0"
"POINT (8.556119481000053 51.997265691000052)","Unfall 91896 (2020) Kat:3, Licht: 0","91896","3","5","3","08","13","4","0","0","1","1","0","0"
"POINT (8.522195230000023 52.094499241000051)","Unfall 91926 (2020) Kat:3, Licht: 0","91926","3","7","0","08","13","5","0","0","1","1","0","0"
"POINT (8.633943307000038 51.985530574000052)","Unfall 91929 (2020) Kat:3, Licht: 0","91929","3","5","1","08","09","6","0","0","0","1","0","0"
"POINT (8.502170551000063 51.981652543000052)","Unfall 92034 (2020) Kat:3, Licht: 0","92034","3","6","2","08","16","3","0","0","0","1","0","0"
"POINT (8.548715188000074 52.006941574000052)","Unfall 92042 (2020) Kat:3, Licht: 2","92042","3","6","2","08","22","3","0","2","0","1","0","0"
"POINT (8.600352276000024 52.022256939000044)","Unfall 92047 (2020) Kat:3, Licht: 0","92047","3","7","0","08","14","3","0","0","0","0","0","0"
"POINT (8.573044419000041 52.011137446000077)","Unfall 92070 (2020) Kat:3, Licht: 0","92070","3","6","1","08","18","5","0","0","0","1","0","0"
"POINT (8.581652324000061 51.923327454000059)","Unfall 92073 (2020) Kat:2, Licht: 0","92073","2","4","6","08","07","6","0","0","0","1","1","0"
"POINT (8.457155919000059 52.021390871000051)","Unfall 92108 (2020) Kat:3, Licht: 0","92108","3","7","0","08","06","4","0","0","1","1","0","0"
"POINT (8.519086727000058 52.027370033000068)","Unfall 92138 (2020) Kat:3, Licht: 0","92138","3","6","1","08","15","5","0","0","0","1","0","0"
"POINT (8.522234649000041 52.025882839000076)","Unfall 92140 (2020) Kat:3, Licht: 0","92140","3","4","6","08","17","6","0","0","1","0","1","0"
"POINT (8.581590617000074 51.924965670000063)","Unfall 92152 (2020) Kat:2, Licht: 2","92152","2","3","5","08","21","1","0","2","1","1","0","0"
"POINT (8.536854831000028 52.012512713000035)","Unfall 92194 (2020) Kat:3, Licht: 0","92194","3","7","0","08","18","3","1","0","1","0","1","0"
"POINT (8.518521362000058 52.096752563000052)","Unfall 92205 (2020) Kat:2, Licht: 0","92205","2","4","6","08","17","2","0","0","0","1","1","0"
"POINT (8.551819086000023 52.057261196000070)","Unfall 92268 (2020) Kat:3, Licht: 0","92268","3","4","0","08","13","3","0","0","0","1","1","0"
"POINT (8.519518880000021 52.015724592000026)","Unfall 92282 (2020) Kat:2, Licht: 0","92282","2","6","3","08","09","2","0","0","0","1","0","0"
"POINT (8.458128956000053 52.047611659000040)","Unfall 92360 (2020) Kat:3, Licht: 0","92360","3","6","1","08","09","2","0","0","0","1","0","0"
"POINT (8.564200027000027 52.012291990000051)","Unfall 92362 (2020) Kat:3, Licht: 0","92362","3","1","3","08","10","7","0","0","1","1","0","0"
"POINT (8.572377186000040 52.040595953000036)","Unfall 92424 (2020) Kat:2, Licht: 0","92424","2","1","0","08","17","3","1","0","0","1","0","1"
"POINT (8.554910988000074 52.059543259000066)","Unfall 92497 (2020) Kat:3, Licht: 0","92497","3","3","1","08","13","3","1","0","1","1","0","0"
"POINT (8.543896284000027 52.041373425000074)","Unfall 92511 (2020) Kat:3, Licht: 0","92511","3","6","3","08","12","2","0","0","0","1","0","0"
"POINT (8.559049745000039 51.964718117000075)","Unfall 92637 (2020) Kat:3, Licht: 0","92637","3","1","0","08","19","6","0","0","0","0","0","1"
"POINT (8.543897314000049 52.041382661000057)","Unfall 92720 (2020) Kat:3, Licht: 0","92720","3","6","2","08","15","6","0","0","0","1","0","0"
"POINT (8.634184122000022 52.019828290000078)","Unfall 92726 (2020) Kat:2, Licht: 0","92726","2","6","2","08","14","6","0","0","0","1","0","0"
"POINT (8.549794850000069 52.049583160000054)","Unfall 92738 (2020) Kat:3, Licht: 0","92738","3","6","2","08","11","4","1","0","0","1","0","0"
"POINT (8.598058050000077 51.995801735000043)","Unfall 92740 (2020) Kat:3, Licht: 0","92740","3","6","0","08","14","5","0","0","0","1","0","1"
"POINT (8.554049114000065 52.013587771000061)","Unfall 92893 (2020) Kat:3, Licht: 0","92893","3","7","6","08","13","6","0","0","0","1","1","0"
"POINT (8.445466157000055 51.956823250000070)","Unfall 92916 (2020) Kat:2, Licht: 2","92916","2","1","8","08","03","7","1","2","0","1","0","0"
"POINT (8.606385957000043 52.058403138000074)","Unfall 92991 (2020) Kat:3, Licht: 0","92991","3","3","0","09","16","3","1","0","1","1","0","0"
"POINT (8.602087873000073 52.059536395000066)","Unfall 92993 (2020) Kat:3, Licht: 0","92993","3","6","1","09","14","3","0","0","0","1","0","0"
"POINT (8.579609019000031 51.999618216000044)","Unfall 93012 (2020) Kat:2, Licht: 1","93012","2","6","2","09","07","5","0","1","0","1","0","0"
"POINT (8.547036227000035 52.007170743000074)","Unfall 93033 (2020) Kat:3, Licht: 0","93033","3","1","0","09","17","5","1","0","0","0","0","1"
"POINT (8.495373692000044 51.998286576000055)","Unfall 93037 (2020) Kat:2, Licht: 0","93037","2","6","0","09","13","4","0","0","0","1","0","0"
"POINT (8.621381002000021 51.988709372000073)","Unfall 93101 (2020) Kat:3, Licht: 0","93101","3","6","2","09","12","5","1","0","1","1","0","0"
"POINT (8.486936785000069 52.036348173000079)","Unfall 93124 (2020) Kat:3, Licht: 0","93124","3","1","0","09","16","4","0","0","1","0","0","0"
"POINT (8.552694978000034 52.024007119000032)","Unfall 93189 (2020) Kat:3, Licht: 0","93189","3","2","5","09","13","5","1","0","1","1","0","0"
"POINT (8.575522235000051 51.950563028000033)","Unfall 93194 (2020) Kat:3, Licht: 0","93194","3","6","4","09","14","5","1","0","1","0","0","0"
"POINT (8.540697892000026 51.975944424000033)","Unfall 93221 (2020) Kat:2, Licht: 2","93221","2","1","0","09","22","4","0","2","1","0","0","0"
"POINT (8.462553090000029 52.011177072000066)","Unfall 93261 (2020) Kat:3, Licht: 0","93261","3","2","5","08","13","1","0","0","1","1","0","0"
"POINT (8.554026541000042 52.033283049000033)","Unfall 93287 (2020) Kat:3, Licht: 0","93287","3","6","2","09","18","5","1","0","0","1","0","0"
"POINT (8.543308823000075 52.036388887000044)","Unfall 93306 (2020) Kat:3, Licht: 0","93306","3","6","2","09","16","5","1","0","1","0","0","0"
"POINT (8.595132383000021 51.995845686000052)","Unfall 93310 (2020) Kat:3, Licht: 0","93310","3","6","2","09","15","4","0","0","0","1","0","0"
"POINT (8.622237309000070 52.030077344000063)","Unfall 93373 (2020) Kat:3, Licht: 0","93373","3","6","1","09","16","5","1","0","0","1","0","0"
"POINT (8.543515768000077 52.031613604000029)","Unfall 93409 (2020) Kat:3, Licht: 0","93409","3","6","3","09","11","7","1","0","0","1","0","0"
"POINT (8.600461830000029 51.994622742000047)","Unfall 93414 (2020) Kat:2, Licht: 0","93414","2","3","5","09","07","2","0","0","1","1","0","0"
"POINT (8.550722261000033 52.005926793000071)","Unfall 93608 (2020) Kat:3, Licht: 0","93608","3","6","3","09","18","7","1","0","0","1","0","1"
"POINT (8.496236190000047 51.948895052000069)","Unfall 93614 (2020) Kat:3, Licht: 0","93614","3","3","2","09","18","2","0","0","1","1","0","0"
"POINT (8.627893906000054 52.026238188000036)","Unfall 93668 (2020) Kat:3, Licht: 0","93668","3","6","2","09","15","6","0","0","0","1","0","0"
"POINT (8.528107752000040 52.030552952000050)","Unfall 93704 (2020) Kat:3, Licht: 0","93704","3","6","2","09","17","7","1","0","0","1","0","0"
"POINT (8.615321346000030 51.988337152000042)","Unfall 93795 (2020) Kat:2, Licht: 0","93795","2","1","8","09","17","7","1","0","0","1","0","0"
"POINT (8.573902732000022 52.041497831000072)","Unfall 93837 (2020) Kat:2, Licht: 0","93837","2","2","5","09","14","6","0","0","1","1","0","0"
"POINT (8.522811681000064 52.016397048000044)","Unfall 93908 (2020) Kat:3, Licht: 0","93908","3","3","5","09","08","4","0","0","0","1","0","0"
"POINT (8.534593623000035 52.013538847000063)","Unfall 93918 (2020) Kat:3, Licht: 0","93918","3","4","6","09","08","5","0","0","0","0","1","1"
"POINT (8.605820036000068 52.070402494000064)","Unfall 93971 (2020) Kat:3, Licht: 0","93971","3","6","0","09","15","5","0","0","0","1","0","0"
"POINT (8.524715530000037 51.943197867000038)","Unfall 93974 (2020) Kat:2, Licht: 0","93974","2","6","9","09","18","5","0","0","0","1","0","0"
"POINT (8.594877184000040 51.995990408000068)","Unfall 94027 (2020) Kat:2, Licht: 0","94027","2","6","2","09","07","5","0","0","0","1","0","0"
"POINT (8.565660981000065 52.035163195000052)","Unfall 94078 (2020) Kat:3, Licht: 0","94078","3","2","5","09","13","5","0","0","1","0","0","0"
"POINT (8.522863602000030 52.043319894000035)","Unfall 94131 (2020) Kat:3, Licht: 0","94131","3","3","0","09","17","5","0","0","1","1","0","0"
"POINT (8.461752867000030 51.979170678000060)","Unfall 94134 (2020) Kat:3, Licht: 0","94134","3","2","4","09","11","5","0","0","0","1","0","1"
"POINT (8.588694797000073 51.962780902000077)","Unfall 94357 (2020) Kat:2, Licht: 0","94357","2","6","2","09","14","6","0","0","0","1","0","0"
"POINT (8.525672714000052 52.018635937000056)","Unfall 94361 (2020) Kat:3, Licht: 0","94361","3","5","0","09","16","6","0","0","1","0","1","0"
"POINT (8.587872634000064 51.997654226000066)","Unfall 94362 (2020) Kat:3, Licht: 0","94362","3","2","2","09","15","6","0","0","0","1","0","0"
"POINT (8.543969108000056 52.042023540000059)","Unfall 94363 (2020) Kat:3, Licht: 0","94363","3","6","2","09","12","6","0","0","0","1","0","0"
"POINT (8.508631042000047 52.008688829000050)","Unfall 94488 (2020) Kat:2, Licht: 0","94488","2","7","0","09","15","3","1","0","0","1","0","1"
"POINT (8.583367295000073 51.998607041000071)","Unfall 94489 (2020) Kat:3, Licht: 1","94489","3","3","5","09","18","3","0","1","0","1","0","0"
"POINT (8.561843651000061 52.055395505000035)","Unfall 94490 (2020) Kat:3, Licht: 0","94490","3","3","5","09","17","3","0","0","1","1","0","0"
"POINT (8.622967563000032 52.003327744000046)","Unfall 94637 (2020) Kat:2, Licht: 0","94637","2","7","9","09","06","2","0","0","0","1","0","0"
"POINT (8.585206712000058 52.030126620000033)","Unfall 94638 (2020) Kat:3, Licht: 0","94638","3","6","2","09","18","2","0","0","0","1","0","0"
"POINT (8.621351150000066 51.988724071000036)","Unfall 94755 (2020) Kat:3, Licht: 0","94755","3","3","5","09","14","1","0","0","1","1","0","0"
"POINT (8.557870271000070 51.940826498000035)","Unfall 94778 (2020) Kat:3, Licht: 0","94778","3","6","2","09","15","6","0","0","0","1","0","0"
"POINT (8.550794925000048 51.944072459000040)","Unfall 94779 (2020) Kat:3, Licht: 0","94779","3","3","5","09","13","6","0","0","0","1","0","1"
"POINT (8.620335398000066 52.040903867000054)","Unfall 94780 (2020) Kat:3, Licht: 0","94780","3","6","2","09","13","6","0","0","0","1","0","0"
"POINT (8.523816469000053 52.017365067000071)","Unfall 94781 (2020) Kat:3, Licht: 0","94781","3","3","5","09","16","6","0","0","1","1","0","0"
"POINT (8.613228597000045 52.057726987000080)","Unfall 94782 (2020) Kat:2, Licht: 0","94782","2","2","5","09","11","6","0","0","1","1","0","0"
"POINT (8.520225396000058 51.961941343000035)","Unfall 94901 (2020) Kat:2, Licht: 0","94901","2","2","3","09","14","5","0","0","0","1","0","1"
"POINT (8.515614815000049 52.058730781000065)","Unfall 94902 (2020) Kat:2, Licht: 0","94902","2","2","6","09","07","5","0","0","0","1","1","0"
"POINT (8.531009529000073 52.043544040000029)","Unfall 94903 (2020) Kat:3, Licht: 0","94903","3","2","3","09","16","5","0","0","1","1","0","0"
"POINT (8.553111861000048 52.036734156000080)","Unfall 94905 (2020) Kat:3, Licht: 0","94905","3","5","3","09","15","5","0","0","1","1","0","0"
"POINT (8.521569308000039 52.096610598000041)","Unfall 95043 (2020) Kat:3, Licht: 0","95043","3","3","5","09","17","4","0","0","1","1","0","0"
"POINT (8.572025120000035 51.947778150000033)","Unfall 95218 (2020) Kat:3, Licht: 0","95218","3","2","3","09","14","1","0","0","0","1","0","0"
"POINT (8.575845585000025 52.029296888000033)","Unfall 95220 (2020) Kat:3, Licht: 0","95220","3","3","5","09","16","1","0","0","0","1","0","0"
"POINT (8.543163600000071 52.033372119000035)","Unfall 95221 (2020) Kat:3, Licht: 2","95221","3","2","4","09","20","1","0","2","0","1","0","0"
"POINT (8.478957020000053 51.972204714000043)","Unfall 95368 (2020) Kat:2, Licht: 0","95368","2","1","9","09","17","7","0","0","0","0","0","1"
"POINT (8.524825810000039 52.017521180000074)","Unfall 95410 (2020) Kat:3, Licht: 2","95410","3","3","5","09","19","2","0","2","0","1","0","0"
"POINT (8.626285712000026 51.987452337000036)","Unfall 95413 (2020) Kat:2, Licht: 0","95413","2","2","5","09","08","2","0","0","1","1","0","0"
"POINT (8.543966354000077 52.042001317000029)","Unfall 95417 (2020) Kat:3, Licht: 0","95417","3","3","5","09","09","2","0","0","0","1","0","0"
"POINT (8.635818803000063 52.024261999000032)","Unfall 95732 (2020) Kat:3, Licht: 2","95732","3","6","2","09","21","5","0","2","0","1","0","0"
"POINT (8.585010507000050 51.958689040000081)","Unfall 95740 (2020) Kat:3, Licht: 0","95740","3","2","4","09","18","5","0","0","1","1","0","0"
"POINT (8.518988250000064 52.054139442000064)","Unfall 95745 (2020) Kat:1, Licht: 0","95745","1","2","5","09","09","5","0","0","1","0","0","0"
"POINT (8.463166227000045 52.065678641000034)","Unfall 95749 (2020) Kat:3, Licht: 1","95749","3","3","5","09","06","5","1","1","1","1","0","0"
"POINT (8.603301309000074 52.070324296000081)","Unfall 95860 (2020) Kat:2, Licht: 0","95860","2","2","6","09","11","3","0","0","0","1","1","0"
"POINT (8.543608481000035 52.030533595000065)","Unfall 95870 (2020) Kat:3, Licht: 2","95870","3","3","5","09","20","2","0","2","0","1","0","0"
"POINT (8.555630595000025 52.033177919000082)","Unfall 96022 (2020) Kat:3, Licht: 0","96022","3","6","2","09","11","3","0","0","0","1","0","0"
"POINT (8.527377933000025 51.924737131000029)","Unfall 96029 (2020) Kat:2, Licht: 2","96029","2","1","9","09","21","7","1","2","0","1","0","0"
"POINT (8.491832637000073 51.990567591000058)","Unfall 96031 (2020) Kat:2, Licht: 0","96031","2","3","0","09","15","7","0","0","1","1","0","0"
"POINT (8.484415510000076 51.980364579000081)","Unfall 96032 (2020) Kat:3, Licht: 2","96032","3","1","2","09","19","7","1","2","0","1","0","0"
"POINT (8.594364818000031 51.965330930000050)","Unfall 96034 (2020) Kat:2, Licht: 0","96034","2","1","8","09","09","7","0","0","0","1","0","0"
"POINT (8.565246000000059 52.002939347000051)","Unfall 96035 (2020) Kat:3, Licht: 2","96035","3","1","9","09","19","7","1","2","0","1","0","0"
"POINT (8.544251311000039 52.043169534000072)","Unfall 96036 (2020) Kat:2, Licht: 2","96036","2","1","8","09","04","7","0","2","0","1","0","0"
"POINT (8.593878542000027 52.071228694000069)","Unfall 96037 (2020) Kat:2, Licht: 0","96037","2","2","5","09","16","7","1","0","0","1","0","0"
"POINT (8.581661841000027 52.050692859000037)","Unfall 96101 (2020) Kat:3, Licht: 0","96101","3","6","2","09","07","3","0","0","0","1","0","0"
"POINT (8.501495306000038 51.982079093000038)","Unfall 96180 (2020) Kat:3, Licht: 0","96180","3","6","2","09","13","6","0","0","0","1","0","0"
"POINT (8.569465997000066 52.001949812000078)","Unfall 96182 (2020) Kat:3, Licht: 0","96182","3","6","1","09","09","6","1","0","0","1","0","0"
"POINT (8.553593982000052 52.058033702000046)","Unfall 96183 (2020) Kat:3, Licht: 0","96183","3","4","6","09","12","6","0","0","0","1","1","0"
"POINT (8.543830832000026 52.040696517000072)","Unfall 96261 (2020) Kat:3, Licht: 2","96261","3","6","2","10","19","5","1","2","0","1","0","0"
"POINT (8.598024346000045 52.011886139000069)","Unfall 96415 (2020) Kat:3, Licht: 0","96415","3","7","6","09","15","4","0","0","0","1","1","0"