WKT,Name,OBJECTID,UKATEGORIE,UTYP1,UART,UMONAT,USTUNDE,UWOCHENTAG,STRZUSTAND,ULICHTVERH,ISTRAD,ISTPKW,ISTFUSS,ISTKRAD
"POINT (8.575417077000054 52.000662549000026)","Unfall 96722 (2020) Kat:3, Licht: 1","96722","3","3","5","10","18","6","0","1","1","1","0","0"
"POINT (8.521298239000032 51.949964058000035)","Unfall 96787 (2020) Kat:3, Licht: 0","96787","3","6","1","10","14","5","1","0","0","1","0","0"
"POINT (8.512689769000076 51.933192945000030)","Unfall 96794 (2020) Kat:3, Licht: 2","96794","3","6","4","10","21","2","0","2","0","1","0","0"
"POINT (8.518922890000056 52.055582146000063)","Unfall 96919 (2020) Kat:3, Licht: 0","96919","3","6","1","10","13","5","1","0","0","1","0","0"
"POINT (8.451753488000065 51.987406224000040)","Unfall 97069 (2020) Kat:2, Licht: 2","97069","2","6","2","10","23","6","1","2","0","1","0","0"
"POINT (8.548201932000040 52.006693166000048)","Unfall 97105 (2020) Kat:3, Licht: 0","97105","3","2","5","10","10","5","1","0","0","1","0","0"
"POINT (8.491332085000067 52.000350587000071)","Unfall 97198 (2020) Kat:3, Licht: 0","97198","3","2","1","10","09","4","1","0","0","1","0","0"
"POINT (8.585732271000040 52.049316133000048)","Unfall 97203 (2020) Kat:3, Licht: 0","97203","3","2","1","10","08","4","1","0","0","1","0","0"
"POINT (8.600894950000054 52.058703397000045)","Unfall 97235 (2020) Kat:3, Licht: 2","97235","3","6","4","10","22","5","1","2","0","1","0","0"
"POINT (8.538385731000062 52.083662501000049)","Unfall 97373 (2020) Kat:1, Licht: 2","97373","1","6","2","10","00","7","0","2","0","0","0","1"
"POINT (8.619432948000053 51.989847697000073)","Unfall 97505 (2020) Kat:3, Licht: 0","97505","3","2","4","10","10","2","0","0","1","1","0","0"
"POINT (8.602243982000061 52.040459562000080)","Unfall 97530 (2020) Kat:2, Licht: 0","97530","2","3","5","10","17","5","0","0","1","1","0","0"
"POINT (8.547272013000054 52.040423009000051)","Unfall 97584 (2020) Kat:3, Licht: 0","97584","3","7","5","10","12","5","0","0","1","1","0","0"
"POINT (8.553076202000057 52.017776956000034)","Unfall 97585 (2020) Kat:3, Licht: 0","97585","3","2","3","10","07","3","0","0","1","1","0","0"
"POINT (8.559143509000023 52.004346860000055)","Unfall 97589 (2020) Kat:3, Licht: 0","97589","3","6","2","10","10","4","0","0","0","1","0","0"
"POINT (8.658582759000069 52.047658038000066)","Unfall 97645 (2020) Kat:3, Licht: 0","97645","3","1","0","10","10","5","1","0","0","1","0","0"
"POINT (8.592938137000033 52.030898365000041)","Unfall 97700 (2020) Kat:3, Licht: 0","97700","3","3","5","10","16","5","0","0","1","0","0","1"
"POINT (8.524942922000037 52.017609566000033)","Unfall 97705 (2020) Kat:3, Licht: 2","97705","3","1","0","10","20","4","1","2","0","0","0","1"
"POINT (8.519558655000026 52.058189674000062)","Unfall 97755 (2020) Kat:3, Licht: 2","97755","3","3","5","10","19","5","0","2","0","1","0","0"
"POINT (8.523393033000048 52.017063597000060)","Unfall 97759 (2020) Kat:3, Licht: 0","97759","3","6","2","10","13","5","0","0","0","1","0","0"
"POINT (8.542597878000038 52.008879978000039)","Unfall 97848 (2020) Kat:3, Licht: 0","97848","3","7","0","10","10","7","1","0","0","0","0","1"
"POINT (8.531009529000073 52.043544040000029)","Unfall 97902 (2020) Kat:3, Licht: 0","97902","3","2","5","10","10","2","1","0","0","1","0","0"
"POINT (8.531274320000023 51.928407363000076)","Unfall 98034 (2020) Kat:2, Licht: 0","98034","2","1","9","10","10","1","1","0","0","1","0","0"
"POINT (8.618042555000045 51.990378863000046)","Unfall 98211 (2020) Kat:3, Licht: 2","98211","3","3","5","10","20","5","1","2","1","1","0","0"
"POINT (8.553025156000047 52.019071352000026)","Unfall 98219 (2020) Kat:3, Licht: 2","98219","3","6","3","10","06","6","1","2","0","1","0","1"
"POINT (8.574654058000022 51.951400241000044)","Unfall 98328 (2020) Kat:3, Licht: 2","98328","3","3","5","10","19","5","1","2","0","1","0","0"
"POINT (8.510574337000037 52.029965100000027)","Unfall 98417 (2020) Kat:3, Licht: 0","98417","3","7","2","10","16","5","1","0","0","1","0","1"
"POINT (8.539215453000054 51.943179404000034)","Unfall 98450 (2020) Kat:3, Licht: 0","98450","3","3","0","10","18","4","0","0","0","1","0","0"
"POINT (8.552349119000041 52.035470578000059)","Unfall 98501 (2020) Kat:3, Licht: 2","98501","3","1","0","10","18","5","1","2","1","0","0","0"
"POINT (8.600900439000043 52.058707020000043)","Unfall 98562 (2020) Kat:2, Licht: 2","98562","2","2","5","10","02","3","0","2","0","1","0","0"
"POINT (8.531009529000073 52.043544040000029)","Unfall 98575 (2020) Kat:3, Licht: 2","98575","3","2","4","10","21","5","1","2","0","1","0","0"
"POINT (8.527568720000033 52.021739652000065)","Unfall 98652 (2020) Kat:3, Licht: 0","98652","3","6","2","10","14","5","0","0","1","0","0","0"
"POINT (8.525405436000028 52.017344154000057)","Unfall 98657 (2020) Kat:3, Licht: 2","98657","3","6","1","10","17","2","0","2","0","1","0","0"
"POINT (8.592482627000038 52.053156174000037)","Unfall 98675 (2020) Kat:2, Licht: 2","98675","2","1","0","10","00","2","1","2","1","0","0","0"
"POINT (8.565367163000076 52.024199112000076)","Unfall 98712 (2020) Kat:3, Licht: 0","98712","3","6","1","10","08","3","0","0","0","1","0","0"
"POINT (8.552162896000027 52.037338570000031)","Unfall 98725 (2020) Kat:3, Licht: 0","98725","3","3","5","10","13","5","0","0","1","1","0","0"
"POINT (8.543625545000054 52.055999936000035)","Unfall 98784 (2020) Kat:2, Licht: 2","98784","2","1","1","10","17","3","0","2","0","1","0","0"
"POINT (8.570492052000077 51.953050484000073)","Unfall 98800 (2020) Kat:3, Licht: 1","98800","3","6","2","10","16","5","0","1","0","1","0","0"
"POINT (8.535485095000070 52.013136006000082)","Unfall 98858 (2020) Kat:3, Licht: 2","98858","3","1","0","10","22","7","1","2","1","0","0","0"
"POINT (8.462022457000046 52.045262630000082)","Unfall 98861 (2020) Kat:3, Licht: 0","98861","3","1","8","10","11","7","1","0","0","0","0","0"
"POINT (8.468964640000024 52.022869998000033)","Unfall 98862 (2020) Kat:3, Licht: 2","98862","3","3","5","10","18","7","1","2","0","1","0","0"
"POINT (8.561885830000051 51.965660493000030)","Unfall 98915 (2020) Kat:3, Licht: 2","98915","3","2","5","11","17","2","1","2","0","1","0","0"
"POINT (8.510120884000060 51.940656387000047)","Unfall 99145 (2020) Kat:2, Licht: 0","99145","2","3","5","11","09","1","0","0","1","1","0","0"
"POINT (8.463337272000047 52.040509089000068)","Unfall 99158 (2020) Kat:3, Licht: 2","99158","3","3","4","11","19","2","0","2","1","1","0","0"
"POINT (8.569849662000024 52.039366245000053)","Unfall 99247 (2020) Kat:3, Licht: 0","99247","3","2","3","11","12","7","0","0","1","1","0","0"
"POINT (8.607429773000035 51.992332308000073)","Unfall 99280 (2020) Kat:3, Licht: 0","99280","3","7","6","11","07","5","0","0","0","1","1","0"
"POINT (8.463629880000042 51.969894231000069)","Unfall 99310 (2020) Kat:3, Licht: 0","99310","3","6","2","11","15","7","0","0","0","1","0","0"
"POINT (8.563972674000070 52.003242375000070)","Unfall 99365 (2020) Kat:3, Licht: 0","99365","3","2","2","11","12","5","0","0","1","1","0","0"
"POINT (8.536508650000030 52.012784445000079)","Unfall 99396 (2020) Kat:2, Licht: 2","99396","2","3","5","11","22","3","0","2","0","1","0","0"
"POINT (8.528669527000034 52.029985000000067)","Unfall 99410 (2020) Kat:3, Licht: 0","99410","3","6","2","11","12","3","0","0","0","1","0","0"
"POINT (8.456518940000024 52.048519176000070)","Unfall 99426 (2020) Kat:3, Licht: 0","99426","3","6","3","11","11","7","0","0","1","1","0","0"
"POINT (8.514882472000068 52.091011138000056)","Unfall 99471 (2020) Kat:3, Licht: 0","99471","3","6","2","11","11","4","0","0","0","1","0","0"
"POINT (8.559185751000030 52.004422058000046)","Unfall 99550 (2020) Kat:3, Licht: 1","99550","3","6","2","11","16","5","0","1","0","1","0","1"
"POINT (8.473766358000034 52.078794751000032)","Unfall 99578 (2020) Kat:2, Licht: 0","99578","2","3","5","11","12","7","0","0","0","1","0","0"
"POINT (8.543087076000063 52.021407787000044)","Unfall 99631 (2020) Kat:3, Licht: 2","99631","3","6","1","11","19","5","0","2","0","1","0","0"
"POINT (8.564088002000062 52.034775299000046)","Unfall 99648 (2020) Kat:3, Licht: 1","99648","3","3","5","11","15","4","0","1","0","1","0","0"
"POINT (8.556528831000037 51.963645319000079)","Unfall 99838 (2020) Kat:3, Licht: 0","99838","3","6","2","11","11","6","0","0","0","1","0","0"
"POINT (8.551310958000045 51.995314670000027)","Unfall 99842 (2020) Kat:3, Licht: 0","99842","3","6","4","11","07","3","1","0","0","1","0","0"
"POINT (8.543457913000054 52.036565285000052)","Unfall 99849 (2020) Kat:3, Licht: 2","99849","3","1","8","11","06","3","2","2","1","0","0","0"
"POINT (8.558352913000022 52.001955070000065)","Unfall 99859 (2020) Kat:3, Licht: 0","99859","3","3","5","11","12","5","1","0","0","1","0","0"
"POINT (8.533444534000068 52.098360211000056)","Unfall 99953 (2020) Kat:2, Licht: 2","99953","2","4","6","11","19","2","1","2","0","1","1","0"
"POINT (8.608977870000047 52.064391937000039)","Unfall 99959 (2020) Kat:3, Licht: 0","99959","3","3","5","11","15","2","0","0","0","1","0","0"
"POINT (8.564690246000055 52.055058002000067)","Unfall 100179 (2020) Kat:3, Licht: 2","100179","3","2","0","11","18","6","0","2","1","1","0","0"
"POINT (8.612318125000058 52.005633453000030)","Unfall 100261 (2020) Kat:3, Licht: 2","100261","3","6","1","11","18","1","1","2","0","1","0","0"
"POINT (8.555630595000025 52.033177919000082)","Unfall 100290 (2020) Kat:3, Licht: 2","100290","3","6","2","11","16","5","0","2","0","1","0","0"
"POINT (8.554402844000038 52.033325084000069)","Unfall 100337 (2020) Kat:3, Licht: 2","100337","3","6","2","11","18","3","1","2","0","1","0","0"
"POINT (8.548316567000029 52.014741793000042)","Unfall 100397 (2020) Kat:3, Licht: 0","100397","3","7","0","11","07","5","0","0","1","1","0","0"
"POINT (8.485025536000023 51.979707930000075)","Unfall 100401 (2020) Kat:3, Licht: 0","100401","3","6","3","11","14","6","1","0","0","1","0","0"
"POINT (8.482435956000074 52.037689088000036)","Unfall 100414 (2020) Kat:3, Licht: 0","100414","3","3","5","11","15","4","0","0","1","1","0","0"
"POINT (8.569357145000026 51.952468118000070)","Unfall 100508 (2020) Kat:3, Licht: 2","100508","3","6","1","11","18","2","1","2","0","1","0","0"
"POINT (8.497380409000073 52.058154810000076)","Unfall 100517 (2020) Kat:2, Licht: 2","100517","2","1","5","11","05","2","0","2","0","1","0","1"
"POINT (8.557817931000045 51.948935378000044)","Unfall 100530 (2020) Kat:2, Licht: 0","100530","2","6","3","11","15","4","0","0","0","1","0","0"
"POINT (8.591084877000071 51.996881534000067)","Unfall 100534 (2020) Kat:3, Licht: 0","100534","3","4","0","11","15","7","0","0","1","0","1","0"
"POINT (8.559653621000052 52.037014715000055)","Unfall 100622 (2020) Kat:3, Licht: 2","100622","3","1","1","11","17","5","1","2","0","1","0","0"
"POINT (8.572149287000059 52.001429143000053)","Unfall 100638 (2020) Kat:3, Licht: 2","100638","3","6","2","11","17","4","0","2","0","1","0","0"
"POINT (8.657648643000073 52.054090847000055)","Unfall 100733 (2020) Kat:2, Licht: 0","100733","2","1","3","11","14","2","0","0","0","1","0","0"
"POINT (8.617499935000069 52.028016534000074)","Unfall 100735 (2020) Kat:3, Licht: 0","100735","3","1","0","11","12","2","0","0","1","0","0","0"
"POINT (8.569849662000024 52.039366245000053)","Unfall 100737 (2020) Kat:3, Licht: 0","100737","3","2","6","11","08","2","0","0","0","1","1","0"
"POINT (8.565325074000043 52.012172601000032)","Unfall 101173 (2020) Kat:3, Licht: 2","101173","3","3","5","11","05","4","0","2","1","1","0","0"
"POINT (8.554284631000030 52.035982572000080)","Unfall 101174 (2020) Kat:2, Licht: 0","101174","2","6","2","11","13","4","0","0","0","1","0","0"
"POINT (8.545119204000059 52.043851020000034)","Unfall 101444 (2020) Kat:3, Licht: 2","101444","3","6","2","11","18","2","1","2","0","1","0","1"
"POINT (8.515406407000057 52.028622836000068)","Unfall 101445 (2020) Kat:3, Licht: 1","101445","3","3","5","11","07","2","0","1","1","1","0","0"
"POINT (8.456953994000060 51.965142694000065)","Unfall 101760 (2020) Kat:3, Licht: 2","101760","3","1","2","12","17","6","1","2","0","1","0","0"
"POINT (8.543923245000030 51.934189355000058)","Unfall 101761 (2020) Kat:3, Licht: 1","101761","3","2","4","12","08","6","1","1","0","1","0","0"
"POINT (8.553246583000032 52.021549106000066)","Unfall 101762 (2020) Kat:3, Licht: 2","101762","3","4","6","12","17","6","0","2","0","1","1","0"
"POINT (8.603325525000059 52.028478895000035)","Unfall 101763 (2020) Kat:3, Licht: 0","101763","3","1","8","12","12","6","1","0","0","1","0","0"
"POINT (8.484439810000026 51.979690451000067)","Unfall 101883 (2020) Kat:3, Licht: 2","101883","3","6","2","12","18","4","0","2","0","1","0","0"
"POINT (8.572118166000053 52.001436507000051)","Unfall 101888 (2020) Kat:2, Licht: 2","101888","2","2","6","12","07","5","1","2","0","1","1","0"
"POINT (8.610563985000056 52.028929351000045)","Unfall 101889 (2020) Kat:3, Licht: 1","101889","3","5","7","12","16","5","0","1","1","0","0","0"
"POINT (8.636584145000029 52.015999563000037)","Unfall 101890 (2020) Kat:3, Licht: 2","101890","3","1","9","12","07","5","1","2","0","1","0","0"
"POINT (8.542302358000029 51.974983692000080)","Unfall 101892 (2020) Kat:2, Licht: 0","101892","2","2","4","12","10","4","1","0","0","1","0","0"
"POINT (8.639379998000038 52.055502065000042)","Unfall 101896 (2020) Kat:3, Licht: 2","101896","3","2","5","12","07","4","1","2","0","1","0","0"
"POINT (8.556232036000040 52.005038151000065)","Unfall 101908 (2020) Kat:3, Licht: 2","101908","3","4","6","12","17","4","0","2","0","1","1","0"
"POINT (8.523864160000073 52.034952044000079)","Unfall 101928 (2020) Kat:3, Licht: 2","101928","3","6","2","12","16","4","0","2","0","1","0","0"
"POINT (8.543389838000053 52.036043423000081)","Unfall 101970 (2020) Kat:3, Licht: 0","101970","3","6","2","12","16","3","0","0","0","1","0","0"
"POINT (8.518289148000065 51.976271205000046)","Unfall 101997 (2020) Kat:3, Licht: 2","101997","3","2","4","12","16","2","1","2","0","1","0","0"
"POINT (8.553450729000076 52.057834509000031)","Unfall 102003 (2020) Kat:3, Licht: 0","102003","3","3","5","12","11","2","1","0","1","1","0","0"
"POINT (8.519268216000057 51.990795470000080)","Unfall 102094 (2020) Kat:3, Licht: 2","102094","3","1","9","12","22","3","2","2","0","1","0","0"
"POINT (8.543186859000059 52.032982517000050)","Unfall 102193 (2020) Kat:3, Licht: 2","102193","3","3","0","12","17","5","0","2","1","1","0","0"
"POINT (8.489415477000023 51.980019405000064)","Unfall 102320 (2020) Kat:3, Licht: 0","102320","3","6","3","12","11","2","1","0","0","1","0","0"
"POINT (8.530112105000058 52.028102478000051)","Unfall 102322 (2020) Kat:2, Licht: 2","102322","2","4","6","12","06","2","0","2","0","1","1","0"
"POINT (8.481458995000025 52.022152412000082)","Unfall 102323 (2020) Kat:3, Licht: 0","102323","3","2","5","12","09","2","1","0","1","0","0","0"
"POINT (8.609048083000062 51.931766733000075)","Unfall 102353 (2020) Kat:3, Licht: 2","102353","3","6","1","12","16","4","1","2","0","1","0","0"
"POINT (8.582364309000070 51.998961854000072)","Unfall 102421 (2020) Kat:3, Licht: 0","102421","3","3","5","12","15","6","0","0","1","1","0","0"
"POINT (8.554331560000037 52.033320513000035)","Unfall 102430 (2020) Kat:3, Licht: 0","102430","3","2","3","12","08","6","0","0","1","1","0","0"
"POINT (8.592375945000072 52.038992252000071)","Unfall 102437 (2020) Kat:3, Licht: 2","102437","3","2","4","12","18","6","0","2","0","1","0","0"
"POINT (8.597629804000064 52.011855085000036)","Unfall 102602 (2020) Kat:2, Licht: 0","102602","2","6","2","12","11","4","0","0","0","0","0","0"
"POINT (8.518988250000064 52.054139442000064)","Unfall 102707 (2020) Kat:3, Licht: 0","102707","3","3","5","12","14","2","0","0","0","1","0","0"
"POINT (8.574212333000048 51.951150432000077)","Unfall 102773 (2020) Kat:3, Licht: 0","102773","3","6","1","12","13","2","0","0","0","1","0","0"
"POINT (8.553106638000031 52.025395220000064)","Unfall 102829 (2020) Kat:3, Licht: 0","102829","3","2","5","12","13","7","0","0","0","1","0","0"
"POINT (8.619343611000033 52.013461416000041)","Unfall 102855 (2020) Kat:3, Licht: 0","102855","3","3","5","12","10","2","1","0","0","1","0","0"
"POINT (8.631723232000070 52.014833438000039)","Unfall 102893 (2020) Kat:2, Licht: 2","102893","2","6","2","12","18","7","0","2","0","1","0","0"
"POINT (8.547633060000067 52.057582882000077)","Unfall 102917 (2020) Kat:3, Licht: 0","102917","3","2","3","12","14","7","0","0","1","1","0","0"
"POINT (8.519137572000034 52.054221815000062)","Unfall 102922 (2020) Kat:2, Licht: 2","102922","2","3","5","12","19","1","1","2","0","1","0","0"
"POINT (8.645402042000058 51.994020298000066)","Unfall 103035 (2020) Kat:3, Licht: 0","103035","3","3","5","12","14","6","0","0","0","1","0","1"
"POINT (8.500030819000074 51.954818590000059)","Unfall 103037 (2020) Kat:2, Licht: 2","103037","2","3","5","12","06","2","1","2","0","1","0","0"
"POINT (8.524181203000069 52.037855888000081)","Unfall 103092 (2020) Kat:2, Licht: 2","103092","2","2","5","12","20","7","1","2","1","1","0","0"
"POINT (8.561536386000057 52.034244920000049)","Unfall 103178 (2020) Kat:3, Licht: 2","103178","3","2","6","12","17","1","1","2","0","1","1","0"
"POINT (8.593556425000031 51.996201049000035)","Unfall 103248 (2020) Kat:3, Licht: 2","103248","3","5","8","12","19","5","1","2","0","1","1","0"
"POINT (9.073656110000059 52.221306457000026)","Unfall 103463 (2020) Kat:2, Licht: 2","103463","2","1","2","12","21","4","0","2","0","1","0","0"
"POINT (8.581792964000044 52.050673440000025)","Unfall 103465 (2020) Kat:1, Licht: 0","103465","1","1","8","12","12","5","1","0","0","1","0","0"
"POINT (8.466394174000072 52.021161090000078)","Unfall 103475 (2020) Kat:3, Licht: 2","103475","3","1","0","12","21","2","1","2","0","1","0","0"
"POINT (8.556324471000039 52.005023201000029)","Unfall 103523 (2020) Kat:2, Licht: 0","103523","2","7","6","12","11","5","1","0","0","1","1","0"
"POINT (8.530657836000046 52.023416445000066)","Unfall 200945 (2020) Kat:3, Licht: 0","200945","3","3","5","01","10","5","0","0","1","1","0","0"
"POINT (8.483585448000042 51.984442055000045)","Unfall 201080 (2020) Kat:3, Licht: 2","201080","3","6","5","01","18","7","1","2","0","1","0","0"
"POINT (8.452978614000074 51.972366916000055)","Unfall 201185 (2020) Kat:2, Licht: 2","201185","2","4","6","01","19","5","1","2","0","1","1","0"
"POINT (8.479564328000038 51.992441185000075)","Unfall 201188 (2020) Kat:3, Licht: 0","201188","3","3","0","01","15","5","1","0","1","1","0","0"
"POINT (8.604368555000065 52.043765821000079)","Unfall 201189 (2020) Kat:3, Licht: 0","201189","3","3","5","01","15","5","0","0","0","1","0","1"
"POINT (8.561366839000073 52.009902204000070)","Unfall 201190 (2020) Kat:3, Licht: 0","201190","3","3","0","01","15","5","0","0","1","0","1","0"
"POINT (8.548129915000061 52.025297769000076)","Unfall 201286 (2020) Kat:3, Licht: 0","201286","3","6","2","01","14","6","1","0","0","1","0","0"
"POINT (8.584815303000028 51.991252236000037)","Unfall 201294 (2020) Kat:3, Licht: 0","201294","3","4","6","01","12","6","1","0","0","1","1","0"
"POINT (8.532758668000042 52.039152254000044)","Unfall 201333 (2020) Kat:3, Licht: 2","201333","3","2","4","01","06","6","1","2","0","1","0","0"
"POINT (8.538404537000076 52.034567705000029)","Unfall 201454 (2020) Kat:3, Licht: 0","201454","3","7","6","01","14","4","0","0","1","0","1","0"
"POINT (8.564784868000061 52.028270172000077)","Unfall 201559 (2020) Kat:3, Licht: 2","201559","3","1","1","01","19","4","1","2","1","0","0","0"
"POINT (8.592652814000076 51.949343341000031)","Unfall 201636 (2020) Kat:2, Licht: 2","201636","2","4","6","01","19","1","1","2","0","1","1","0"
"POINT (8.494613166000022 51.994484084000078)","Unfall 201806 (2020) Kat:3, Licht: 1","201806","3","6","2","01","07","6","0","1","0","1","0","0"
"POINT (8.510028878000071 52.005389556000068)","Unfall 201824 (2020) Kat:3, Licht: 0","201824","3","2","6","01","16","5","0","0","0","1","1","0"
"POINT (8.522471858000074 52.011361082000064)","Unfall 201827 (2020) Kat:3, Licht: 0","201827","3","3","5","01","10","5","0","0","1","1","0","0"
"POINT (8.504558609000071 52.000187487000062)","Unfall 201850 (2020) Kat:3, Licht: 0","201850","3","3","5","01","15","2","1","0","1","1","0","0"
"POINT (8.485500563000073 51.984513331000073)","Unfall 201872 (2020) Kat:3, Licht: 0","201872","3","7","6","01","15","6","0","0","0","1","1","0"
"POINT (8.572000438000032 51.945171693000077)","Unfall 201903 (2020) Kat:3, Licht: 0","201903","3","7","0","01","09","4","2","0","1","0","0","0"
"POINT (8.524767613000051 51.954786095000031)","Unfall 202010 (2020) Kat:2, Licht: 0","202010","2","2","0","01","09","4","2","0","1","0","0","0"
"POINT (8.546812606000060 52.021449487000041)","Unfall 202029 (2020) Kat:2, Licht: 1","202029","2","4","6","01","07","6","0","1","0","1","1","0"
"POINT (8.522274859000049 52.013138099000059)","Unfall 202042 (2020) Kat:3, Licht: 0","202042","3","7","6","01","07","3","0","0","0","1","1","0"
"POINT (8.525300178000066 52.071325520000073)","Unfall 202166 (2020) Kat:2, Licht: 0","202166","2","1","9","01","10","4","0","0","0","1","0","0"
"POINT (8.544135303000076 52.046851559000061)","Unfall 202167 (2020) Kat:3, Licht: 0","202167","3","7","5","01","11","4","0","0","1","1","0","0"
"POINT (8.519172118000029 52.011206988000026)","Unfall 202176 (2020) Kat:3, Licht: 0","202176","3","3","6","01","07","2","1","0","0","1","1","0"
"POINT (8.539670577000038 52.032556220000060)","Unfall 202182 (2020) Kat:3, Licht: 0","202182","3","2","6","01","11","2","1","0","0","1","1","0"
"POINT (8.551027266000062 52.048644735000039)","Unfall 202281 (2020) Kat:3, Licht: 2","202281","3","3","0","01","18","3","1","2","1","1","0","0"
"POINT (8.504424265000068 52.044432610000058)","Unfall 202369 (2020) Kat:3, Licht: 0","202369","3","6","1","01","16","5","0","0","0","1","0","0"
"POINT (8.608321754000031 52.006276186000036)","Unfall 202398 (2020) Kat:3, Licht: 0","202398","3","6","2","02","12","3","0","0","0","1","0","0"
"POINT (8.611095499000044 52.013075766000043)","Unfall 202753 (2020) Kat:2, Licht: 0","202753","2","2","5","02","14","6","0","0","1","1","0","0"
"POINT (8.630359081000051 51.992315086000076)","Unfall 202812 (2020) Kat:3, Licht: 0","202812","3","5","1","02","09","4","1","0","0","1","0","0"
"POINT (8.574519423000027 52.021248152000055)","Unfall 202903 (2020) Kat:3, Licht: 0","202903","3","4","0","02","11","5","1","0","0","0","1","0"
"POINT (8.537764051000067 52.024764044000051)","Unfall 202960 (2020) Kat:3, Licht: 2","202960","3","2","5","02","07","6","1","2","1","0","0","0"
"POINT (8.529851171000075 52.021977852000077)","Unfall 203003 (2020) Kat:2, Licht: 0","203003","2","2","6","02","08","2","1","0","0","1","1","0"
"POINT (8.539737627000022 52.023243748000027)","Unfall 203006 (2020) Kat:3, Licht: 0","203006","3","3","5","02","14","5","1","0","1","1","0","0"
"POINT (8.588746337000032 51.947232688000042)","Unfall 203210 (2020) Kat:2, Licht: 2","203210","2","3","5","02","18","1","0","2","0","1","0","0"
"POINT (8.531312684000056 51.982948537000027)","Unfall 203277 (2020) Kat:3, Licht: 0","203277","3","4","6","02","15","5","0","0","0","1","1","0"
"POINT (8.586944262000031 51.940858040000080)","Unfall 203370 (2020) Kat:3, Licht: 0","203370","3","3","5","02","17","2","1","0","0","1","0","0"
"POINT (8.551177233000033 51.937022546000037)","Unfall 203371 (2020) Kat:3, Licht: 0","203371","3","3","5","02","13","2","0","0","0","1","0","0"
"POINT (8.529123132000052 52.022894067000038)","Unfall 203372 (2020) Kat:2, Licht: 0","203372","2","2","6","02","12","2","0","0","0","1","1","0"
"POINT (8.542475282000055 52.040482941000050)","Unfall 203373 (2020) Kat:3, Licht: 2","203373","3","1","0","02","19","2","1","2","1","0","0","0"
"POINT (8.491535636000037 52.036507561000064)","Unfall 203389 (2020) Kat:3, Licht: 0","203389","3","4","6","02","16","2","1","0","0","1","1","0"
"POINT (8.592378763000056 51.992146291000040)","Unfall 203474 (2020) Kat:3, Licht: 0","203474","3","2","5","02","14","1","1","0","0","1","0","1"
"POINT (8.532437333000075 52.040795969000044)","Unfall 203496 (2020) Kat:3, Licht: 0","203496","3","3","5","02","16","2","0","0","0","1","0","0"
"POINT (8.536058002000061 52.101198014000033)","Unfall 203502 (2020) Kat:3, Licht: 0","203502","3","4","6","02","12","6","0","0","0","1","1","0"
"POINT (8.539853131000029 52.024691983000082)","Unfall 203548 (2020) Kat:3, Licht: 0","203548","3","7","6","02","17","4","1","0","0","0","1","0"
"POINT (8.523186265000049 52.010772449000058)","Unfall 203589 (2020) Kat:3, Licht: 0","203589","3","1","7","02","12","2","0","0","1","1","0","0"
"POINT (8.515186034000067 52.002773035000075)","Unfall 203640 (2020) Kat:2, Licht: 0","203640","2","4","0","02","12","7","0","0","0","0","1","0"
"POINT (8.599636109000073 52.010322896000048)","Unfall 203787 (2020) Kat:3, Licht: 2","203787","3","3","5","02","23","5","1","2","1","1","0","0"
"POINT (8.528942822000033 52.023645681000062)","Unfall 203793 (2020) Kat:3, Licht: 2","203793","3","2","5","02","20","5","1","2","1","1","0","0"
"POINT (8.505959734000044 52.035131724000053)","Unfall 203935 (2020) Kat:3, Licht: 0","203935","3","3","0","03","17","4","0","0","1","1","0","0"
"POINT (8.510549054000023 52.044685359000027)","Unfall 203981 (2020) Kat:3, Licht: 0","203981","3","2","5","03","15","5","0","0","0","1","0","0"
"POINT (8.559216391000064 52.004473300000029)","Unfall 204090 (2020) Kat:3, Licht: 0","204090","3","2","1","03","16","5","0","0","0","1","0","0"
"POINT (8.515169256000036 52.012827045000051)","Unfall 204106 (2020) Kat:3, Licht: 0","204106","3","3","0","03","16","3","0","0","1","1","0","0"
"POINT (8.542739525000059 52.040726840000048)","Unfall 204117 (2020) Kat:3, Licht: 0","204117","3","2","3","03","12","3","0","0","1","1","0","0"
"POINT (8.519806163000055 52.042888649000076)","Unfall 204124 (2020) Kat:3, Licht: 0","204124","3","3","0","03","12","3","1","0","0","1","0","1"
"POINT (8.575634632000060 51.951973170000031)","Unfall 204223 (2020) Kat:2, Licht: 1","204223","2","3","5","03","18","5","0","1","1","1","0","0"
"POINT (8.525327723000032 52.027049336000061)","Unfall 204315 (2020) Kat:3, Licht: 0","204315","3","5","0","03","09","2","0","0","1","1","0","0"
"POINT (8.539886914000022 52.024665131000063)","Unfall 204393 (2020) Kat:2, Licht: 0","204393","2","2","6","03","07","3","1","0","0","1","1","0"
"POINT (8.555624708000039 52.003341011000032)","Unfall 204436 (2020) Kat:3, Licht: 0","204436","3","3","5","03","14","1","0","0","1","1","0","0"
"POINT (8.504373344000044 52.044391841000049)","Unfall 204494 (2020) Kat:3, Licht: 0","204494","3","3","5","03","10","7","0","0","1","1","0","0"