WKT,Name,OBJECTID,UKATEGORIE,UTYP1,UART,UMONAT,USTUNDE,UWOCHENTAG,STRZUSTAND,ULICHTVERH,ISTRAD,ISTPKW,ISTFUSS,ISTKRAD
"POINT (8.534303992000048 52.021655761000034)","Unfall 204504 (2020) Kat:3, Licht: 2","204504","3","3","5","03","19","1","0","2","1","1","0","0"
"POINT (8.533411545000035 52.017401351000046)","Unfall 204517 (2020) Kat:2, Licht: 0","204517","2","5","3","03","13","3","0","0","1","1","0","0"
"POINT (8.585983394000039 52.076746272000037)","Unfall 204571 (2020) Kat:3, Licht: 0","204571","3","5","8","03","07","3","0","0","0","1","0","0"
"POINT (8.500410222000028 51.997034112000051)","Unfall 204591 (2020) Kat:3, Licht: 1","204591","3","7","2","03","18","2","0","1","0","1","0","0"
"POINT (8.518024113000024 51.982615692000081)","Unfall 204640 (2020) Kat:3, Licht: 0","204640","3","3","5","03","14","7","0","0","0","1","0","0"
"POINT (8.534987793000028 52.026084233000063)","Unfall 204677 (2020) Kat:2, Licht: 0","204677","2","3","5","03","10","3","0","0","0","0","1","0"
"POINT (8.531062364000036 52.018795642000043)","Unfall 204694 (2020) Kat:2, Licht: 0","204694","2","1","0","03","09","4","0","0","0","1","0","0"
"POINT (8.562925152000048 52.032087754000031)","Unfall 204863 (2020) Kat:3, Licht: 2","204863","3","1","8","03","02","5","0","2","0","1","0","0"
"POINT (8.527022991000024 52.038334679000059)","Unfall 204865 (2020) Kat:3, Licht: 0","204865","3","6","4","03","14","5","0","0","1","0","0","0"
"POINT (8.526705722000031 52.026617269000042)","Unfall 204942 (2020) Kat:3, Licht: 0","204942","3","7","6","03","15","3","0","0","0","1","1","0"
"POINT (8.500533662000066 52.098103727000080)","Unfall 205003 (2020) Kat:3, Licht: 2","205003","3","1","1","04","21","7","0","2","0","1","0","0"
"POINT (8.539662921000058 52.026870212000063)","Unfall 205018 (2020) Kat:3, Licht: 0","205018","3","2","2","04","15","2","0","0","0","1","0","0"
"POINT (8.608228479000047 52.027512766000029)","Unfall 205041 (2020) Kat:3, Licht: 0","205041","3","5","1","04","10","5","0","0","1","1","0","0"
"POINT (8.537910876000069 52.033089166000082)","Unfall 205080 (2020) Kat:3, Licht: 2","205080","3","2","5","04","22","4","0","2","1","1","0","0"
"POINT (8.528959042000054 52.023646769000038)","Unfall 205160 (2020) Kat:3, Licht: 0","205160","3","3","0","04","16","6","0","0","0","1","0","0"
"POINT (8.518275046000042 51.985582914000076)","Unfall 205182 (2020) Kat:3, Licht: 2","205182","3","1","0","04","21","4","0","2","1","1","0","0"
"POINT (8.614040877000036 51.999520842000038)","Unfall 205247 (2020) Kat:3, Licht: 2","205247","3","2","8","04","20","3","0","2","0","0","0","0"
"POINT (8.598082813000076 52.051565553000046)","Unfall 205270 (2020) Kat:3, Licht: 0","205270","3","2","5","04","17","5","0","0","0","1","0","1"
"POINT (8.592113755000071 52.044974361000072)","Unfall 205407 (2020) Kat:3, Licht: 0","205407","3","6","4","04","17","6","0","0","1","1","0","0"
"POINT (8.512338577000037 51.985832028000061)","Unfall 205504 (2020) Kat:3, Licht: 2","205504","3","2","4","04","00","5","0","2","0","1","0","0"
"POINT (8.594434844000034 52.015131212000028)","Unfall 205515 (2020) Kat:2, Licht: 0","205515","2","3","5","04","11","5","0","0","0","1","0","0"
"POINT (8.539478399000075 52.037834555000074)","Unfall 205641 (2020) Kat:3, Licht: 0","205641","3","2","5","04","11","4","0","0","1","1","0","0"
"POINT (8.564906299000029 52.025268008000069)","Unfall 205652 (2020) Kat:3, Licht: 0","205652","3","1","1","04","19","1","0","0","1","1","0","0"
"POINT (8.610351084000058 52.023854177000032)","Unfall 205660 (2020) Kat:3, Licht: 0","205660","3","6","2","04","16","6","0","0","0","1","0","0"
"POINT (8.461477464000041 51.972330652000039)","Unfall 205765 (2020) Kat:3, Licht: 0","205765","3","3","5","04","14","4","0","0","1","1","0","0"
"POINT (8.566417989000058 52.003860653000061)","Unfall 205808 (2020) Kat:3, Licht: 0","205808","3","5","1","04","18","5","0","0","0","1","0","0"
"POINT (8.566776495000056 52.006370658000037)","Unfall 205861 (2020) Kat:3, Licht: 0","205861","3","6","1","04","15","3","0","0","0","1","0","1"
"POINT (8.611312488000067 52.016056949000074)","Unfall 205988 (2020) Kat:2, Licht: 0","205988","2","3","5","04","18","2","0","0","1","0","0","0"
"POINT (8.489403984000035 51.988521102000050)","Unfall 206092 (2020) Kat:3, Licht: 0","206092","3","2","5","04","17","2","0","0","1","1","0","0"
"POINT (8.529839041000059 52.056224166000050)","Unfall 206187 (2020) Kat:3, Licht: 0","206187","3","3","5","04","14","7","0","0","1","1","0","0"
"POINT (8.520960335000041 52.032877917000064)","Unfall 206195 (2020) Kat:2, Licht: 0","206195","2","2","4","04","20","6","0","0","1","1","0","0"
"POINT (8.581818123000062 51.945087206000039)","Unfall 206241 (2020) Kat:2, Licht: 0","206241","2","3","5","05","12","3","0","0","0","1","0","1"
"POINT (8.561635414000023 52.024945525000078)","Unfall 206265 (2020) Kat:3, Licht: 0","206265","3","7","3","05","06","2","1","0","1","1","0","0"
"POINT (8.526747555000043 52.021293109000055)","Unfall 206268 (2020) Kat:3, Licht: 0","206268","3","2","5","05","17","2","0","0","1","1","0","0"
"POINT (8.539049983000041 52.037209028000063)","Unfall 206270 (2020) Kat:2, Licht: 0","206270","2","1","0","05","18","2","0","0","1","0","0","0"
"POINT (8.564546200000052 52.038235887000042)","Unfall 206293 (2020) Kat:3, Licht: 0","206293","3","6","2","04","18","5","0","0","0","1","0","0"
"POINT (8.628329058000077 51.990109446000076)","Unfall 206398 (2020) Kat:3, Licht: 0","206398","3","7","9","05","13","3","0","0","1","0","0","0"
"POINT (8.509805769000025 52.035932791000050)","Unfall 206646 (2020) Kat:2, Licht: 0","206646","2","3","5","05","16","7","0","0","1","1","0","0"
"POINT (8.508615163000059 51.987930221000056)","Unfall 206885 (2020) Kat:3, Licht: 0","206885","3","6","2","05","10","5","0","0","1","1","0","0"
"POINT (8.528982465000070 52.026903676000074)","Unfall 206894 (2020) Kat:3, Licht: 0","206894","3","2","0","05","07","6","0","0","1","0","0","0"
"POINT (8.517288947000054 52.030994214000032)","Unfall 206994 (2020) Kat:2, Licht: 0","206994","2","1","0","05","15","1","0","0","1","0","0","0"
"POINT (8.512274923000064 51.985875295000028)","Unfall 207001 (2020) Kat:2, Licht: 0","207001","2","6","2","05","11","6","0","0","0","1","0","1"
"POINT (8.536949308000033 52.018895269000041)","Unfall 207033 (2020) Kat:3, Licht: 1","207033","3","3","5","05","20","1","0","1","1","1","0","0"
"POINT (8.537590200000068 52.024762748000057)","Unfall 207044 (2020) Kat:3, Licht: 0","207044","3","6","3","05","20","7","0","0","0","1","0","0"
"POINT (8.528341423000029 52.029138445000058)","Unfall 207047 (2020) Kat:2, Licht: 0","207047","2","7","6","05","15","7","0","0","0","1","1","0"
"POINT (8.541040483000074 52.024972199000047)","Unfall 207097 (2020) Kat:3, Licht: 0","207097","3","3","5","05","16","2","0","0","1","1","0","0"
"POINT (8.580460978000076 52.018651028000079)","Unfall 207193 (2020) Kat:2, Licht: 0","207193","2","2","8","05","17","3","0","0","1","0","0","0"
"POINT (8.507506157000023 51.951694714000041)","Unfall 207199 (2020) Kat:2, Licht: 0","207199","2","1","0","05","16","2","0","0","1","0","0","0"
"POINT (8.428077467000037 51.963418936000039)","Unfall 207396 (2020) Kat:3, Licht: 0","207396","3","5","6","05","10","6","0","0","0","1","1","0"
"POINT (8.599170603000061 52.011111761000052)","Unfall 207398 (2020) Kat:2, Licht: 0","207398","2","3","5","05","17","6","1","0","1","1","0","0"
"POINT (8.511468432000072 51.990045028000054)","Unfall 207418 (2020) Kat:3, Licht: 0","207418","3","7","1","05","19","4","0","0","1","1","0","0"
"POINT (8.539101052000035 52.037293375000047)","Unfall 207429 (2020) Kat:3, Licht: 1","207429","3","6","2","05","05","4","0","1","0","1","0","0"
"POINT (8.582211527000027 52.017236306000029)","Unfall 207438 (2020) Kat:3, Licht: 0","207438","3","5","1","05","17","2","0","0","1","1","0","0"
"POINT (8.524972899000034 52.045854243000065)","Unfall 207808 (2020) Kat:3, Licht: 0","207808","3","7","1","05","09","1","0","0","0","1","0","0"
"POINT (8.543598026000041 52.055852499000082)","Unfall 207811 (2020) Kat:3, Licht: 0","207811","3","2","0","06","14","2","0","0","0","1","0","1"
"POINT (8.528666169000076 52.025133866000033)","Unfall 208105 (2020) Kat:3, Licht: 0","208105","3","1","0","06","11","3","0","0","1","0","0","0"
"POINT (8.495296699000051 52.057436335000034)","Unfall 208111 (2020) Kat:2, Licht: 2","208111","2","6","3","06","22","3","0","2","1","0","0","1"
"POINT (8.534237475000055 52.021627194000075)","Unfall 208114 (2020) Kat:3, Licht: 0","208114","3","2","3","06","17","3","0","0","1","0","0","0"
"POINT (8.507551250000063 51.991618995000067)","Unfall 208131 (2020) Kat:3, Licht: 0","208131","3","5","1","06","18","4","0","0","0","1","0","0"
"POINT (8.598499963000052 52.048101337000048)","Unfall 208287 (2020) Kat:3, Licht: 0","208287","3","7","0","06","19","4","0","0","0","1","1","0"
"POINT (8.610369991000027 52.033364986000038)","Unfall 208299 (2020) Kat:2, Licht: 0","208299","2","2","5","06","14","5","0","0","1","1","0","0"
"POINT (8.521660712000028 51.958371052000075)","Unfall 208308 (2020) Kat:2, Licht: 0","208308","2","2","4","06","11","3","0","0","0","1","0","1"
"POINT (8.592735445000074 52.004858448000050)","Unfall 208367 (2020) Kat:2, Licht: 0","208367","2","3","0","06","14","1","0","0","1","1","0","0"
"POINT (8.544557594000025 51.970853675000058)","Unfall 208446 (2020) Kat:3, Licht: 2","208446","3","5","8","06","22","7","0","2","1","1","0","0"
"POINT (8.576275749000047 52.036363049000045)","Unfall 208447 (2020) Kat:3, Licht: 0","208447","3","5","0","06","10","7","0","0","1","1","0","0"
"POINT (8.566520767000043 52.021870000000035)","Unfall 208547 (2020) Kat:2, Licht: 0","208547","2","2","5","06","15","6","1","0","1","1","0","0"
"POINT (8.572994653000023 51.943376702000080)","Unfall 208558 (2020) Kat:3, Licht: 0","208558","3","7","0","06","15","1","1","0","0","1","1","0"
"POINT (8.497226926000053 51.990936799000053)","Unfall 208561 (2020) Kat:2, Licht: 0","208561","2","7","6","06","13","5","0","0","0","1","1","0"
"POINT (8.610369991000027 52.033364986000038)","Unfall 208606 (2020) Kat:3, Licht: 0","208606","3","2","5","06","12","6","0","0","0","1","0","0"
"POINT (8.523621029000026 52.037536962000047)","Unfall 208623 (2020) Kat:3, Licht: 0","208623","3","2","3","06","12","7","0","0","1","0","0","0"
"POINT (8.532132140000044 52.034555715000067)","Unfall 208659 (2020) Kat:3, Licht: 0","208659","3","3","5","06","19","6","0","0","0","1","0","0"
"POINT (8.564028517000054 52.008479018000060)","Unfall 208700 (2020) Kat:3, Licht: 0","208700","3","7","0","06","11","6","0","0","0","1","1","0"
"POINT (8.582802425000068 51.925125358000059)","Unfall 208715 (2020) Kat:2, Licht: 0","208715","2","5","1","06","15","7","0","0","0","1","0","1"
"POINT (8.521311829000069 52.032677424000042)","Unfall 208768 (2020) Kat:2, Licht: 0","208768","2","5","0","06","17","6","0","0","1","0","1","0"
"POINT (8.527954441000077 52.022060972000077)","Unfall 208794 (2020) Kat:2, Licht: 0","208794","2","4","6","06","10","4","0","0","0","0","1","0"
"POINT (8.533583004000036 52.028850854000041)","Unfall 208807 (2020) Kat:3, Licht: 0","208807","3","1","0","06","18","6","0","0","0","1","0","0"
"POINT (8.527243077000037 52.019459494000046)","Unfall 208875 (2020) Kat:3, Licht: 0","208875","3","2","5","06","07","4","0","0","1","1","0","0"
"POINT (8.533677973000067 52.017742356000042)","Unfall 208876 (2020) Kat:3, Licht: 0","208876","3","2","0","06","16","4","1","0","1","1","0","0"
"POINT (8.539532232000056 52.037817831000041)","Unfall 208878 (2020) Kat:3, Licht: 0","208878","3","2","3","06","09","4","0","0","1","1","0","0"
"POINT (8.598712763000037 52.011940320000065)","Unfall 208948 (2020) Kat:2, Licht: 0","208948","2","2","5","06","07","2","1","0","1","1","0","0"
"POINT (8.555144893000033 52.038505844000042)","Unfall 208951 (2020) Kat:3, Licht: 0","208951","3","5","0","06","11","2","1","0","1","1","0","0"
"POINT (8.534410365000042 52.027083180000034)","Unfall 209018 (2020) Kat:3, Licht: 0","209018","3","4","6","06","07","3","1","0","0","1","1","0"
"POINT (8.539565052000057 52.037857231000032)","Unfall 209021 (2020) Kat:3, Licht: 0","209021","3","2","3","06","18","3","0","0","1","0","0","0"
"POINT (8.508478199000024 51.987829223000062)","Unfall 209032 (2020) Kat:3, Licht: 0","209032","3","2","5","06","17","5","1","0","0","1","0","0"
"POINT (8.611802879000038 52.033575840000026)","Unfall 209295 (2020) Kat:3, Licht: 0","209295","3","7","0","06","18","7","0","0","0","1","0","0"
"POINT (8.543544092000047 52.016283134000048)","Unfall 209301 (2020) Kat:3, Licht: 0","209301","3","1","0","06","17","6","0","0","1","0","0","0"
"POINT (8.539020999000059 52.026871699000026)","Unfall 209446 (2020) Kat:3, Licht: 0","209446","3","2","4","06","16","4","0","0","1","1","0","0"
"POINT (8.512668035000047 52.028368083000032)","Unfall 209447 (2020) Kat:2, Licht: 0","209447","2","5","1","06","13","4","0","0","0","1","0","0"
"POINT (8.522685508000052 52.100637114000051)","Unfall 209467 (2020) Kat:2, Licht: 0","209467","2","1","0","06","11","5","0","0","1","0","0","0"
"POINT (8.564945501000068 52.013337855000032)","Unfall 209568 (2020) Kat:3, Licht: 0","209568","3","3","5","06","12","2","0","0","1","0","0","1"
"POINT (8.577361169000028 52.041106454000044)","Unfall 209574 (2020) Kat:3, Licht: 0","209574","3","3","5","06","12","2","0","0","0","1","0","0"
"POINT (8.528841588000034 52.026749388000042)","Unfall 209576 (2020) Kat:3, Licht: 0","209576","3","2","5","06","17","2","0","0","0","1","0","1"
"POINT (8.521034726000039 52.027104968000060)","Unfall 209633 (2020) Kat:3, Licht: 2","209633","3","6","0","06","21","7","0","2","1","1","0","0"
"POINT (8.612972189000061 52.061803115000032)","Unfall 209661 (2020) Kat:2, Licht: 0","209661","2","1","9","06","21","1","0","0","0","1","0","0"
"POINT (8.520168860000069 51.981470011000056)","Unfall 209753 (2020) Kat:3, Licht: 0","209753","3","3","5","06","12","6","0","0","1","1","0","0"
"POINT (8.539794510000036 52.019743993000077)","Unfall 209770 (2020) Kat:3, Licht: 0","209770","3","3","5","06","14","6","0","0","0","1","0","0"
"POINT (8.532277441000076 52.015190650000079)","Unfall 209793 (2020) Kat:3, Licht: 0","209793","3","7","0","06","12","6","0","0","1","1","0","0"
"POINT (8.561086660000058 52.008913444000029)","Unfall 209850 (2020) Kat:2, Licht: 0","209850","2","2","5","06","19","6","0","0","0","1","0","0"
"POINT (8.532440647000044 52.040779352000072)","Unfall 209853 (2020) Kat:3, Licht: 0","209853","3","3","5","06","13","6","0","0","0","1","0","0"
"POINT (8.504324606000068 51.995899376000068)","Unfall 209916 (2020) Kat:3, Licht: 0","209916","3","3","5","07","15","5","1","0","0","1","0","0"
"POINT (8.542645480000033 52.016442320000067)","Unfall 209919 (2020) Kat:3, Licht: 0","209919","3","2","3","07","14","5","1","0","1","1","0","0"
"POINT (8.555851273000030 52.015419993000080)","Unfall 210018 (2020) Kat:3, Licht: 0","210018","3","4","0","07","15","4","1","0","0","1","1","0"
"POINT (8.555333741000027 52.012177724000026)","Unfall 210020 (2020) Kat:3, Licht: 0","210020","3","3","5","07","08","4","1","0","0","1","0","0"
"POINT (8.537481667000066 52.031311057000039)","Unfall 210022 (2020) Kat:3, Licht: 0","210022","3","1","3","07","14","4","1","0","0","1","0","0"
"POINT (8.538558056000056 52.024931266000067)","Unfall 210114 (2020) Kat:3, Licht: 0","210114","3","5","1","07","08","7","0","0","1","1","0","0"
"POINT (8.561366839000073 52.009902204000070)","Unfall 210155 (2020) Kat:3, Licht: 0","210155","3","3","5","07","17","2","0","0","1","1","0","0"
"POINT (8.646627767000041 52.047588748000067)","Unfall 210253 (2020) Kat:3, Licht: 0","210253","3","7","5","07","12","4","1","0","0","0","0","1"
"POINT (8.517533773000025 51.982902657000068)","Unfall 210354 (2020) Kat:3, Licht: 0","210354","3","3","5","07","08","4","1","0","0","1","0","0"
"POINT (8.531107356000064 52.016297320000035)","Unfall 210469 (2020) Kat:2, Licht: 2","210469","2","1","0","07","02","7","0","2","1","0","0","0"
"POINT (8.512320788000068 52.051541310000061)","Unfall 210519 (2020) Kat:3, Licht: 0","210519","3","2","4","07","07","6","0","0","0","1","0","0"
"POINT (8.567587613000057 52.025002433000054)","Unfall 210578 (2020) Kat:3, Licht: 0","210578","3","6","2","07","13","7","0","0","0","1","0","0"
"POINT (8.548979888000076 52.016551629000048)","Unfall 210715 (2020) Kat:3, Licht: 0","210715","3","3","5","07","10","7","0","0","1","1","0","0"
"POINT (8.533490475000065 52.023385553000026)","Unfall 210779 (2020) Kat:3, Licht: 0","210779","3","7","5","07","15","6","0","0","1","1","0","0"
"POINT (8.536582122000027 52.033952345000046)","Unfall 210839 (2020) Kat:3, Licht: 0","210839","3","1","4","07","09","4","1","0","0","1","0","0"
"POINT (8.530243867000024 52.024998968000034)","Unfall 210961 (2020) Kat:2, Licht: 0","210961","2","3","5","07","20","3","0","0","1","1","0","0"
"POINT (8.517317957000046 52.036418473000026)","Unfall 210964 (2020) Kat:3, Licht: 0","210964","3","3","5","07","19","4","0","0","1","0","0","0"
"POINT (8.536853028000053 52.013228992000052)","Unfall 211012 (2020) Kat:2, Licht: 0","211012","2","2","6","07","12","3","0","0","0","1","1","0"
"POINT (8.507568637000077 51.993336830000032)","Unfall 211027 (2020) Kat:3, Licht: 0","211027","3","1","0","07","10","1","0","0","1","0","0","0"
"POINT (8.487749603000054 51.987535380000054)","Unfall 211067 (2020) Kat:3, Licht: 0","211067","3","3","5","07","17","3","0","0","0","1","0","0"
"POINT (8.519734859000039 52.011554519000072)","Unfall 211099 (2020) Kat:3, Licht: 0","211099","3","2","5","07","17","2","0","0","1","1","0","0"
"POINT (8.596886722000022 52.009499151000057)","Unfall 211116 (2020) Kat:2, Licht: 0","211116","2","7","5","07","15","3","0","0","1","0","0","0"
"POINT (8.552765832000034 51.963262558000054)","Unfall 211253 (2020) Kat:3, Licht: 2","211253","3","1","0","07","01","7","0","2","0","0","0","1"
"POINT (8.539764108000043 52.021411963000048)","Unfall 211343 (2020) Kat:3, Licht: 0","211343","3","3","0","07","16","6","0","0","1","0","0","0"
"POINT (8.497389822000059 51.994345017000057)","Unfall 211431 (2020) Kat:3, Licht: 0","211431","3","1","8","07","13","6","0","0","0","1","0","0"
"POINT (8.524803950000035 52.016793504000077)","Unfall 211496 (2020) Kat:3, Licht: 0","211496","3","6","1","07","11","6","0","0","1","0","0","0"
"POINT (8.542141360000073 52.022177511000052)","Unfall 211517 (2020) Kat:3, Licht: 0","211517","3","5","1","07","10","4","0","0","1","1","0","0"
"POINT (8.541793732000031 52.022320534000073)","Unfall 211525 (2020) Kat:3, Licht: 0","211525","3","1","2","07","20","4","0","0","0","1","0","0"
"POINT (8.516743649000034 52.009454511000058)","Unfall 211537 (2020) Kat:2, Licht: 0","211537","2","1","6","07","15","6","0","0","1","0","1","0"
"POINT (8.515966400000025 52.008989003000067)","Unfall 211588 (2020) Kat:3, Licht: 0","211588","3","3","5","07","12","6","0","0","0","1","0","1"
"POINT (8.507758566000064 52.035511750000069)","Unfall 211618 (2020) Kat:3, Licht: 0","211618","3","2","5","07","12","5","0","0","1","1","0","0"
"POINT (8.566465251000068 52.028972104000047)","Unfall 211629 (2020) Kat:3, Licht: 0","211629","3","6","3","07","17","3","0","0","1","0","0","0"
"POINT (8.613622387000021 51.991110441000046)","Unfall 211683 (2020) Kat:3, Licht: 0","211683","3","3","0","08","19","3","0","0","0","1","0","1"
"POINT (8.536588761000076 52.016846892000046)","Unfall 211761 (2020) Kat:2, Licht: 2","211761","2","1","0","08","01","7","0","2","1","0","0","0"
"POINT (8.505761692000021 52.001724118000027)","Unfall 211773 (2020) Kat:3, Licht: 0","211773","3","6","0","08","10","2","0","0","1","0","0","0"
"POINT (8.532584793000069 52.018586911000057)","Unfall 211774 (2020) Kat:3, Licht: 0","211774","3","2","0","08","19","2","0","0","1","0","0","0"
"POINT (8.567137383000045 52.033323855000049)","Unfall 211776 (2020) Kat:3, Licht: 0","211776","3","6","4","08","17","2","0","0","1","1","0","0"
"POINT (8.517323862000069 52.036412215000041)","Unfall 211777 (2020) Kat:3, Licht: 0","211777","3","3","5","08","14","2","0","0","1","0","0","0"
"POINT (8.539727748000075 52.030131017000031)","Unfall 211926 (2020) Kat:3, Licht: 0","211926","3","3","5","08","18","3","0","0","1","1","0","0"
"POINT (8.589220464000050 52.000556737000068)","Unfall 211968 (2020) Kat:3, Licht: 0","211968","3","7","0","08","13","5","0","0","0","1","0","0"
"POINT (8.556170952000059 52.010341312000037)","Unfall 211987 (2020) Kat:3, Licht: 0","211987","3","3","5","08","15","4","0","0","1","1","0","0"
"POINT (8.527536722000036 51.967071593000071)","Unfall 212004 (2020) Kat:3, Licht: 0","212004","3","3","5","08","11","6","0","0","0","1","0","0"
"POINT (8.565529594000054 52.023550618000058)","Unfall 212055 (2020) Kat:3, Licht: 0","212055","3","3","5","08","14","6","0","0","0","1","0","0"
"POINT (8.539684062000049 52.026870163000069)","Unfall 212071 (2020) Kat:3, Licht: 0","212071","3","2","2","08","13","5","0","0","1","1","0","0"
"POINT (8.518199160000052 51.977106737000042)","Unfall 212095 (2020) Kat:2, Licht: 2","212095","2","1","0","08","23","6","0","2","1","0","0","0"
"POINT (8.544868088000044 52.026686285000039)","Unfall 212121 (2020) Kat:3, Licht: 0","212121","3","4","0","08","16","5","0","0","1","0","1","0"
"POINT (8.529123100000049 52.022894262000079)","Unfall 212159 (2020) Kat:3, Licht: 0","212159","3","2","5","08","13","6","0","0","1","1","0","0"
"POINT (8.561911556000041 52.027046815000062)","Unfall 212170 (2020) Kat:2, Licht: 0","212170","2","1","0","08","06","5","0","0","1","0","0","0"
"POINT (8.560358187000077 52.006514771000070)","Unfall 212230 (2020) Kat:3, Licht: 0","212230","3","3","5","08","18","2","0","0","0","1","0","0"
"POINT (8.506252116000042 51.949320051000029)","Unfall 212239 (2020) Kat:3, Licht: 0","212239","3","3","5","08","15","3","0","0","1","1","0","0"
"POINT (8.529512860000068 52.022373663000053)","Unfall 212241 (2020) Kat:2, Licht: 0","212241","2","2","4","08","11","3","0","0","1","1","0","0"
"POINT (8.543010168000023 52.040685636000035)","Unfall 212243 (2020) Kat:3, Licht: 0","212243","3","6","2","08","11","3","0","0","0","1","0","0"
"POINT (8.525481714000023 52.026193996000075)","Unfall 212244 (2020) Kat:3, Licht: 0","212244","3","3","5","08","13","3","0","0","1","1","0","0"
"POINT (8.482972824000058 51.983986579000032)","Unfall 212306 (2020) Kat:3, Licht: 2","212306","3","5","1","08","22","1","0","2","0","1","0","1"
"POINT (8.481190908000031 52.042860604000055)","Unfall 212392 (2020) Kat:3, Licht: 0","212392","3","3","0","08","16","7","0","0","1","1","0","0"
"POINT (8.509615616000076 52.033621865000043)","Unfall 212436 (2020) Kat:3, Licht: 0","212436","3","5","0","08","13","6","0","0","1","1","0","0"
"POINT (8.505434887000035 51.995020560000057)","Unfall 212523 (2020) Kat:3, Licht: 0","212523","3","5","0","08","16","6","0","0","1","1","0","0"
"POINT (8.601457503000063 52.050559403000079)","Unfall 212539 (2020) Kat:3, Licht: 0","212539","3","4","6","08","11","7","1","0","0","1","1","0"
"POINT (8.532536976000074 52.016313007000065)","Unfall 212629 (2020) Kat:2, Licht: 2","212629","2","7","0","08","22","5","0","2","1","0","0","0"
"POINT (8.534381822000057 52.021699511000065)","Unfall 212645 (2020) Kat:3, Licht: 0","212645","3","3","5","08","13","7","1","0","1","0","0","0"
"POINT (8.512675988000069 51.986088968000047)","Unfall 212666 (2020) Kat:3, Licht: 0","212666","3","6","2","08","18","4","0","0","0","1","0","1"
"POINT (8.522878379000076 52.042945487000054)","Unfall 212671 (2020) Kat:3, Licht: 0","212671","3","5","0","08","10","4","0","0","0","0","0","1"
"POINT (8.528294049000067 52.021100237000041)","Unfall 212685 (2020) Kat:2, Licht: 0","212685","2","4","6","08","14","5","0","0","0","1","1","0"
"POINT (8.514257341000075 52.008116823000080)","Unfall 212695 (2020) Kat:3, Licht: 0","212695","3","5","0","08","07","4","0","0","1","1","0","0"
"POINT (8.598035955000057 52.015313699000046)","Unfall 212697 (2020) Kat:3, Licht: 0","212697","3","3","0","08","16","4","0","0","1","1","0","0"
"POINT (8.535344979000058 52.029654084000072)","Unfall 212698 (2020) Kat:3, Licht: 0","212698","3","7","6","08","12","4","0","0","0","1","1","0"
"POINT (8.612270733000059 52.020166751000033)","Unfall 212700 (2020) Kat:3, Licht: 0","212700","3","1","8","08","11","4","0","0","0","1","0","0"
"POINT (8.522214822000024 52.028732090000062)","Unfall 212702 (2020) Kat:3, Licht: 2","212702","3","3","9","08","00","4","0","2","0","1","0","0"
"POINT (8.523681836000037 52.020494532000043)","Unfall 212704 (2020) Kat:3, Licht: 0","212704","3","1","6","08","18","4","0","0","0","1","1","0"
"POINT (8.599097677000032 52.054564566000067)","Unfall 212853 (2020) Kat:3, Licht: 2","212853","3","1","7","08","03","1","0","2","0","1","0","0"
"POINT (8.534345501000075 52.021846956000047)","Unfall 212998 (2020) Kat:3, Licht: 0","212998","3","3","5","08","08","6","0","0","1","0","0","0"
"POINT (8.518136995000020 51.960235940000075)","Unfall 213086 (2020) Kat:2, Licht: 1","213086","2","1","0","08","20","5","0","1","0","0","0","0"
"POINT (8.529402686000026 51.983855041000027)","Unfall 213102 (2020) Kat:3, Licht: 0","213102","3","4","6","08","15","6","0","0","0","1","1","0"
"POINT (8.587754348000033 51.953859745000045)","Unfall 213150 (2020) Kat:3, Licht: 0","213150","3","6","2","08","11","7","0","0","0","1","0","0"
"POINT (8.533355495000023 52.020361622000053)","Unfall 213187 (2020) Kat:3, Licht: 0","213187","3","7","6","08","19","7","0","0","0","0","1","0"
"POINT (8.537880328000028 52.033599560000027)","Unfall 213250 (2020) Kat:3, Licht: 0","213250","3","2","2","08","13","4","1","0","1","1","0","0"
"POINT (8.544040468000048 52.045412191000082)","Unfall 213329 (2020) Kat:3, Licht: 0","213329","3","3","5","08","16","3","1","0","0","1","0","0"
"POINT (8.513668340000038 52.021517131000053)","Unfall 213356 (2020) Kat:2, Licht: 0","213356","2","4","0","08","17","4","1","0","0","0","1","1"
"POINT (8.544156350000037 52.044533799000078)","Unfall 213408 (2020) Kat:3, Licht: 0","213408","3","2","4","08","16","4","1","0","0","1","0","0"
"POINT (8.517325112000037 52.036410888000034)","Unfall 213435 (2020) Kat:3, Licht: 0","213435","3","3","5","08","17","3","1","0","1","0","0","0"
"POINT (8.519828368000049 51.985232707000080)","Unfall 213460 (2020) Kat:2, Licht: 0","213460","2","1","0","08","18","1","0","0","1","0","0","0"
"POINT (8.532755793000035 52.039172016000066)","Unfall 213466 (2020) Kat:2, Licht: 2","213466","2","1","0","08","23","1","0","2","1","0","0","0"
"POINT (8.522793959000069 52.008319175000054)","Unfall 213562 (2020) Kat:3, Licht: 0","213562","3","1","0","08","15","6","0","0","0","0","0","0"