WKT,Name,OBJECTID,UKATEGORIE,UTYP1,UART,UMONAT,USTUNDE,UWOCHENTAG,STRZUSTAND,ULICHTVERH,ISTRAD,ISTPKW,ISTFUSS,ISTKRAD
"POINT (8.627478604000032 52.042481304000034)","Unfall 213563 (2020) Kat:2, Licht: 0","213563","2","1","0","08","15","6","0","0","0","0","0","1"
"POINT (8.519451279000066 52.034556031000079)","Unfall 213565 (2020) Kat:3, Licht: 0","213565","3","6","0","08","10","6","0","0","0","1","0","0"
"POINT (8.517258278000043 51.998855766000077)","Unfall 213678 (2020) Kat:3, Licht: 0","213678","3","6","0","08","16","7","0","0","1","1","0","0"
"POINT (8.566282341000033 52.016862548000063)","Unfall 213680 (2020) Kat:3, Licht: 0","213680","3","7","3","08","16","7","0","0","0","1","0","0"
"POINT (8.507830126000044 51.987778852000076)","Unfall 213745 (2020) Kat:3, Licht: 0","213745","3","6","2","09","09","4","0","0","0","1","0","0"
"POINT (8.519371681000052 52.077547053000046)","Unfall 213749 (2020) Kat:3, Licht: 0","213749","3","6","0","09","11","5","0","0","1","1","0","0"
"POINT (8.498228937000022 51.980340099000045)","Unfall 213855 (2020) Kat:3, Licht: 0","213855","3","1","2","09","16","4","0","0","0","1","0","0"
"POINT (8.505535502000043 52.032633845000078)","Unfall 213906 (2020) Kat:3, Licht: 0","213906","3","3","4","09","09","4","0","0","1","1","0","0"
"POINT (8.588746699000069 51.947233696000069)","Unfall 214038 (2020) Kat:3, Licht: 0","214038","3","3","5","09","12","7","1","0","1","1","0","0"
"POINT (8.583000204000030 51.938314119000040)","Unfall 214071 (2020) Kat:3, Licht: 0","214071","3","3","5","09","17","2","0","0","0","1","0","0"
"POINT (8.539552353000033 52.037841986000046)","Unfall 214075 (2020) Kat:3, Licht: 0","214075","3","2","3","09","08","2","0","0","1","0","0","0"
"POINT (8.620553328000028 51.992427599000052)","Unfall 214148 (2020) Kat:3, Licht: 0","214148","3","7","0","09","12","6","0","0","0","1","0","0"
"POINT (8.532702091000033 52.039183664000063)","Unfall 214151 (2020) Kat:2, Licht: 0","214151","2","2","5","09","13","6","0","0","0","1","0","1"
"POINT (8.516660114000047 52.037034330000040)","Unfall 214152 (2020) Kat:3, Licht: 0","214152","3","1","0","09","07","6","0","0","1","0","0","0"
"POINT (8.522851377000052 52.025342440000031)","Unfall 214240 (2020) Kat:3, Licht: 2","214240","3","3","5","09","20","5","0","2","0","1","0","0"
"POINT (8.537883797000063 52.026122038000040)","Unfall 214278 (2020) Kat:3, Licht: 0","214278","3","3","5","09","18","5","0","0","1","1","0","0"
"POINT (8.539727523000067 52.030095044000063)","Unfall 214294 (2020) Kat:3, Licht: 0","214294","3","3","5","09","17","3","0","0","1","1","0","0"
"POINT (8.517897561000041 52.035829494000041)","Unfall 214296 (2020) Kat:3, Licht: 0","214296","3","1","9","09","13","3","0","0","1","1","0","0"
"POINT (8.599102245000040 52.054565678000074)","Unfall 214324 (2020) Kat:3, Licht: 0","214324","3","1","7","09","07","5","1","0","0","1","0","0"
"POINT (8.539699014000064 52.026870128000041)","Unfall 214431 (2020) Kat:2, Licht: 0","214431","2","3","5","09","13","5","0","0","0","1","0","0"
"POINT (8.508478199000024 51.987829223000062)","Unfall 214575 (2020) Kat:3, Licht: 0","214575","3","3","5","09","11","1","0","0","0","1","0","0"
"POINT (8.563520684000025 52.017863993000049)","Unfall 214577 (2020) Kat:3, Licht: 0","214577","3","3","5","09","11","1","0","0","0","1","0","0"
"POINT (8.610492483000030 51.994644984000047)","Unfall 214654 (2020) Kat:3, Licht: 0","214654","3","7","0","09","16","2","0","0","1","1","0","0"
"POINT (8.561376595000070 52.009926286000052)","Unfall 214773 (2020) Kat:3, Licht: 0","214773","3","3","5","09","13","4","0","0","1","1","0","0"
"POINT (8.539892051000038 52.024709946000030)","Unfall 214791 (2020) Kat:3, Licht: 0","214791","3","1","0","09","15","3","0","0","0","1","0","0"
"POINT (8.516630479000071 52.035647918000052)","Unfall 214797 (2020) Kat:2, Licht: 0","214797","2","6","2","09","09","3","0","0","1","1","0","0"
"POINT (8.566441905000033 52.017309773000079)","Unfall 215095 (2020) Kat:3, Licht: 0","215095","3","3","5","09","17","7","0","0","1","1","0","0"
"POINT (8.526445885000044 52.019601141000066)","Unfall 215114 (2020) Kat:3, Licht: 0","215114","3","2","3","09","12","6","0","0","1","1","0","0"
"POINT (8.571987595000053 52.000335847000031)","Unfall 215242 (2020) Kat:2, Licht: 0","215242","2","5","1","09","13","1","0","0","1","1","0","0"
"POINT (8.590145154000027 51.992439536000063)","Unfall 215323 (2020) Kat:3, Licht: 0","215323","3","3","0","09","14","2","0","0","0","1","0","0"
"POINT (8.561086660000058 52.008913444000029)","Unfall 215329 (2020) Kat:3, Licht: 1","215329","3","2","2","09","19","2","0","1","0","1","0","0"
"POINT (8.504181022000068 52.044430357000067)","Unfall 215331 (2020) Kat:3, Licht: 0","215331","3","3","0","09","15","2","0","0","1","1","0","0"
"POINT (8.592804838000063 52.003065856000035)","Unfall 215340 (2020) Kat:2, Licht: 0","215340","2","1","8","09","18","2","0","0","0","0","0","1"
"POINT (8.568865688000074 52.029975333000039)","Unfall 215603 (2020) Kat:3, Licht: 2","215603","3","2","2","09","19","7","1","2","1","1","0","0"
"POINT (8.604418505000069 52.031753702000060)","Unfall 215632 (2020) Kat:3, Licht: 0","215632","3","5","1","09","15","2","0","0","1","1","0","0"
"POINT (8.506310467000048 51.994386150000082)","Unfall 215726 (2020) Kat:3, Licht: 0","215726","3","3","5","09","08","2","1","0","1","1","0","0"
"POINT (8.479069909000032 51.997280650000050)","Unfall 215737 (2020) Kat:3, Licht: 0","215737","3","5","1","09","10","6","0","0","0","1","0","0"
"POINT (8.585883380000041 51.945545016000040)","Unfall 215739 (2020) Kat:3, Licht: 1","215739","3","3","0","09","19","6","0","1","1","1","0","0"
"POINT (8.528776937000032 52.024513559000070)","Unfall 215740 (2020) Kat:3, Licht: 0","215740","3","7","6","09","12","6","0","0","0","0","1","0"
"POINT (8.535254003000034 52.026307630000076)","Unfall 215741 (2020) Kat:3, Licht: 2","215741","3","3","0","09","20","6","0","2","1","1","0","0"
"POINT (8.594496018000029 51.947952270000030)","Unfall 215744 (2020) Kat:3, Licht: 0","215744","3","3","5","09","07","5","1","0","0","1","0","1"
"POINT (8.516892860000041 52.036958523000067)","Unfall 215746 (2020) Kat:2, Licht: 1","215746","2","6","0","09","18","5","0","1","0","1","0","0"
"POINT (8.546503485000073 52.048286437000058)","Unfall 215851 (2020) Kat:3, Licht: 1","215851","3","6","0","09","07","3","0","1","0","0","1","1"
"POINT (8.497224362000054 51.992807671000037)","Unfall 215941 (2020) Kat:3, Licht: 0","215941","3","3","5","09","07","3","0","0","1","1","0","0"
"POINT (8.539757755000039 52.026869992000059)","Unfall 215964 (2020) Kat:3, Licht: 0","215964","3","6","2","09","14","4","0","0","1","1","0","0"
"POINT (8.519660501000033 51.985276061000036)","Unfall 215980 (2020) Kat:2, Licht: 0","215980","2","3","0","10","09","5","0","0","1","0","0","0"
"POINT (8.497068483000021 51.992654155000082)","Unfall 216040 (2020) Kat:2, Licht: 2","216040","2","6","0","10","06","5","0","2","1","0","0","0"
"POINT (8.528959042000054 52.023646769000038)","Unfall 216060 (2020) Kat:3, Licht: 0","216060","3","2","5","10","17","3","1","0","1","1","0","0"
"POINT (8.585807484000043 52.067228072000034)","Unfall 216064 (2020) Kat:3, Licht: 0","216064","3","2","5","10","12","2","0","0","0","1","0","1"
"POINT (8.541612270000030 52.022401981000030)","Unfall 216132 (2020) Kat:3, Licht: 0","216132","3","6","1","10","14","6","0","0","0","1","0","0"
"POINT (8.527911993000032 52.046642340000062)","Unfall 216137 (2020) Kat:3, Licht: 0","216137","3","6","3","10","12","6","0","0","1","1","0","0"
"POINT (8.541533285000071 52.054187585000079)","Unfall 216142 (2020) Kat:3, Licht: 0","216142","3","7","6","10","15","6","0","0","0","1","1","0"
"POINT (8.529843735000043 52.056402092000042)","Unfall 216150 (2020) Kat:3, Licht: 0","216150","3","7","0","10","15","6","0","0","1","0","1","0"
"POINT (8.536942814000042 52.018477167000071)","Unfall 216165 (2020) Kat:3, Licht: 0","216165","3","5","1","10","14","3","1","0","1","1","0","0"
"POINT (8.512869312000021 51.988996533000034)","Unfall 216170 (2020) Kat:3, Licht: 0","216170","3","4","6","10","17","2","0","0","0","1","1","0"
"POINT (8.516889339000045 52.036932065000030)","Unfall 216219 (2020) Kat:3, Licht: 0","216219","3","3","5","10","16","3","0","0","0","1","0","0"
"POINT (8.533162027000060 52.018320444000040)","Unfall 216275 (2020) Kat:3, Licht: 0","216275","3","3","5","10","08","3","1","0","1","0","0","0"
"POINT (8.504348582000034 51.995881791000045)","Unfall 216387 (2020) Kat:3, Licht: 2","216387","3","2","5","10","20","5","1","2","1","1","0","0"
"POINT (8.547047754000062 52.032281628000078)","Unfall 216388 (2020) Kat:3, Licht: 1","216388","3","2","4","10","07","5","1","1","1","1","0","0"
"POINT (8.557476567000037 52.025250111000048)","Unfall 216389 (2020) Kat:3, Licht: 0","216389","3","6","2","10","16","5","1","0","0","1","0","0"
"POINT (8.554107259000034 52.024175376000073)","Unfall 216390 (2020) Kat:3, Licht: 0","216390","3","6","1","10","15","5","1","0","0","1","0","1"
"POINT (8.515573193000023 52.008747069000037)","Unfall 216398 (2020) Kat:3, Licht: 0","216398","3","6","2","10","14","6","0","0","0","1","0","0"
"POINT (8.539167968000072 52.016255335000039)","Unfall 216402 (2020) Kat:3, Licht: 0","216402","3","1","6","10","14","6","1","0","1","0","1","0"
"POINT (8.537943945000052 52.033103229000062)","Unfall 216411 (2020) Kat:3, Licht: 0","216411","3","2","5","10","14","6","0","0","1","1","0","0"
"POINT (8.528128791000029 52.025297143000046)","Unfall 216422 (2020) Kat:3, Licht: 2","216422","3","6","8","10","23","6","0","2","0","1","0","0"
"POINT (8.520895547000066 52.012784595000028)","Unfall 216492 (2020) Kat:3, Licht: 0","216492","3","1","2","10","11","4","1","0","0","1","0","0"
"POINT (8.598603883000067 51.993482627000049)","Unfall 216493 (2020) Kat:3, Licht: 1","216493","3","4","6","10","18","4","1","1","0","1","1","0"
"POINT (8.598206846000039 51.927890134000052)","Unfall 216771 (2020) Kat:3, Licht: 0","216771","3","3","5","10","12","3","0","0","1","1","0","0"
"POINT (8.510041960000024 52.005333826000026)","Unfall 216796 (2020) Kat:3, Licht: 2","216796","3","3","5","10","20","7","1","2","0","1","0","0"
"POINT (8.504899693000027 51.995448947000057)","Unfall 216799 (2020) Kat:2, Licht: 2","216799","2","1","0","10","19","7","1","2","1","0","0","0"
"POINT (8.540343744000040 52.019717235000030)","Unfall 216815 (2020) Kat:3, Licht: 0","216815","3","1","0","10","08","4","1","0","0","0","0","1"
"POINT (8.561670802000037 52.010561271000029)","Unfall 216864 (2020) Kat:3, Licht: 0","216864","3","2","0","10","16","4","0","0","0","1","1","0"
"POINT (8.537034988000073 52.019720295000070)","Unfall 216904 (2020) Kat:3, Licht: 0","216904","3","3","1","10","16","2","0","0","1","1","0","0"
"POINT (8.536986982000030 52.021396363000065)","Unfall 217202 (2020) Kat:3, Licht: 1","217202","3","7","0","10","17","7","1","1","1","1","0","0"
"POINT (8.635725148000063 51.996422021000058)","Unfall 217273 (2020) Kat:3, Licht: 0","217273","3","6","4","10","14","6","1","0","0","1","0","0"
"POINT (8.508739379000076 52.032977345000063)","Unfall 217277 (2020) Kat:3, Licht: 0","217277","3","2","5","10","13","6","1","0","1","1","0","0"
"POINT (8.523367997000037 52.030892449000078)","Unfall 217285 (2020) Kat:3, Licht: 0","217285","3","3","5","10","14","6","1","0","0","1","0","0"
"POINT (8.539834683000038 52.024209404000032)","Unfall 217303 (2020) Kat:3, Licht: 0","217303","3","6","2","10","16","5","0","0","0","1","0","0"
"POINT (8.554770087000065 52.010412270000074)","Unfall 217306 (2020) Kat:3, Licht: 0","217306","3","3","5","10","11","7","1","0","1","1","0","0"
"POINT (8.595052217000045 52.050485512000080)","Unfall 217307 (2020) Kat:3, Licht: 0","217307","3","7","6","10","16","5","0","0","0","1","1","0"
"POINT (8.544040166000059 52.045414537000056)","Unfall 217323 (2020) Kat:3, Licht: 0","217323","3","3","5","10","15","6","1","0","0","1","0","0"
"POINT (8.511091064000027 52.030670695000026)","Unfall 217337 (2020) Kat:3, Licht: 0","217337","3","4","6","10","08","6","1","0","1","0","1","0"
"POINT (8.534371257000032 52.021317371000066)","Unfall 217390 (2020) Kat:3, Licht: 2","217390","3","1","0","10","18","5","1","2","0","0","0","1"
"POINT (8.527583792000030 52.049242695000032)","Unfall 217392 (2020) Kat:3, Licht: 2","217392","3","1","9","10","19","5","1","2","0","1","0","0"
"POINT (8.507136315000025 52.033661197000072)","Unfall 217394 (2020) Kat:3, Licht: 0","217394","3","2","3","10","13","5","0","0","1","0","0","0"
"POINT (8.565884921000077 52.022846391000030)","Unfall 217511 (2020) Kat:3, Licht: 1","217511","3","1","6","10","22","4","1","1","0","1","1","0"
"POINT (8.529869431000066 52.021989526000027)","Unfall 217512 (2020) Kat:3, Licht: 0","217512","3","3","5","10","09","4","0","0","1","1","0","0"
"POINT (8.558740167000053 52.039498126000069)","Unfall 217513 (2020) Kat:3, Licht: 0","217513","3","5","6","10","12","4","0","0","0","1","1","0"
"POINT (8.589159503000076 51.956808382000077)","Unfall 217611 (2020) Kat:3, Licht: 0","217611","3","3","5","11","08","4","0","0","1","1","0","0"
"POINT (8.528666281000028 52.025131050000027)","Unfall 217676 (2020) Kat:3, Licht: 0","217676","3","3","5","11","13","4","0","0","1","1","0","0"
"POINT (8.573208963000070 52.021698729000036)","Unfall 217678 (2020) Kat:3, Licht: 0","217678","3","1","1","11","08","3","0","0","1","1","0","0"
"POINT (8.532806558000061 52.016642785000045)","Unfall 217738 (2020) Kat:2, Licht: 2","217738","2","6","3","11","22","2","1","2","1","1","0","0"
"POINT (8.516939684000022 52.009575059000042)","Unfall 217767 (2020) Kat:3, Licht: 0","217767","3","2","5","11","14","4","0","0","0","1","0","1"
"POINT (8.505626411000037 52.001361120000070)","Unfall 217785 (2020) Kat:3, Licht: 0","217785","3","3","5","11","15","3","0","0","1","1","0","0"
"POINT (8.612526839000054 51.953363175000050)","Unfall 217797 (2020) Kat:2, Licht: 0","217797","2","3","5","10","15","7","1","0","0","1","0","1"
"POINT (8.543984131000059 52.046187001000078)","Unfall 217808 (2020) Kat:3, Licht: 0","217808","3","3","0","10","10","7","1","0","1","1","0","0"
"POINT (8.525839631000054 52.040567696000039)","Unfall 217836 (2020) Kat:3, Licht: 0","217836","3","1","0","11","13","3","0","0","0","1","0","1"
"POINT (8.533230572000036 52.017169717000058)","Unfall 217875 (2020) Kat:3, Licht: 0","217875","3","3","5","11","16","7","0","0","1","0","0","0"
"POINT (8.496977776000051 51.991689358000031)","Unfall 218003 (2020) Kat:3, Licht: 2","218003","3","7","1","11","18","2","0","2","0","1","0","0"
"POINT (8.560780127000044 52.007918656000072)","Unfall 218012 (2020) Kat:2, Licht: 0","218012","2","2","3","11","16","2","1","0","1","1","0","0"
"POINT (8.566520767000043 52.021870000000035)","Unfall 218082 (2020) Kat:3, Licht: 0","218082","3","2","5","11","13","5","0","0","1","1","0","0"
"POINT (8.603751752000051 52.050331450000044)","Unfall 218152 (2020) Kat:3, Licht: 0","218152","3","3","0","11","15","6","0","0","1","1","0","0"
"POINT (8.478025627000022 51.980256733000033)","Unfall 218284 (2020) Kat:3, Licht: 0","218284","3","6","2","11","08","4","0","0","0","1","0","0"
"POINT (8.488690544000065 51.997517669000047)","Unfall 218289 (2020) Kat:3, Licht: 1","218289","3","4","6","11","17","4","0","1","0","1","1","0"
"POINT (8.534657314000071 52.020198649000065)","Unfall 218294 (2020) Kat:3, Licht: 0","218294","3","7","6","11","14","4","0","0","1","0","1","0"
"POINT (8.577383809000025 52.041116317000046)","Unfall 218391 (2020) Kat:3, Licht: 0","218391","3","6","2","11","09","2","0","0","0","1","0","0"
"POINT (8.560815901000069 52.008038214000067)","Unfall 218423 (2020) Kat:3, Licht: 0","218423","3","6","2","11","14","4","0","0","0","1","0","0"
"POINT (8.533228447000056 52.017166996000071)","Unfall 218483 (2020) Kat:3, Licht: 2","218483","3","3","0","11","17","2","1","2","1","0","0","0"
"POINT (8.543243510000025 52.025145982000026)","Unfall 218517 (2020) Kat:2, Licht: 0","218517","2","2","6","11","09","7","0","0","0","1","1","0"
"POINT (8.530819155000074 52.005249722000030)","Unfall 218743 (2020) Kat:3, Licht: 0","218743","3","2","6","11","09","2","1","0","0","1","1","0"
"POINT (8.611047641000027 52.022288396000079)","Unfall 218834 (2020) Kat:3, Licht: 0","218834","3","7","9","11","11","5","0","0","0","1","0","0"
"POINT (8.579909639000050 52.003382875000057)","Unfall 218837 (2020) Kat:3, Licht: 0","218837","3","1","0","11","16","6","1","0","0","1","0","0"
"POINT (8.517456642000070 52.030685083000037)","Unfall 218846 (2020) Kat:3, Licht: 0","218846","3","3","0","11","11","5","1","0","1","0","0","0"
"POINT (8.585680803000059 51.941791278000039)","Unfall 218848 (2020) Kat:3, Licht: 0","218848","3","3","5","11","07","2","0","0","0","1","0","1"
"POINT (8.561311688000046 52.039021051000077)","Unfall 218899 (2020) Kat:3, Licht: 2","218899","3","2","6","11","16","6","0","2","0","1","1","0"
"POINT (8.533227160000024 52.017165348000049)","Unfall 218950 (2020) Kat:1, Licht: 2","218950","1","3","0","11","17","1","0","2","1","0","0","0"
"POINT (8.557162293000033 52.022315208000066)","Unfall 219000 (2020) Kat:3, Licht: 1","219000","3","3","1","11","19","6","0","1","1","1","0","0"
"POINT (8.523621029000026 52.037536962000047)","Unfall 219051 (2020) Kat:3, Licht: 2","219051","3","6","2","11","17","6","0","2","0","1","0","0"
"POINT (8.565989717000036 52.015431293000063)","Unfall 219092 (2020) Kat:2, Licht: 0","219092","2","3","6","11","11","2","0","0","0","1","1","0"
"POINT (8.564120296000056 52.008458583000049)","Unfall 219228 (2020) Kat:3, Licht: 0","219228","3","3","5","12","11","5","1","0","0","1","0","0"
"POINT (8.539664459000051 52.032564948000072)","Unfall 219231 (2020) Kat:3, Licht: 2","219231","3","2","4","12","18","5","0","2","0","1","0","0"
"POINT (8.600605257000041 52.022437110000055)","Unfall 219329 (2020) Kat:3, Licht: 0","219329","3","4","6","12","15","4","0","0","0","1","1","0"
"POINT (8.494549303000042 52.049655820000055)","Unfall 219330 (2020) Kat:3, Licht: 2","219330","3","6","3","12","05","4","1","2","1","0","0","0"
"POINT (8.508188559000075 52.004158268000026)","Unfall 219411 (2020) Kat:3, Licht: 2","219411","3","3","5","12","07","2","1","2","1","1","0","0"
"POINT (8.538087693000023 52.033203583000045)","Unfall 219414 (2020) Kat:3, Licht: 1","219414","3","7","3","12","16","2","1","1","1","1","0","0"
"POINT (8.516929455000025 52.010565549000034)","Unfall 219471 (2020) Kat:3, Licht: 0","219471","3","3","0","12","10","4","0","0","1","1","0","0"
"POINT (8.558428091000053 52.010184422000066)","Unfall 219641 (2020) Kat:3, Licht: 0","219641","3","2","0","12","11","7","1","0","1","1","0","0"
"POINT (8.554744530000050 52.020621292000044)","Unfall 219643 (2020) Kat:2, Licht: 0","219643","2","5","0","12","10","7","1","0","1","1","0","0"
"POINT (8.509968158000049 51.991421500000058)","Unfall 219796 (2020) Kat:3, Licht: 0","219796","3","2","6","12","13","2","1","0","0","1","1","0"
"POINT (8.591368203000059 52.001914781000039)","Unfall 219800 (2020) Kat:3, Licht: 0","219800","3","3","5","12","15","2","1","0","0","1","0","0"
"POINT (8.594964032000064 51.997840636000035)","Unfall 219801 (2020) Kat:3, Licht: 2","219801","3","4","6","12","20","2","1","2","0","1","1","0"
"POINT (8.555567150000059 52.073011054000062)","Unfall 219944 (2020) Kat:3, Licht: 2","219944","3","6","6","12","17","2","1","2","0","1","1","0"
"POINT (8.559174856000027 52.025949855000079)","Unfall 219979 (2020) Kat:3, Licht: 0","219979","3","6","4","12","14","3","1","0","0","1","0","0"
"POINT (8.504111510000030 52.044414296000070)","Unfall 219993 (2020) Kat:3, Licht: 0","219993","3","3","5","12","13","6","0","0","1","1","0","0"
"POINT (8.509825961000047 51.992311319000066)","Unfall 219994 (2020) Kat:3, Licht: 0","219994","3","2","6","12","14","5","0","0","0","1","1","0"
"POINT (8.531835919000059 52.027884179000068)","Unfall 220062 (2020) Kat:3, Licht: 0","220062","3","4","6","12","11","7","0","0","1","0","1","0"
"POINT (8.652838728000063 52.050760446000027)","Unfall 220102 (2020) Kat:3, Licht: 2","220102","3","4","6","12","17","6","0","2","1","0","1","0"
"POINT (8.524427951000064 52.028765814000053)","Unfall 220138 (2020) Kat:3, Licht: 0","220138","3","3","5","12","08","3","1","0","1","1","0","0"
"POINT (8.530207041000040 52.021187392000058)","Unfall 220166 (2020) Kat:3, Licht: 0","220166","3","3","0","12","09","7","0","0","1","1","0","0"
"POINT (8.585626007000030 51.992517055000064)","Unfall 220291 (2020) Kat:2, Licht: 0","220291","2","3","5","12","11","5","1","0","0","1","0","0"
"POINT (8.510126831000036 52.052727056000037)","Unfall 220367 (2020) Kat:3, Licht: 0","220367","3","3","5","12","10","3","1","0","1","1","0","0"
"POINT (8.553993457000047 51.963839779000068)","Unfall 220423 (2020) Kat:3, Licht: 0","220423","3","4","6","12","11","2","0","0","0","1","1","0"
"POINT (8.622282456000050 52.013335531000052)","Unfall 44474 (2021) Kat:2, Licht: 2","44474","2","7","4","3","5","2","","2","1","0","0","0"
"POINT (8.524300200000027 52.037956225000073)","Unfall 44483 (2021) Kat:3, Licht: 2","44483","3","2","3","9","21","2","","2","1","1","0","0"
"POINT (8.560095423000064 52.033964138000044)","Unfall 44484 (2021) Kat:3, Licht: 0","44484","3","2","5","6","12","6","","0","0","1","0","0"
"POINT (8.517802918000029 52.016015722000077)","Unfall 44517 (2021) Kat:3, Licht: 0","44517","3","3","5","2","13","6","","0","0","1","0","0"
"POINT (8.640003831000058 51.982116675000043)","Unfall 44525 (2021) Kat:3, Licht: 0","44525","3","6","2","6","11","4","","0","0","1","0","0"
"POINT (8.569126290000042 51.954139398000052)","Unfall 44535 (2021) Kat:3, Licht: 0","44535","3","6","2","4","13","5","","0","0","1","0","0"
"POINT (8.505817816000047 51.968932991000031)","Unfall 44547 (2021) Kat:3, Licht: 2","44547","3","2","4","11","6","3","","2","1","1","0","0"
"POINT (8.629389205000052 52.011295911000047)","Unfall 44555 (2021) Kat:2, Licht: 0","44555","2","6","2","3","12","4","","0","0","1","0","1"
"POINT (8.527416102000075 52.031350390000057)","Unfall 44562 (2021) Kat:3, Licht: 0","44562","3","2","5","6","13","3","","0","0","1","0","0"
"POINT (8.561553503000027 51.950284099000044)","Unfall 44563 (2021) Kat:3, Licht: 0","44563","3","6","0","1","12","6","","0","0","1","0","0"
"POINT (8.543163600000071 52.033372119000035)","Unfall 44565 (2021) Kat:3, Licht: 0","44565","3","3","5","12","16","5","","0","0","1","0","0"
"POINT (8.575422292000042 52.028219554000032)","Unfall 44589 (2021) Kat:3, Licht: 2","44589","3","1","8","10","3","1","","2","0","1","0","0"
"POINT (8.492895895000061 51.980458217000034)","Unfall 44604 (2021) Kat:2, Licht: 0","44604","2","7","1","10","15","6","","0","0","1","0","0"
"POINT (8.592399328000056 52.038995137000029)","Unfall 44606 (2021) Kat:3, Licht: 2","44606","3","2","5","3","19","3","","2","0","1","0","0"
"POINT (8.497782942000072 51.950151722000044)","Unfall 44618 (2021) Kat:3, Licht: 0","44618","3","3","5","5","8","5","","0","1","1","0","0"
"POINT (8.636482725000064 52.024717579000026)","Unfall 44634 (2021) Kat:3, Licht: 2","44634","3","6","0","6","23","4","","2","0","1","0","1"
"POINT (8.529262990000063 52.028719308000063)","Unfall 44644 (2021) Kat:3, Licht: 0","44644","3","6","2","10","10","4","","0","0","1","0","0"
"POINT (8.565372809000053 52.024201145000063)","Unfall 44645 (2021) Kat:3, Licht: 0","44645","3","6","1","1","14","2","","0","0","1","0","0"
"POINT (8.548857230000067 52.021699129000069)","Unfall 44647 (2021) Kat:3, Licht: 2","44647","3","3","5","12","19","4","","2","0","1","0","0"
"POINT (8.572069145000057 51.955714658000034)","Unfall 44661 (2021) Kat:2, Licht: 0","44661","2","6","2","10","17","5","","0","0","1","0","0"
"POINT (8.548794340000029 52.007012384000063)","Unfall 44690 (2021) Kat:3, Licht: 2","44690","3","4","6","11","19","2","","2","0","1","1","0"
"POINT (8.545963432000065 51.972442368000031)","Unfall 44719 (2021) Kat:3, Licht: 2","44719","3","6","2","12","7","2","","2","0","1","0","0"
"POINT (8.475420262000057 51.996464405000040)","Unfall 44730 (2021) Kat:3, Licht: 2","44730","3","1","5","12","7","4","","2","0","1","1","0"
"POINT (8.570544000000041 52.001695222000080)","Unfall 44741 (2021) Kat:3, Licht: 0","44741","3","3","5","10","8","6","","0","1","1","0","0"
"POINT (8.496986024000023 52.058515189000047)","Unfall 44758 (2021) Kat:3, Licht: 0","44758","3","1","4","7","17","1","","0","0","1","0","0"
"POINT (8.620023205000052 51.999251626000046)","Unfall 44766 (2021) Kat:3, Licht: 0","44766","3","6","2","3","16","6","","0","0","1","0","0"
"POINT (8.529862121000065 52.090944112000045)","Unfall 44768 (2021) Kat:3, Licht: 0","44768","3","7","1","12","14","2","","0","0","1","0","0"
"POINT (8.549092759000075 52.048148457000082)","Unfall 44771 (2021) Kat:2, Licht: 0","44771","2","3","5","5","12","7","","0","1","1","0","0"
"POINT (8.518498453000063 51.972999870000081)","Unfall 44781 (2021) Kat:2, Licht: 0","44781","2","7","9","4","10","2","","0","0","1","0","0"
"POINT (8.483957900000064 51.997340856000051)","Unfall 44782 (2021) Kat:2, Licht: 0","44782","2","3","5","6","7","7","","0","1","1","0","0"
"POINT (8.553338593000035 51.968583732000070)","Unfall 44783 (2021) Kat:3, Licht: 0","44783","3","2","4","6","10","4","","0","1","1","0","0"
"POINT (8.634454324000046 52.020553970000037)","Unfall 44789 (2021) Kat:3, Licht: 0","44789","3","7","8","3","13","6","","0","0","1","0","0"
"POINT (8.456120647000034 52.048668324000062)","Unfall 44793 (2021) Kat:3, Licht: 0","44793","3","7","6","12","11","6","","0","0","1","1","0"
"POINT (8.524663160000046 52.017247216000044)","Unfall 44799 (2021) Kat:3, Licht: 0","44799","3","3","5","9","17","6","","0","1","1","0","0"
"POINT (8.547418915000037 51.971833821000075)","Unfall 44802 (2021) Kat:3, Licht: 0","44802","3","1","8","11","10","2","","0","0","1","0","0"
"POINT (8.573462049000057 51.950607183000045)","Unfall 44812 (2021) Kat:3, Licht: 2","44812","3","7","5","12","17","3","","2","0","1","0","0"
"POINT (8.609498210000027 52.058075791000078)","Unfall 44828 (2021) Kat:3, Licht: 0","44828","3","4","0","1","14","5","","0","0","1","1","0"
"POINT (8.520261761000029 51.960132414000043)","Unfall 44830 (2021) Kat:3, Licht: 0","44830","3","4","6","4","14","4","","0","0","1","1","0"
"POINT (8.555630595000025 52.033177919000082)","Unfall 44831 (2021) Kat:3, Licht: 0","44831","3","2","3","6","17","4","","0","1","1","0","0"
"POINT (8.569930059000058 51.955288366000048)","Unfall 44854 (2021) Kat:3, Licht: 0","44854","3","6","2","10","17","3","","0","0","1","0","0"
"POINT (8.486136367000029 51.997656679000045)","Unfall 44857 (2021) Kat:3, Licht: 0","44857","3","6","2","9","20","7","","0","0","1","0","0"