WKT,Name,OBJECTID,UKATEGORIE,UTYP1,UART,UMONAT,USTUNDE,UWOCHENTAG,STRZUSTAND,ULICHTVERH,ISTRAD,ISTPKW,ISTFUSS,ISTKRAD
"POINT (8.558735888000058 52.003291132000072)","Unfall 44874 (2021) Kat:3, Licht: 0","44874","3","3","5","12","11","4","","0","0","1","0","0"
"POINT (8.543830969000055 52.040698122000038)","Unfall 44876 (2021) Kat:3, Licht: 0","44876","3","6","2","6","14","5","","0","0","1","0","0"
"POINT (8.504278198000065 52.005990630000042)","Unfall 44886 (2021) Kat:1, Licht: 1","44886","1","6","2","12","16","2","","1","0","1","0","0"
"POINT (8.521071212000038 52.026511505000030)","Unfall 44904 (2021) Kat:2, Licht: 0","44904","2","1","0","6","19","2","","0","0","1","0","0"
"POINT (8.538327124000034 51.994218423000063)","Unfall 44923 (2021) Kat:2, Licht: 2","44923","2","1","0","9","20","3","","2","1","0","0","0"
"POINT (8.547861055000055 52.034493866000048)","Unfall 44926 (2021) Kat:3, Licht: 0","44926","3","7","0","10","13","7","","0","0","1","1","0"
"POINT (8.585802260000037 52.049280596000074)","Unfall 44936 (2021) Kat:3, Licht: 0","44936","3","2","5","9","9","4","","0","0","1","0","0"
"POINT (8.518295351000063 51.976177462000066)","Unfall 44937 (2021) Kat:3, Licht: 2","44937","3","2","4","2","19","6","","2","0","1","0","1"
"POINT (8.603406009000025 52.028006695000045)","Unfall 44939 (2021) Kat:3, Licht: 0","44939","3","2","5","7","15","5","","0","1","1","0","0"
"POINT (8.455168831000037 51.963845708000065)","Unfall 44948 (2021) Kat:3, Licht: 2","44948","3","1","7","3","0","6","","2","0","1","0","0"
"POINT (8.565101204000030 51.951894416000073)","Unfall 44955 (2021) Kat:3, Licht: 0","44955","3","6","3","2","15","2","","0","0","1","0","0"
"POINT (8.522946609000030 52.042310140000041)","Unfall 44986 (2021) Kat:3, Licht: 0","44986","3","2","6","5","15","2","","0","0","1","1","0"
"POINT (8.646043507000059 51.994168888000047)","Unfall 44997 (2021) Kat:3, Licht: 0","44997","3","3","1","6","7","7","","0","1","1","0","0"
"POINT (8.570813800000053 52.037518969000075)","Unfall 45012 (2021) Kat:3, Licht: 2","45012","3","4","6","3","19","5","","2","0","1","1","0"
"POINT (8.554798237000057 52.030696949000060)","Unfall 45020 (2021) Kat:3, Licht: 0","45020","3","6","2","6","14","5","","0","0","1","0","0"
"POINT (8.614907936000066 51.985826638000049)","Unfall 45034 (2021) Kat:3, Licht: 0","45034","3","1","8","7","11","6","","0","0","0","0","0"
"POINT (8.529535446000068 52.027985132000026)","Unfall 45036 (2021) Kat:3, Licht: 0","45036","3","6","3","10","9","2","","0","1","0","0","0"
"POINT (8.566144335000047 52.035271186000045)","Unfall 45037 (2021) Kat:3, Licht: 1","45037","3","1","0","5","21","7","","1","0","1","0","0"
"POINT (8.551576598000054 52.054028597000070)","Unfall 45039 (2021) Kat:3, Licht: 0","45039","3","3","5","12","13","6","","0","1","1","0","0"
"POINT (8.508032668000055 51.973326955000061)","Unfall 45049 (2021) Kat:3, Licht: 0","45049","3","3","2","9","14","3","","0","1","1","0","0"
"POINT (8.516671750000057 52.028284427000074)","Unfall 45059 (2021) Kat:3, Licht: 2","45059","3","6","3","12","16","3","","2","1","1","0","0"
"POINT (8.554867753000053 52.005260939000038)","Unfall 45060 (2021) Kat:3, Licht: 1","45060","3","1","0","4","6","6","","1","0","0","0","1"
"POINT (8.638930746000028 52.032088802000033)","Unfall 45066 (2021) Kat:2, Licht: 2","45066","2","1","8","10","6","4","","2","0","1","0","0"
"POINT (8.547606048000034 52.057582188000026)","Unfall 45080 (2021) Kat:3, Licht: 0","45080","3","6","2","9","14","3","","0","0","1","0","0"
"POINT (8.582799155000032 52.038531816000045)","Unfall 45090 (2021) Kat:3, Licht: 0","45090","3","3","0","6","18","5","","0","1","1","0","0"
"POINT (8.510645143000033 51.983694926000055)","Unfall 45091 (2021) Kat:2, Licht: 0","45091","2","7","0","3","11","1","","0","1","1","0","0"
"POINT (8.574654058000021 51.951400241000044)","Unfall 45121 (2021) Kat:3, Licht: 0","45121","3","3","5","10","11","2","","0","0","1","0","0"
"POINT (8.504809237000075 51.983341773000063)","Unfall 45122 (2021) Kat:2, Licht: 0","45122","2","1","9","4","10","4","","0","0","1","1","0"
"POINT (8.598850437000067 52.038965421000057)","Unfall 45124 (2021) Kat:3, Licht: 0","45124","3","2","4","3","14","5","","0","0","1","0","0"
"POINT (8.608676435000064 52.058146385000043)","Unfall 45140 (2021) Kat:2, Licht: 0","45140","2","3","5","9","15","1","","0","0","1","0","1"
"POINT (8.523986625000020 52.034624791000056)","Unfall 45142 (2021) Kat:3, Licht: 0","45142","3","3","5","10","8","6","","0","0","1","0","1"
"POINT (8.465338654000050 51.989254960000039)","Unfall 45156 (2021) Kat:3, Licht: 0","45156","3","7","0","6","7","6","","0","1","1","0","0"
"POINT (8.540302883000038 52.011462294000069)","Unfall 45168 (2021) Kat:3, Licht: 0","45168","3","3","5","9","13","6","","0","1","1","0","0"
"POINT (8.514024939000024 52.094334779000064)","Unfall 45177 (2021) Kat:3, Licht: 2","45177","3","2","5","11","17","3","","2","0","1","0","0"
"POINT (8.552941277000059 52.057055571000035)","Unfall 45179 (2021) Kat:3, Licht: 1","45179","3","3","2","1","16","3","","1","0","1","0","0"
"POINT (8.529293221000046 52.028625641000076)","Unfall 45194 (2021) Kat:3, Licht: 0","45194","3","6","3","10","15","4","","0","0","1","0","0"
"POINT (8.551235082000062 51.994861540000045)","Unfall 45197 (2021) Kat:2, Licht: 0","45197","2","1","8","11","10","4","","0","0","1","0","0"
"POINT (8.484576301000061 52.037076691000038)","Unfall 45208 (2021) Kat:3, Licht: 2","45208","3","1","0","12","19","5","","2","1","0","0","0"
"POINT (8.607172929000058 52.063017941000055)","Unfall 45222 (2021) Kat:3, Licht: 2","45222","3","6","2","10","19","3","","2","0","1","0","0"
"POINT (8.545829330000061 52.044389074000037)","Unfall 45226 (2021) Kat:3, Licht: 1","45226","3","2","5","9","19","5","","1","1","1","0","0"
"POINT (8.575891472000023 52.029113856000038)","Unfall 45236 (2021) Kat:3, Licht: 0","45236","3","3","5","11","11","7","","0","1","1","0","0"
"POINT (8.607488774000046 51.990648936000071)","Unfall 45264 (2021) Kat:3, Licht: 1","45264","3","2","4","10","19","5","","1","0","1","0","0"
"POINT (8.526746153000033 52.032078895000041)","Unfall 45265 (2021) Kat:3, Licht: 0","45265","3","7","8","6","19","6","","0","0","1","0","0"
"POINT (8.564393118000055 52.084315336000031)","Unfall 45266 (2021) Kat:2, Licht: 2","45266","2","6","8","7","3","1","","2","0","1","0","0"
"POINT (8.543716634000020 52.039452489000041)","Unfall 45268 (2021) Kat:3, Licht: 0","45268","3","6","1","9","17","4","","0","0","1","0","0"
"POINT (8.475741321000044 51.978569839000045)","Unfall 45281 (2021) Kat:3, Licht: 0","45281","3","6","2","2","16","4","","0","0","1","0","0"
"POINT (8.523596698000063 52.038562632000037)","Unfall 45298 (2021) Kat:3, Licht: 0","45298","3","1","3","11","14","6","","0","1","1","0","0"
"POINT (8.559698694000076 51.964920184000050)","Unfall 45299 (2021) Kat:3, Licht: 0","45299","3","7","0","6","15","4","","0","1","0","0","0"
"POINT (8.465102377000051 51.970950042000027)","Unfall 45310 (2021) Kat:2, Licht: 0","45310","2","2","0","3","15","4","","0","0","1","0","0"
"POINT (8.622237309000070 52.030077344000063)","Unfall 45318 (2021) Kat:3, Licht: 1","45318","3","6","1","7","19","3","","1","0","1","0","0"
"POINT (8.542302358000029 51.974983692000080)","Unfall 45320 (2021) Kat:3, Licht: 0","45320","3","2","4","10","11","5","","0","0","1","0","0"
"POINT (8.569849662000024 52.039366245000053)","Unfall 45321 (2021) Kat:3, Licht: 0","45321","3","2","3","9","16","1","","0","1","1","0","0"
"POINT (8.494729883000048 51.986517813000034)","Unfall 45323 (2021) Kat:2, Licht: 0","45323","2","1","8","7","21","6","","0","0","1","0","0"
"POINT (8.516089471000043 52.080291578000072)","Unfall 45331 (2021) Kat:3, Licht: 0","45331","3","2","5","6","7","2","","0","0","1","0","0"
"POINT (8.553278095000053 51.962641831000042)","Unfall 45333 (2021) Kat:3, Licht: 0","45333","3","3","5","3","17","6","","0","1","1","0","0"
"POINT (8.529929223000067 52.016352908000044)","Unfall 45348 (2021) Kat:3, Licht: 2","45348","3","6","9","11","17","6","","2","0","1","0","1"
"POINT (8.569751353000072 51.955428172000040)","Unfall 45349 (2021) Kat:3, Licht: 0","45349","3","6","2","5","14","6","","0","0","1","0","0"
"POINT (8.550247900000045 52.021842815000070)","Unfall 45351 (2021) Kat:3, Licht: 2","45351","3","7","8","12","21","6","","2","0","1","0","0"
"POINT (8.602335655000047 52.059710064000058)","Unfall 45363 (2021) Kat:3, Licht: 0","45363","3","3","5","9","14","6","","0","0","1","0","0"
"POINT (8.402164884000058 51.958850191000067)","Unfall 45387 (2021) Kat:3, Licht: 0","45387","3","3","5","9","10","3","","0","0","1","0","0"
"POINT (8.599909114000070 51.934842852000031)","Unfall 45392 (2021) Kat:2, Licht: 1","45392","2","2","2","2","17","3","","1","0","1","0","0"
"POINT (8.518988250000064 52.054139442000064)","Unfall 45408 (2021) Kat:3, Licht: 2","45408","3","3","5","6","21","5","","2","0","1","0","0"
"POINT (8.594156471000076 52.011506847000078)","Unfall 45420 (2021) Kat:3, Licht: 0","45420","3","3","5","6","9","4","","0","1","1","0","0"
"POINT (8.518527441000060 51.972519268000042)","Unfall 45441 (2021) Kat:3, Licht: 0","45441","3","6","0","11","14","6","","0","0","0","0","1"
"POINT (8.602592943000047 52.070431550000080)","Unfall 45443 (2021) Kat:3, Licht: 2","45443","3","2","6","11","17","2","","2","0","1","1","0"
"POINT (8.521484881000049 51.950167525000040)","Unfall 45453 (2021) Kat:2, Licht: 0","45453","2","6","2","5","20","7","","0","0","1","0","1"
"POINT (8.593417561000024 52.039087754000036)","Unfall 45466 (2021) Kat:3, Licht: 0","45466","3","6","3","10","17","6","","0","0","1","0","0"
"POINT (8.542481229000032 52.008943248000037)","Unfall 45477 (2021) Kat:3, Licht: 0","45477","3","4","6","6","12","4","","0","0","1","1","0"
"POINT (8.553994934000059 52.027246796000043)","Unfall 45490 (2021) Kat:3, Licht: 0","45490","3","6","2","12","8","2","","0","0","1","0","0"
"POINT (8.603078629000038 52.028537894000067)","Unfall 45520 (2021) Kat:2, Licht: 0","45520","2","2","6","5","10","2","","0","0","1","1","0"
"POINT (8.611099216000071 52.013048561000062)","Unfall 45534 (2021) Kat:3, Licht: 0","45534","3","2","4","1","9","3","","0","0","1","0","0"
"POINT (8.529213590000040 51.953947636000066)","Unfall 45535 (2021) Kat:3, Licht: 0","45535","3","2","2","9","14","4","","0","0","1","0","0"
"POINT (8.555630595000025 52.033177919000082)","Unfall 45536 (2021) Kat:2, Licht: 0","45536","2","6","2","4","17","3","","0","0","1","0","0"
"POINT (8.543020537000075 52.020500706000064)","Unfall 45538 (2021) Kat:3, Licht: 1","45538","3","4","6","11","7","3","","1","0","1","1","0"
"POINT (8.571389313000054 52.036394543000029)","Unfall 45560 (2021) Kat:3, Licht: 0","45560","3","3","5","7","9","6","","0","0","1","0","0"
"POINT (8.517050086000040 52.070802503000039)","Unfall 45566 (2021) Kat:3, Licht: 0","45566","3","2","3","7","9","3","","0","0","1","0","1"
"POINT (8.551958273000025 52.052011483000058)","Unfall 45567 (2021) Kat:3, Licht: 0","45567","3","3","5","10","15","6","","0","0","1","0","1"
"POINT (8.567804536000040 52.011984956000049)","Unfall 45586 (2021) Kat:3, Licht: 0","45586","3","3","5","10","16","5","","0","1","1","0","0"
"POINT (8.550792871000056 52.076002405000054)","Unfall 45588 (2021) Kat:2, Licht: 0","45588","2","7","7","3","14","6","","0","1","0","0","0"
"POINT (8.511155296000027 51.985263298000064)","Unfall 45600 (2021) Kat:2, Licht: 0","45600","2","3","5","9","13","4","","0","1","0","0","1"
"POINT (8.486026636000076 51.980146230000059)","Unfall 45601 (2021) Kat:3, Licht: 2","45601","3","3","3","10","5","7","","2","0","1","0","0"
"POINT (8.602202244000068 51.933930074000045)","Unfall 45602 (2021) Kat:3, Licht: 2","45602","3","1","7","4","2","2","","2","0","1","0","0"
"POINT (8.527881271000069 51.953411307000067)","Unfall 45618 (2021) Kat:3, Licht: 0","45618","3","6","2","7","10","3","","0","0","1","0","0"
"POINT (8.562081041000056 51.934875559000034)","Unfall 45619 (2021) Kat:3, Licht: 0","45619","3","6","2","10","8","4","","0","0","1","0","1"
"POINT (8.544846660000076 51.972906478000027)","Unfall 45621 (2021) Kat:3, Licht: 2","45621","3","1","8","4","22","5","","2","0","1","0","0"
"POINT (8.577886281000076 52.000030391000053)","Unfall 45631 (2021) Kat:3, Licht: 2","45631","3","3","5","2","6","1","","2","0","1","0","0"
"POINT (8.622745427000041 52.042056560000049)","Unfall 45642 (2021) Kat:3, Licht: 0","45642","3","6","2","3","15","3","","0","0","1","0","0"
"POINT (8.565185561000021 51.958975784000074)","Unfall 45661 (2021) Kat:3, Licht: 0","45661","3","6","3","12","14","4","","0","0","1","0","0"
"POINT (8.546955633000039 52.007203360000062)","Unfall 45663 (2021) Kat:3, Licht: 0","45663","3","6","1","4","18","6","","0","0","1","0","0"
"POINT (8.510070957000039 51.940638888000080)","Unfall 45674 (2021) Kat:2, Licht: 2","45674","2","3","5","12","16","3","","2","0","1","0","0"
"POINT (8.607172929000058 52.063017941000055)","Unfall 45689 (2021) Kat:2, Licht: 0","45689","2","3","5","5","10","4","","0","1","1","0","0"
"POINT (8.519148547000043 51.990786326000034)","Unfall 45691 (2021) Kat:2, Licht: 2","45691","2","1","9","12","0","4","","2","0","1","0","0"
"POINT (8.558162011000036 52.022409010000047)","Unfall 45692 (2021) Kat:3, Licht: 0","45692","3","5","1","7","19","7","","0","1","1","0","0"
"POINT (8.505119937000075 51.983465240000044)","Unfall 45704 (2021) Kat:3, Licht: 0","45704","3","4","6","12","15","4","","0","1","0","1","0"
"POINT (8.465164750000042 52.043034194000029)","Unfall 45705 (2021) Kat:3, Licht: 2","45705","3","1","9","1","4","4","","2","0","0","0","0"
"POINT (8.591114560000051 51.963481459000036)","Unfall 45706 (2021) Kat:3, Licht: 0","45706","3","6","2","6","14","6","","0","0","1","0","0"
"POINT (8.517249378000031 52.069580979000079)","Unfall 45723 (2021) Kat:3, Licht: 2","45723","3","3","0","10","22","3","","2","1","1","0","0"
"POINT (8.553129807000062 51.968703200000050)","Unfall 45724 (2021) Kat:3, Licht: 0","45724","3","2","6","11","7","5","","0","0","1","1","0"
"POINT (8.635431821000054 52.048250609000036)","Unfall 45730 (2021) Kat:3, Licht: 0","45730","3","2","5","5","15","7","","0","0","1","0","0"
"POINT (8.617866943000024 51.994254028000057)","Unfall 45738 (2021) Kat:2, Licht: 2","45738","2","1","1","3","4","3","","2","0","0","0","0"
"POINT (8.534327821000034 52.013580693000051)","Unfall 45740 (2021) Kat:3, Licht: 0","45740","3","1","0","7","14","6","","0","0","0","0","1"
"POINT (8.615263091000031 51.984044125000082)","Unfall 45769 (2021) Kat:3, Licht: 2","45769","3","6","3","11","19","5","","2","0","1","0","0"
"POINT (8.564547211000047 52.038111229000037)","Unfall 45771 (2021) Kat:3, Licht: 0","45771","3","6","2","9","14","6","","0","0","1","0","1"
"POINT (8.543218617000036 52.034318010000050)","Unfall 45773 (2021) Kat:3, Licht: 0","45773","3","2","5","2","14","4","","0","1","1","0","0"
"POINT (8.468712780000033 52.043105333000028)","Unfall 45785 (2021) Kat:3, Licht: 0","45785","3","7","0","4","13","2","","0","0","0","0","0"
"POINT (8.598035955000057 52.015313699000046)","Unfall 45786 (2021) Kat:3, Licht: 0","45786","3","6","1","3","17","2","","0","1","1","0","0"
"POINT (8.522424529000034 52.046114610000075)","Unfall 45802 (2021) Kat:3, Licht: 0","45802","3","6","2","2","10","6","","0","0","1","0","0"
"POINT (8.539873796000052 52.050134580000076)","Unfall 45824 (2021) Kat:3, Licht: 0","45824","3","7","2","2","17","3","","0","0","1","0","0"
"POINT (8.572159216000045 52.001312329000029)","Unfall 45825 (2021) Kat:3, Licht: 0","45825","3","6","2","2","11","6","","0","0","1","0","0"
"POINT (8.497864317000051 51.950217230000078)","Unfall 45827 (2021) Kat:3, Licht: 0","45827","3","3","5","11","15","5","","0","1","1","0","0"
"POINT (8.553080517000069 51.962602995000054)","Unfall 45836 (2021) Kat:3, Licht: 0","45836","3","3","5","10","17","6","","0","1","1","0","0"
"POINT (8.552885925000055 51.921316480000030)","Unfall 45878 (2021) Kat:3, Licht: 0","45878","3","1","0","10","14","6","","0","1","0","0","0"
"POINT (8.612318125000058 52.005633453000030)","Unfall 45891 (2021) Kat:3, Licht: 0","45891","3","1","1","9","18","4","","0","0","1","0","0"
"POINT (8.551582650000057 52.054007029000047)","Unfall 45896 (2021) Kat:3, Licht: 1","45896","3","7","4","10","17","3","","1","1","1","0","0"
"POINT (8.583290362000071 52.047360141000070)","Unfall 45905 (2021) Kat:3, Licht: 0","45905","3","3","5","6","6","3","","0","1","1","0","0"
"POINT (8.601855969000042 51.934068189000072)","Unfall 45908 (2021) Kat:2, Licht: 0","45908","2","4","6","6","17","5","","0","0","1","1","0"
"POINT (8.633534371000053 52.018098613000063)","Unfall 45914 (2021) Kat:3, Licht: 0","45914","3","6","2","6","15","2","","0","0","1","0","0"
"POINT (8.527663633000031 51.993442908000077)","Unfall 45921 (2021) Kat:3, Licht: 1","45921","3","3","5","2","6","4","","1","1","1","0","0"
"POINT (8.565401617000020 52.024211519000062)","Unfall 45922 (2021) Kat:3, Licht: 2","45922","3","2","4","3","22","2","","2","0","1","0","0"
"POINT (8.447764897000070 51.958525687000076)","Unfall 45925 (2021) Kat:2, Licht: 2","45925","2","1","8","9","20","5","","2","0","1","0","0"
"POINT (8.624015100000065 52.019873986000050)","Unfall 45946 (2021) Kat:3, Licht: 0","45946","3","1","8","9","19","5","","0","0","0","0","1"
"POINT (8.579133110000043 52.072146532000033)","Unfall 45949 (2021) Kat:2, Licht: 0","45949","2","6","2","4","10","2","","0","0","1","0","0"
"POINT (8.523393033000048 52.017063597000060)","Unfall 45954 (2021) Kat:3, Licht: 1","45954","3","6","2","10","7","5","","1","0","1","0","0"
"POINT (8.463797981000027 51.970015731000046)","Unfall 45965 (2021) Kat:3, Licht: 0","45965","3","1","2","6","20","3","","0","0","1","0","0"
"POINT (8.543087076000063 52.021407787000044)","Unfall 45976 (2021) Kat:3, Licht: 2","45976","3","2","6","1","19","7","","2","0","1","1","0"
"POINT (8.572557692000032 52.001337774000035)","Unfall 45977 (2021) Kat:2, Licht: 2","45977","2","7","5","6","1","1","","2","1","1","0","0"
"POINT (8.497782942000072 51.950151722000044)","Unfall 45979 (2021) Kat:3, Licht: 0","45979","3","3","5","7","15","5","","0","1","1","0","0"
"POINT (8.553174647000048 52.022149803000048)","Unfall 45989 (2021) Kat:3, Licht: 0","45989","3","6","2","10","14","3","","0","0","1","0","0"
"POINT (8.531509415000073 51.929497691000051)","Unfall 46004 (2021) Kat:2, Licht: 2","46004","2","1","0","9","21","5","","2","0","1","0","0"
"POINT (8.547751760000040 52.078866714000071)","Unfall 46007 (2021) Kat:3, Licht: 0","46007","3","3","5","11","15","6","","0","1","1","0","0"
"POINT (8.525848332000066 52.032723893000082)","Unfall 46034 (2021) Kat:2, Licht: 0","46034","2","4","0","4","16","2","","0","0","1","1","0"
"POINT (8.559391263000066 52.004499817000067)","Unfall 46035 (2021) Kat:3, Licht: 1","46035","3","3","5","1","8","5","","1","1","1","0","0"
"POINT (8.543655087000047 52.030547754000054)","Unfall 46037 (2021) Kat:3, Licht: 2","46037","3","2","3","11","21","5","","2","1","1","0","0"
"POINT (8.536058018000062 52.101211985000077)","Unfall 46050 (2021) Kat:3, Licht: 2","46050","3","6","2","11","18","5","","2","0","1","0","0"
"POINT (8.550743904000058 52.010911999000029)","Unfall 46053 (2021) Kat:3, Licht: 2","46053","3","3","5","9","4","7","","2","1","1","0","0"
"POINT (8.480014716000028 51.973120312000049)","Unfall 46064 (2021) Kat:3, Licht: 0","46064","3","6","2","10","7","3","","0","0","1","0","0"
"POINT (8.605380658000058 52.040813823000065)","Unfall 46065 (2021) Kat:1, Licht: 0","46065","1","6","2","9","17","4","","0","0","1","0","0"
"POINT (8.526289610000049 52.020401247000052)","Unfall 46079 (2021) Kat:2, Licht: 0","46079","2","3","0","10","13","6","","0","0","1","0","1"
"POINT (8.561536386000057 52.034244920000049)","Unfall 46080 (2021) Kat:2, Licht: 0","46080","2","6","2","3","10","2","","0","0","1","0","1"
"POINT (8.545668234000061 51.972560309000073)","Unfall 46082 (2021) Kat:3, Licht: 0","46082","3","7","0","9","14","4","","0","1","0","1","0"
"POINT (8.522395771000049 52.046267903000057)","Unfall 46111 (2021) Kat:3, Licht: 1","46111","3","6","2","12","15","1","","1","0","1","0","0"
"POINT (8.592169633000026 52.071427788000051)","Unfall 46124 (2021) Kat:2, Licht: 0","46124","2","6","2","9","13","1","","0","0","1","0","0"
"POINT (8.568593655000029 52.035787642000059)","Unfall 46133 (2021) Kat:3, Licht: 0","46133","3","2","3","6","13","7","","0","0","1","0","0"
"POINT (8.515644975000043 52.012964172000068)","Unfall 46144 (2021) Kat:3, Licht: 0","46144","3","6","3","4","9","4","","0","0","1","0","0"
"POINT (8.553818363000062 52.058418887000073)","Unfall 46146 (2021) Kat:2, Licht: 0","46146","2","2","5","6","14","4","","0","1","1","0","0"
"POINT (8.560754451000037 52.004057511000042)","Unfall 46163 (2021) Kat:2, Licht: 2","46163","2","3","5","12","16","2","","2","1","1","0","0"
"POINT (8.512338577000037 51.985832028000061)","Unfall 46175 (2021) Kat:3, Licht: 2","46175","3","1","4","11","19","2","","2","0","1","0","0"
"POINT (8.607157398000027 51.997761390000051)","Unfall 46177 (2021) Kat:3, Licht: 0","46177","3","2","5","4","19","3","","0","0","1","0","0"
"POINT (8.611069076000035 52.013043928000059)","Unfall 46191 (2021) Kat:3, Licht: 0","46191","3","7","5","11","15","2","","0","0","1","0","0"
"POINT (8.522469748000049 52.045871430000034)","Unfall 46193 (2021) Kat:3, Licht: 2","46193","3","6","3","12","6","5","","2","0","1","0","0"
"POINT (8.555373028000076 52.022168843000031)","Unfall 46194 (2021) Kat:3, Licht: 2","46194","3","7","6","12","16","7","","2","0","0","1","0"
"POINT (8.647300163000068 51.983215164000057)","Unfall 46204 (2021) Kat:2, Licht: 2","46204","2","6","4","12","19","6","","2","0","1","0","0"
"POINT (8.518295351000063 51.976177462000066)","Unfall 46224 (2021) Kat:3, Licht: 2","46224","3","3","5","12","22","7","","2","0","1","0","0"
"POINT (8.535165353000025 52.034059900000045)","Unfall 46242 (2021) Kat:3, Licht: 0","46242","3","1","0","9","14","6","","0","0","0","0","1"
"POINT (8.566003193000029 51.953733493000072)","Unfall 46243 (2021) Kat:3, Licht: 0","46243","3","6","9","7","14","5","","0","0","1","0","0"
"POINT (8.474004556000068 51.996263543000055)","Unfall 46247 (2021) Kat:3, Licht: 1","46247","3","3","5","11","7","2","","1","1","1","0","0"
"POINT (8.572146989000032 52.034945712000081)","Unfall 46258 (2021) Kat:2, Licht: 0","46258","2","2","3","11","12","7","","0","1","1","0","0"
"POINT (8.520217058000071 51.962039894000043)","Unfall 46264 (2021) Kat:3, Licht: 0","46264","3","2","5","9","10","4","","0","1","1","0","0"
"POINT (8.458323852000035 51.999445291000029)","Unfall 46275 (2021) Kat:3, Licht: 0","46275","3","6","2","5","14","7","","0","0","1","0","0"
"POINT (8.538484532000041 52.011528154000075)","Unfall 46283 (2021) Kat:3, Licht: 2","46283","3","2","4","1","17","4","","2","1","1","0","0"
"POINT (8.549658129000022 52.021781967000038)","Unfall 46286 (2021) Kat:3, Licht: 2","46286","3","6","1","1","17","2","","2","0","1","0","0"
"POINT (8.603385129000060 52.027940464000039)","Unfall 46299 (2021) Kat:3, Licht: 0","46299","3","2","5","3","17","4","","0","0","1","0","0"
"POINT (8.616438944000038 52.013253997000049)","Unfall 46312 (2021) Kat:3, Licht: 0","46312","3","7","0","10","15","3","","0","0","0","0","1"
"POINT (8.561707012000056 52.022896872000047)","Unfall 46315 (2021) Kat:3, Licht: 0","46315","3","7","6","4","11","5","","0","0","1","1","0"
"POINT (8.544136296000033 51.973229239000034)","Unfall 46317 (2021) Kat:2, Licht: 2","46317","2","1","8","1","21","4","","2","0","0","0","1"
"POINT (8.574225787000046 52.041689309000049)","Unfall 46327 (2021) Kat:3, Licht: 0","46327","3","6","1","9","8","6","","0","0","1","0","0"
"POINT (8.519401537000022 51.966720075000069)","Unfall 46346 (2021) Kat:3, Licht: 0","46346","3","3","5","9","17","5","","0","0","1","0","0"
"POINT (8.557520925000063 52.033444798000062)","Unfall 46347 (2021) Kat:3, Licht: 0","46347","3","2","5","3","11","7","","0","0","1","0","0"
"POINT (8.490204198000072 52.001028507000058)","Unfall 46359 (2021) Kat:3, Licht: 0","46359","3","3","5","3","10","2","","0","1","1","0","0"
"POINT (8.572025120000035 51.947778150000033)","Unfall 46371 (2021) Kat:3, Licht: 0","46371","3","6","2","4","14","5","","0","0","1","0","0"
"POINT (8.554859630000067 52.059472972000037)","Unfall 46379 (2021) Kat:2, Licht: 0","46379","2","3","5","4","11","5","","0","0","1","0","0"
"POINT (8.551582443000029 52.054007768000076)","Unfall 46400 (2021) Kat:2, Licht: 0","46400","2","7","0","10","17","3","","0","1","1","0","0"
"POINT (8.585973769000077 51.961992623000071)","Unfall 46409 (2021) Kat:2, Licht: 0","46409","2","6","2","9","17","6","","0","0","1","0","0"
"POINT (8.484743010000045 51.979812834000029)","Unfall 46411 (2021) Kat:3, Licht: 0","46411","3","6","1","12","12","2","","0","0","1","0","0"
"POINT (8.601278178000030 52.023962223000069)","Unfall 46412 (2021) Kat:3, Licht: 0","46412","3","6","1","2","8","2","","0","0","1","0","0"
"POINT (8.527991036000060 52.030686927000033)","Unfall 46425 (2021) Kat:3, Licht: 0","46425","3","2","4","10","16","5","","0","0","1","0","0"
"POINT (8.543864019000068 52.041084302000058)","Unfall 46428 (2021) Kat:3, Licht: 0","46428","3","1","0","6","5","2","","0","0","0","0","1"
"POINT (8.501401222000027 51.981920758000058)","Unfall 46439 (2021) Kat:3, Licht: 0","46439","3","6","2","6","13","2","","0","0","1","0","0"
"POINT (8.606963926000049 52.012412939000058)","Unfall 46457 (2021) Kat:3, Licht: 0","46457","3","6","2","10","15","4","","0","0","1","0","0"
"POINT (8.527101518000052 52.057331085000044)","Unfall 46472 (2021) Kat:3, Licht: 0","46472","3","3","5","11","13","2","","0","0","1","0","0"
"POINT (8.546508223000046 52.040892771000074)","Unfall 46475 (2021) Kat:3, Licht: 0","46475","3","5","1","12","11","7","","0","1","1","0","0"
"POINT (8.574897332000035 52.030848076000041)","Unfall 46486 (2021) Kat:2, Licht: 0","46486","2","2","4","2","15","3","","0","0","1","0","1"
"POINT (8.598855907000029 52.070916086000068)","Unfall 46489 (2021) Kat:3, Licht: 2","46489","3","7","0","12","5","6","","2","1","1","0","0"
"POINT (8.524231108000038 52.037897968000038)","Unfall 46505 (2021) Kat:3, Licht: 0","46505","3","7","0","12","14","7","","0","1","0","0","0"
"POINT (8.542904790000023 52.019185356000037)","Unfall 46530 (2021) Kat:3, Licht: 0","46530","3","6","4","11","15","6","","0","1","0","0","0"
"POINT (8.553093662000038 52.025368191000041)","Unfall 46541 (2021) Kat:3, Licht: 1","46541","3","2","5","3","18","3","","1","0","1","0","0"