WKT,Name,OBJECTID,UKATEGORIE,UTYP1,UART,UMONAT,USTUNDE,UWOCHENTAG,STRZUSTAND,ULICHTVERH,ISTRAD,ISTPKW,ISTFUSS,ISTKRAD
"POINT (8.533813568000028 52.013986968000040)","Unfall 46556 (2021) Kat:3, Licht: 1","46556","3","2","4","12","7","4","","1","1","1","0","0"
"POINT (8.567581238000059 51.940193335000060)","Unfall 46557 (2021) Kat:3, Licht: 0","46557","3","7","0","10","14","6","","0","0","1","0","0"
"POINT (8.551331829000048 51.993221716000050)","Unfall 46559 (2021) Kat:3, Licht: 0","46559","3","6","2","5","13","5","","0","0","1","0","0"
"POINT (8.582383995000043 51.944286059000035)","Unfall 46569 (2021) Kat:3, Licht: 0","46569","3","6","2","11","14","4","","0","0","1","0","0"
"POINT (8.633169410000050 52.017213082000069)","Unfall 46578 (2021) Kat:2, Licht: 0","46578","2","6","2","6","6","6","","0","0","1","0","0"
"POINT (8.607452590000037 51.993121454000061)","Unfall 46584 (2021) Kat:3, Licht: 0","46584","3","4","6","9","11","6","","0","0","1","1","0"
"POINT (8.524845404000075 52.017535514000031)","Unfall 46585 (2021) Kat:3, Licht: 2","46585","3","6","2","10","19","4","","2","0","1","0","0"
"POINT (8.565444725000020 52.024227042000064)","Unfall 46586 (2021) Kat:3, Licht: 0","46586","3","6","1","10","8","6","","0","0","0","0","0"
"POINT (8.543163600000071 52.033372119000035)","Unfall 46588 (2021) Kat:3, Licht: 2","46588","3","1","0","11","18","7","","2","0","0","0","1"
"POINT (8.570659721000027 51.954684400000076)","Unfall 46612 (2021) Kat:3, Licht: 2","46612","3","6","0","6","0","4","","2","1","0","0","0"
"POINT (8.523201007000068 52.016477712000039)","Unfall 46617 (2021) Kat:3, Licht: 0","46617","3","3","5","10","17","2","","0","0","1","0","0"
"POINT (8.493219167000063 51.980523205000054)","Unfall 46627 (2021) Kat:2, Licht: 2","46627","2","3","5","9","22","2","","2","0","1","0","0"
"POINT (8.542872704000047 52.008738897000057)","Unfall 46638 (2021) Kat:3, Licht: 2","46638","3","1","0","3","19","7","","2","0","0","0","1"
"POINT (8.568515651000041 52.035771196000042)","Unfall 46640 (2021) Kat:3, Licht: 0","46640","3","6","1","3","8","5","","0","0","1","0","0"
"POINT (8.521026867000046 51.958328417000075)","Unfall 46662 (2021) Kat:3, Licht: 0","46662","3","1","9","3","15","2","","0","0","1","0","0"
"POINT (8.559693624000033 52.033887795000055)","Unfall 46663 (2021) Kat:3, Licht: 0","46663","3","6","2","10","15","6","","0","0","1","0","0"
"POINT (8.493611385000065 51.992731502000026)","Unfall 46673 (2021) Kat:3, Licht: 2","46673","3","1","0","12","0","5","","2","1","0","0","0"
"POINT (8.594095630000027 51.964340728000082)","Unfall 46675 (2021) Kat:2, Licht: 2","46675","2","6","0","12","16","5","","2","0","1","0","0"
"POINT (8.619997860000069 51.977978800000074)","Unfall 46682 (2021) Kat:2, Licht: 1","46682","2","2","5","10","18","3","","1","0","1","0","1"
"POINT (8.555025000000057 51.929819624000061)","Unfall 46698 (2021) Kat:3, Licht: 0","46698","3","3","0","10","11","2","","0","1","0","0","0"
"POINT (8.456996701000037 52.048279781000076)","Unfall 46707 (2021) Kat:3, Licht: 0","46707","3","3","5","3","8","3","","0","0","1","0","0"
"POINT (8.530119944000035 52.016296122000028)","Unfall 46713 (2021) Kat:3, Licht: 0","46713","3","6","2","10","17","2","","0","0","1","0","0"
"POINT (8.588318020000031 51.997550600000068)","Unfall 46726 (2021) Kat:3, Licht: 0","46726","3","6","1","9","10","6","","0","0","1","0","0"
"POINT (8.508489924000060 51.948505765000050)","Unfall 46727 (2021) Kat:3, Licht: 0","46727","3","6","2","5","5","5","","0","0","1","0","0"
"POINT (8.608665768000037 52.033102569000050)","Unfall 46742 (2021) Kat:3, Licht: 0","46742","3","3","0","11","11","2","","0","1","1","0","0"
"POINT (8.543638734000069 52.030644892000055)","Unfall 46746 (2021) Kat:2, Licht: 1","46746","2","3","5","7","21","7","","1","0","1","0","1"
"POINT (8.474746131000074 51.994753450000076)","Unfall 46757 (2021) Kat:3, Licht: 2","46757","3","1","8","10","2","3","","2","0","1","0","0"
"POINT (8.521793183000057 52.016288769000028)","Unfall 46774 (2021) Kat:3, Licht: 0","46774","3","6","2","11","9","4","","0","0","1","0","0"
"POINT (8.555630595000025 52.033177919000082)","Unfall 46775 (2021) Kat:3, Licht: 0","46775","3","2","0","1","15","5","","0","1","1","0","0"
"POINT (8.426344943000061 51.965779277000081)","Unfall 46777 (2021) Kat:2, Licht: 0","46777","2","3","5","6","11","6","","0","0","1","0","1"
"POINT (8.567640667000035 52.002496237000059)","Unfall 46795 (2021) Kat:2, Licht: 2","46795","2","2","5","10","19","6","","2","0","1","0","0"
"POINT (8.548191087000021 51.945068551000077)","Unfall 46797 (2021) Kat:2, Licht: 0","46797","2","6","4","10","13","4","","0","0","1","0","0"
"POINT (8.587935535000042 51.997639480000032)","Unfall 46806 (2021) Kat:3, Licht: 0","46806","3","6","1","9","8","3","","0","0","1","0","1"
"POINT (8.452945362000037 52.049446151000041)","Unfall 46819 (2021) Kat:3, Licht: 0","46819","3","2","5","10","12","1","","0","1","1","0","0"
"POINT (8.544671073000075 52.008033309000041)","Unfall 46829 (2021) Kat:3, Licht: 1","46829","3","6","2","10","17","4","","1","0","1","0","0"
"POINT (8.580626721000044 51.945575186000042)","Unfall 46839 (2021) Kat:3, Licht: 2","46839","3","6","2","3","19","4","","2","0","1","0","0"
"POINT (8.598910289000059 52.019565513000032)","Unfall 46842 (2021) Kat:3, Licht: 0","46842","3","6","1","2","10","4","","0","0","1","0","0"
"POINT (8.554120631000046 52.058754129000079)","Unfall 46855 (2021) Kat:3, Licht: 2","46855","3","1","7","11","1","1","","2","0","1","0","0"
"POINT (8.531396530000052 51.929720966000048)","Unfall 46870 (2021) Kat:2, Licht: 0","46870","2","6","9","10","17","1","","0","0","1","0","0"
"POINT (8.547963646000028 52.021603737000078)","Unfall 46873 (2021) Kat:3, Licht: 0","46873","3","7","6","11","13","3","","0","1","0","1","0"
"POINT (8.486002040000074 51.980109412000047)","Unfall 46884 (2021) Kat:3, Licht: 0","46884","3","6","1","10","17","1","","0","0","1","0","0"
"POINT (8.543636643000070 52.030667801000050)","Unfall 46902 (2021) Kat:3, Licht: 1","46902","3","2","5","2","16","2","","1","0","1","0","0"
"POINT (8.571325657000045 51.954130405000058)","Unfall 46925 (2021) Kat:3, Licht: 0","46925","3","6","2","12","14","5","","0","0","1","0","0"
"POINT (8.552548942000044 52.032974972000034)","Unfall 46932 (2021) Kat:3, Licht: 2","46932","3","3","1","12","23","6","","2","0","1","0","0"
"POINT (8.551004071000023 52.057361667000066)","Unfall 46952 (2021) Kat:3, Licht: 0","46952","3","3","5","12","16","6","","0","0","1","0","0"
"POINT (8.603406009000025 52.028006695000045)","Unfall 46966 (2021) Kat:2, Licht: 2","46966","2","2","5","2","5","2","","2","1","1","0","0"
"POINT (8.614929122000035 51.975374716000033)","Unfall 46979 (2021) Kat:2, Licht: 0","46979","2","6","3","12","12","5","","0","0","1","0","0"
"POINT (8.528677220000077 52.026522528000044)","Unfall 46981 (2021) Kat:3, Licht: 2","46981","3","6","2","1","17","2","","2","0","1","0","0"
"POINT (8.543801893000023 52.008228863000056)","Unfall 46984 (2021) Kat:3, Licht: 0","46984","3","3","0","6","12","7","","0","1","1","0","0"
"POINT (8.599150939000026 52.020024580000040)","Unfall 46998 (2021) Kat:3, Licht: 0","46998","3","2","3","9","13","2","","0","1","1","0","0"
"POINT (8.610972928000024 51.992417780000039)","Unfall 47012 (2021) Kat:3, Licht: 0","47012","3","3","5","6","7","4","","0","1","1","0","0"
"POINT (8.556515658000023 51.963640011000052)","Unfall 47015 (2021) Kat:3, Licht: 0","47015","3","6","2","7","16","3","","0","0","1","0","0"
"POINT (8.458010344000058 51.965888896000081)","Unfall 47028 (2021) Kat:3, Licht: 0","47028","3","6","2","7","7","3","","0","0","1","0","0"
"POINT (8.518478126000048 51.973332119000077)","Unfall 47046 (2021) Kat:2, Licht: 0","47046","2","5","1","6","15","5","","0","0","1","0","0"
"POINT (8.558031503000052 52.001343009000038)","Unfall 47056 (2021) Kat:3, Licht: 0","47056","3","4","0","5","16","5","","0","1","0","1","0"
"POINT (8.435937531000036 51.976493607000066)","Unfall 47058 (2021) Kat:3, Licht: 0","47058","3","3","5","10","15","3","","0","0","1","0","0"
"POINT (8.398763535000057 51.958106305000058)","Unfall 47065 (2021) Kat:3, Licht: 0","47065","3","2","4","6","14","2","","0","0","1","0","1"
"POINT (8.505140518000076 51.953946514000052)","Unfall 47068 (2021) Kat:2, Licht: 2","47068","2","1","9","9","21","2","","2","0","1","0","0"
"POINT (8.554274123000027 52.035903102000077)","Unfall 47086 (2021) Kat:3, Licht: 2","47086","3","6","1","1","20","2","","2","0","1","0","0"
"POINT (8.582799155000032 52.038531816000045)","Unfall 47116 (2021) Kat:3, Licht: 0","47116","3","3","5","6","17","3","","0","0","1","0","0"
"POINT (8.510591534000071 52.029960107000079)","Unfall 47117 (2021) Kat:3, Licht: 0","47117","3","2","0","10","18","6","","0","1","1","0","0"
"POINT (8.479185986000061 51.973081061000073)","Unfall 47118 (2021) Kat:3, Licht: 2","47118","3","1","9","10","22","7","","2","0","1","0","0"
"POINT (8.603182452000055 52.027563547000057)","Unfall 47119 (2021) Kat:2, Licht: 0","47119","2","7","0","10","12","3","","0","0","1","1","0"
"POINT (8.524511465000046 52.017292999000063)","Unfall 47134 (2021) Kat:3, Licht: 0","47134","3","6","3","3","15","5","","0","0","1","0","0"
"POINT (8.579057764000027 52.072074698000051)","Unfall 47162 (2021) Kat:3, Licht: 2","47162","3","1","8","5","22","6","","2","0","1","0","0"
"POINT (8.522701767000058 52.044567916000062)","Unfall 47168 (2021) Kat:1, Licht: 0","47168","1","4","6","1","15","3","","0","0","1","1","0"
"POINT (8.463923814000054 52.055787055000053)","Unfall 47181 (2021) Kat:3, Licht: 0","47181","3","5","0","6","9","6","","0","1","1","0","0"
"POINT (8.619343611000033 52.013461416000041)","Unfall 47189 (2021) Kat:2, Licht: 0","47189","2","2","5","6","15","2","","0","0","1","0","0"
"POINT (8.542319008000050 52.079498913000066)","Unfall 47191 (2021) Kat:3, Licht: 0","47191","3","6","1","11","9","1","","0","0","1","0","0"
"POINT (8.488753252000038 51.955190908000077)","Unfall 47202 (2021) Kat:3, Licht: 0","47202","3","6","9","12","9","2","","0","0","1","0","0"
"POINT (8.553132977000075 52.022147247000078)","Unfall 47203 (2021) Kat:3, Licht: 1","47203","3","6","2","1","16","2","","1","0","1","0","0"
"POINT (8.615594331000068 51.980006840000044)","Unfall 47216 (2021) Kat:3, Licht: 0","47216","3","6","2","10","13","6","","0","0","1","0","0"
"POINT (8.568836483000041 52.039280324000060)","Unfall 47219 (2021) Kat:3, Licht: 0","47219","3","7","1","10","13","3","","0","0","0","0","0"
"POINT (8.550743904000058 52.010911999000029)","Unfall 47221 (2021) Kat:3, Licht: 0","47221","3","2","5","11","11","6","","0","1","1","0","0"
"POINT (8.551576598000054 52.054028597000070)","Unfall 47261 (2021) Kat:3, Licht: 0","47261","3","3","5","10","11","4","","0","0","1","0","0"
"POINT (8.528102865000051 52.030558561000078)","Unfall 47286 (2021) Kat:2, Licht: 2","47286","2","2","5","12","19","3","","2","1","1","0","0"
"POINT (8.546169943000052 52.041102422000051)","Unfall 47289 (2021) Kat:2, Licht: 0","47289","2","3","5","3","16","4","","0","0","1","0","1"
"POINT (8.651540955000030 52.058212967000031)","Unfall 47297 (2021) Kat:3, Licht: 2","47297","3","7","5","12","17","3","","2","0","1","0","1"
"POINT (8.499157358000048 52.000035702000048)","Unfall 47300 (2021) Kat:3, Licht: 0","47300","3","6","1","1","13","2","","0","0","1","0","0"
"POINT (8.475597979000042 51.978461148000065)","Unfall 47301 (2021) Kat:3, Licht: 2","47301","3","6","2","12","18","7","","2","0","1","0","0"
"POINT (8.523461740000073 52.036393270000076)","Unfall 47318 (2021) Kat:3, Licht: 2","47318","3","6","2","11","18","6","","2","0","1","0","0"
"POINT (8.558826359000022 51.964635709000049)","Unfall 47319 (2021) Kat:3, Licht: 2","47319","3","7","2","4","4","5","","2","0","0","0","1"
"POINT (8.572025065000048 51.947795023000026)","Unfall 47342 (2021) Kat:3, Licht: 0","47342","3","6","2","2","17","6","","0","0","1","0","0"
"POINT (8.554570633000026 52.033326988000056)","Unfall 47355 (2021) Kat:3, Licht: 0","47355","3","6","2","7","15","1","","0","0","1","0","1"
"POINT (8.569118062000030 51.955922712000074)","Unfall 47371 (2021) Kat:3, Licht: 0","47371","3","6","2","10","16","5","","0","0","1","0","0"
"POINT (8.548914132000050 52.021705204000057)","Unfall 47373 (2021) Kat:2, Licht: 2","47373","2","3","5","3","5","7","","2","1","0","0","0"
"POINT (8.601851249000049 51.934070071000065)","Unfall 47385 (2021) Kat:2, Licht: 2","47385","2","6","1","2","18","5","","2","0","1","0","0"
"POINT (8.631076642000039 52.013323703000026)","Unfall 47391 (2021) Kat:2, Licht: 0","47391","2","7","2","3","15","4","","0","0","1","0","0"
"POINT (8.526688049000029 52.017080263000082)","Unfall 47399 (2021) Kat:3, Licht: 2","47399","3","7","6","10","21","4","","2","1","0","1","0"
"POINT (8.558803952000062 52.037008976000038)","Unfall 47400 (2021) Kat:2, Licht: 0","47400","2","4","6","11","14","6","","0","1","0","1","0"
"POINT (8.468284667000034 51.962356942000042)","Unfall 47413 (2021) Kat:3, Licht: 0","47413","3","3","5","12","11","6","","0","1","1","0","0"
"POINT (8.598376257000041 52.056996573000049)","Unfall 47414 (2021) Kat:2, Licht: 2","47414","2","4","6","10","22","5","","2","0","1","1","0"
"POINT (8.622990430000073 52.003354108000053)","Unfall 47421 (2021) Kat:2, Licht: 0","47421","2","1","3","3","14","2","","0","0","1","0","0"
"POINT (8.521534474000021 52.095470672000033)","Unfall 47429 (2021) Kat:3, Licht: 0","47429","3","2","3","3","9","3","","0","1","1","0","0"
"POINT (8.553765862000034 51.947476765000033)","Unfall 47430 (2021) Kat:2, Licht: 0","47430","2","6","2","3","16","3","","0","0","1","0","0"
"POINT (8.526675343000022 52.091891254000075)","Unfall 47441 (2021) Kat:3, Licht: 0","47441","3","2","4","9","8","7","","0","0","1","0","1"
"POINT (8.597752966000030 52.017150652000055)","Unfall 47457 (2021) Kat:3, Licht: 0","47457","3","3","5","11","14","4","","0","0","1","0","1"
"POINT (8.569798806000051 51.939727429000072)","Unfall 47468 (2021) Kat:3, Licht: 2","47468","3","2","6","11","6","3","","2","0","0","1","0"
"POINT (8.522983738000050 52.016605214000037)","Unfall 47473 (2021) Kat:3, Licht: 0","47473","3","3","5","2","14","1","","0","1","1","0","0"
"POINT (8.555405022000059 52.033210348000068)","Unfall 47474 (2021) Kat:3, Licht: 0","47474","3","2","5","6","19","7","","0","1","1","0","0"
"POINT (8.462183928000059 51.979655790000038)","Unfall 47485 (2021) Kat:3, Licht: 0","47485","3","1","0","10","8","5","","0","1","1","0","0"
"POINT (8.619082265000031 51.997077830000080)","Unfall 47493 (2021) Kat:3, Licht: 2","47493","3","1","7","10","23","2","","2","0","1","0","0"
"POINT (8.568693664000023 51.969793162000030)","Unfall 47497 (2021) Kat:2, Licht: 0","47497","2","6","4","9","16","4","","0","0","1","0","0"
"POINT (8.552697800000033 52.023923999000033)","Unfall 47511 (2021) Kat:2, Licht: 2","47511","2","2","4","11","18","3","","2","1","1","0","0"
"POINT (8.531847987000049 52.015813141000081)","Unfall 47526 (2021) Kat:3, Licht: 0","47526","3","2","0","9","15","2","","0","1","1","0","0"
"POINT (8.549996554000074 52.057472335000057)","Unfall 47529 (2021) Kat:3, Licht: 1","47529","3","1","0","11","8","5","","1","1","0","0","0"
"POINT (8.463822170000071 51.970033215000058)","Unfall 47570 (2021) Kat:3, Licht: 0","47570","3","7","0","6","18","7","","0","1","0","0","0"
"POINT (8.573115030000054 51.956352477000053)","Unfall 47580 (2021) Kat:3, Licht: 2","47580","3","1","3","10","17","5","","2","0","1","0","0"
"POINT (8.553132977000075 52.022147247000078)","Unfall 47589 (2021) Kat:3, Licht: 0","47589","3","2","5","11","11","5","","0","1","1","0","0"
"POINT (8.566898185000070 52.054541383000071)","Unfall 47608 (2021) Kat:3, Licht: 0","47608","3","6","2","6","13","5","","0","0","1","0","0"
"POINT (8.549375804000022 52.057512787000064)","Unfall 47610 (2021) Kat:2, Licht: 0","47610","2","2","0","3","16","4","","0","1","1","0","0"
"POINT (8.585719802000028 52.049322465000046)","Unfall 47620 (2021) Kat:3, Licht: 0","47620","3","2","2","5","7","5","","0","0","1","0","0"
"POINT (8.510591534000071 52.029960107000079)","Unfall 47621 (2021) Kat:3, Licht: 1","47621","3","2","4","10","18","4","","1","0","1","0","0"
"POINT (8.602243982000061 52.040459562000080)","Unfall 47623 (2021) Kat:3, Licht: 0","47623","3","3","5","10","17","6","","0","1","1","0","0"
"POINT (8.527147111000033 52.021267241000032)","Unfall 47639 (2021) Kat:3, Licht: 0","47639","3","2","0","7","16","2","","0","1","1","0","0"
"POINT (8.543379227000059 52.036383769000054)","Unfall 47642 (2021) Kat:3, Licht: 0","47642","3","2","5","10","12","4","","0","1","1","0","0"
"POINT (8.531009529000073 52.043544040000029)","Unfall 47654 (2021) Kat:3, Licht: 0","47654","3","2","5","3","11","5","","0","1","1","0","0"
"POINT (8.549869016000059 52.038819058000058)","Unfall 47657 (2021) Kat:3, Licht: 0","47657","3","7","3","11","11","6","","0","1","0","0","0"
"POINT (8.584649325000044 52.010629249000033)","Unfall 47666 (2021) Kat:3, Licht: 2","47666","3","1","8","11","5","7","","2","0","1","0","0"
"POINT (8.635365901000057 51.985853180000049)","Unfall 47675 (2021) Kat:1, Licht: 0","47675","1","7","0","6","20","6","","0","0","1","0","0"
"POINT (8.615967965000038 51.989893889000030)","Unfall 47683 (2021) Kat:2, Licht: 2","47683","2","7","2","10","5","7","","2","0","1","0","0"
"POINT (8.575607499000057 51.951995874000033)","Unfall 47698 (2021) Kat:3, Licht: 2","47698","3","3","5","11","6","3","","2","0","1","0","0"
"POINT (8.511826994000046 51.925500158000034)","Unfall 47699 (2021) Kat:2, Licht: 0","47699","2","1","8","7","16","2","","0","0","1","0","0"
"POINT (8.598131568000042 52.011894578000067)","Unfall 47701 (2021) Kat:3, Licht: 0","47701","3","3","5","3","11","4","","0","1","0","0","0"
"POINT (8.607543310000040 51.932167138000068)","Unfall 47714 (2021) Kat:3, Licht: 0","47714","3","6","2","10","9","2","","0","0","1","0","0"
"POINT (8.560324410000021 52.004170311000053)","Unfall 47718 (2021) Kat:3, Licht: 2","47718","3","3","5","10","19","4","","2","0","1","0","0"
"POINT (8.435503485000027 51.968848352000066)","Unfall 47720 (2021) Kat:2, Licht: 0","47720","2","5","8","10","12","6","","0","0","1","0","0"
"POINT (8.462472161000051 52.064172971000062)","Unfall 47731 (2021) Kat:3, Licht: 0","47731","3","7","8","10","17","1","","0","0","1","0","0"
"POINT (8.571928814000046 51.945231048000039)","Unfall 47741 (2021) Kat:3, Licht: 1","47741","3","3","5","11","16","2","","1","1","1","0","0"
"POINT (8.637927286000036 52.021933638000064)","Unfall 47755 (2021) Kat:3, Licht: 2","47755","3","1","8","10","5","3","","2","0","1","0","0"
"POINT (8.531367119000038 52.031663509000055)","Unfall 47765 (2021) Kat:2, Licht: 2","47765","2","1","9","9","23","2","","2","0","1","0","0"
"POINT (8.549996554000074 52.057472335000057)","Unfall 47768 (2021) Kat:2, Licht: 0","47768","2","2","5","1","11","3","","0","1","1","0","0"
"POINT (8.486134018000030 51.980331362000072)","Unfall 47779 (2021) Kat:3, Licht: 2","47779","3","6","5","10","22","2","","2","0","1","0","0"
"POINT (8.634029573000021 52.019413210000039)","Unfall 47786 (2021) Kat:3, Licht: 0","47786","3","6","2","10","14","1","","0","0","1","0","0"
"POINT (8.528705533000050 51.980892271000073)","Unfall 47794 (2021) Kat:2, Licht: 2","47794","2","3","5","11","19","5","","2","0","1","0","0"
"POINT (8.564217401000064 51.951495399000066)","Unfall 47795 (2021) Kat:2, Licht: 1","47795","2","1","8","9","7","4","","1","0","1","0","0"
"POINT (8.578467110000076 52.044343520000041)","Unfall 47807 (2021) Kat:3, Licht: 0","47807","3","6","2","6","15","1","","0","0","1","0","1"
"POINT (8.624995707000039 52.013264425000045)","Unfall 47818 (2021) Kat:3, Licht: 0","47818","3","6","2","3","13","4","","0","0","1","0","0"
"POINT (8.495083415000067 51.995185536000065)","Unfall 47836 (2021) Kat:3, Licht: 0","47836","3","6","2","11","14","6","","0","0","1","0","0"
"POINT (8.606246861000045 52.071849397000051)","Unfall 51442 (2021) Kat:2, Licht: 2","51442","2","3","5","8","21","7","","2","1","1","0","0"
"POINT (8.565634369000065 52.002848524000058)","Unfall 51452 (2021) Kat:3, Licht: 0","51452","3","3","0","8","12","2","","0","1","1","0","0"
"POINT (8.607140543000071 51.997818122000069)","Unfall 51470 (2021) Kat:3, Licht: 0","51470","3","3","5","7","5","6","","0","0","1","0","0"
"POINT (8.524162101000059 52.034133488000066)","Unfall 51482 (2021) Kat:2, Licht: 0","51482","2","2","6","6","13","3","","0","0","1","1","0"
"POINT (8.615218068000047 51.977339007000069)","Unfall 51494 (2021) Kat:1, Licht: 1","51494","1","6","2","5","20","4","","1","0","0","0","0"
"POINT (8.552941342000054 52.057055702000071)","Unfall 51511 (2021) Kat:3, Licht: 1","51511","3","2","5","4","17","1","","1","0","1","0","1"
"POINT (8.541394667000077 51.944337250000046)","Unfall 51513 (2021) Kat:3, Licht: 0","51513","3","1","8","7","19","7","","0","0","1","0","0"
"POINT (8.557619477000060 52.000107696000043)","Unfall 51520 (2021) Kat:2, Licht: 0","51520","2","1","2","5","14","6","","0","0","1","0","0"
"POINT (8.417660229000035 51.963002935000077)","Unfall 51533 (2021) Kat:3, Licht: 0","51533","3","3","5","1","15","6","","0","1","1","0","0"
"POINT (8.600955533000047 52.058743398000047)","Unfall 51582 (2021) Kat:3, Licht: 0","51582","3","6","1","8","16","6","","0","0","1","0","0"
"POINT (8.567888895000067 52.002320930000053)","Unfall 51593 (2021) Kat:2, Licht: 0","51593","2","1","8","7","6","7","","0","1","0","0","0"
"POINT (8.531009529000073 52.043544040000029)","Unfall 51601 (2021) Kat:2, Licht: 0","51601","2","2","3","8","7","2","","0","0","1","0","0"
"POINT (8.571904055000061 51.945051429000046)","Unfall 51604 (2021) Kat:3, Licht: 0","51604","3","2","5","8","7","3","","0","1","0","0","0"
"POINT (8.614228563000040 52.037229029000059)","Unfall 51622 (2021) Kat:3, Licht: 0","51622","3","6","1","7","19","5","","0","0","1","0","0"
"POINT (8.582783876000065 51.929602159000069)","Unfall 51624 (2021) Kat:3, Licht: 0","51624","3","3","5","8","18","3","","0","1","1","0","0"
"POINT (8.550958404000028 52.005890248000071)","Unfall 51659 (2021) Kat:3, Licht: 0","51659","3","6","2","7","15","7","","0","0","1","0","0"
"POINT (8.581458190000035 51.945070842000064)","Unfall 51672 (2021) Kat:3, Licht: 0","51672","3","3","5","8","13","3","","0","0","1","0","0"
"POINT (8.533749015000069 51.934099366000055)","Unfall 51785 (2021) Kat:2, Licht: 0","51785","2","6","2","7","14","6","","0","0","1","0","0"
"POINT (8.499342385000034 51.982087964000073)","Unfall 51789 (2021) Kat:3, Licht: 0","51789","3","1","2","8","13","3","","0","0","1","0","0"
"POINT (8.561926019000055 52.037532105000082)","Unfall 51804 (2021) Kat:2, Licht: 0","51804","2","1","8","8","15","5","","0","1","0","0","0"
"POINT (8.638230744000055 52.024615148000066)","Unfall 51822 (2021) Kat:3, Licht: 0","51822","3","3","5","8","14","7","","0","1","1","0","0"
"POINT (8.604049559000032 51.967431967000039)","Unfall 51856 (2021) Kat:3, Licht: 0","51856","3","6","2","8","15","6","","0","0","1","0","0"
"POINT (8.637470659000030 52.024685948000069)","Unfall 51872 (2021) Kat:3, Licht: 0","51872","3","3","5","7","13","5","","0","0","1","0","0"
"POINT (8.640213315000040 51.982074856000054)","Unfall 51877 (2021) Kat:3, Licht: 0","51877","3","1","8","8","7","1","","0","0","0","0","1"
"POINT (8.500126606000038 52.096023025000079)","Unfall 51941 (2021) Kat:3, Licht: 1","51941","3","6","6","8","5","5","","1","0","0","1","0"
"POINT (8.557927460000030 52.036780951000026)","Unfall 51949 (2021) Kat:3, Licht: 0","51949","3","3","5","10","18","2","","0","1","1","0","0"
"POINT (8.617500108000058 51.995734483000035)","Unfall 51956 (2021) Kat:2, Licht: 0","51956","2","6","2","7","15","7","","0","0","1","0","1"
"POINT (8.529853656000057 52.027912792000052)","Unfall 51968 (2021) Kat:3, Licht: 0","51968","3","6","0","7","16","6","","0","1","0","0","0"
"POINT (8.558735463000062 52.003327621000039)","Unfall 51987 (2021) Kat:3, Licht: 0","51987","3","3","5","4","15","3","","0","0","1","0","0"
"POINT (8.499932149000074 52.001323587000059)","Unfall 52004 (2021) Kat:2, Licht: 0","52004","2","6","2","8","16","2","","0","0","1","0","0"
"POINT (8.528649495000025 52.030005021000079)","Unfall 52015 (2021) Kat:3, Licht: 1","52015","3","1","0","7","21","6","","1","1","0","0","0"
"POINT (8.572184129000050 52.001420898000049)","Unfall 52028 (2021) Kat:3, Licht: 0","52028","3","7","5","3","9","2","","0","0","1","0","0"
"POINT (8.582799155000032 52.038531816000045)","Unfall 52040 (2021) Kat:3, Licht: 0","52040","3","3","5","8","6","2","","0","0","0","0","0"
"POINT (8.575626397000065 51.952007318000028)","Unfall 52070 (2021) Kat:3, Licht: 0","52070","3","3","5","8","17","1","","0","1","1","0","0"
"POINT (8.470199283000056 51.976198994000072)","Unfall 52071 (2021) Kat:3, Licht: 0","52071","3","6","3","7","20","2","","0","0","1","0","0"
"POINT (8.591769082000042 52.052750215000060)","Unfall 52087 (2021) Kat:3, Licht: 0","52087","3","6","1","7","15","5","","0","0","1","0","0"
"POINT (8.514024939000024 52.094334779000064)","Unfall 52097 (2021) Kat:3, Licht: 0","52097","3","6","1","5","13","1","","0","0","1","0","0"
"POINT (8.549578590000067 52.039003899000079)","Unfall 52106 (2021) Kat:3, Licht: 0","52106","3","3","5","8","15","3","","0","1","1","0","0"
"POINT (8.497621284000047 51.981706338000038)","Unfall 52112 (2021) Kat:2, Licht: 0","52112","2","6","0","7","14","5","","0","0","1","0","0"
"POINT (8.583503422000035 52.078381608000029)","Unfall 52115 (2021) Kat:2, Licht: 2","52115","2","1","0","8","0","6","","2","0","0","0","1"
"POINT (8.611099216000071 52.013048561000062)","Unfall 52143 (2021) Kat:3, Licht: 2","52143","3","2","5","7","21","5","","2","0","1","0","0"
"POINT (8.611738603000049 52.068216022000058)","Unfall 52157 (2021) Kat:3, Licht: 0","52157","3","2","4","8","16","5","","0","1","1","0","0"
"POINT (8.516342961000021 52.013486000000057)","Unfall 52168 (2021) Kat:3, Licht: 0","52168","3","6","3","4","13","5","","0","0","1","0","0"
"POINT (8.607470469000020 51.991078475000052)","Unfall 52202 (2021) Kat:2, Licht: 0","52202","2","6","0","6","18","4","","0","0","1","0","0"
"POINT (8.502252395000028 51.982456548000073)","Unfall 52208 (2021) Kat:2, Licht: 0","52208","2","6","1","7","12","7","","0","0","1","0","0"
"POINT (8.553493626000034 52.026201229000037)","Unfall 52215 (2021) Kat:3, Licht: 0","52215","3","3","5","2","16","4","","0","0","1","0","1"
"POINT (8.424727558000029 51.965221516000042)","Unfall 52227 (2021) Kat:2, Licht: 0","52227","2","2","0","8","14","3","","0","0","0","0","1"
"POINT (8.483938888000068 51.997486825000067)","Unfall 52274 (2021) Kat:2, Licht: 0","52274","2","3","5","8","11","4","","0","1","1","0","0"