WKT,Name,OBJECTID,UKATEGORIE,UTYP1,UART,UMONAT,USTUNDE,UWOCHENTAG,STRZUSTAND,ULICHTVERH,ISTRAD,ISTPKW,ISTFUSS,ISTKRAD
"POINT (8.614228563000040 52.037229029000059)","Unfall 52286 (2021) Kat:3, Licht: 1","52286","3","6","2","2","7","2","","1","0","1","0","0"
"POINT (8.615692996000064 51.979195556000036)","Unfall 52298 (2021) Kat:2, Licht: 0","52298","2","1","0","7","10","5","","0","1","0","0","0"
"POINT (8.527101518000052 52.057331085000044)","Unfall 52314 (2021) Kat:3, Licht: 0","52314","3","6","2","7","15","4","","0","0","1","0","0"
"POINT (8.555285918000038 52.005097209000041)","Unfall 52324 (2021) Kat:3, Licht: 0","52324","3","3","0","8","18","2","","0","1","1","0","0"
"POINT (8.524093340000036 52.034326261000047)","Unfall 52335 (2021) Kat:3, Licht: 0","52335","3","3","5","2","14","3","","0","0","1","0","0"
"POINT (8.474704524000060 51.983852353000032)","Unfall 52342 (2021) Kat:2, Licht: 0","52342","2","6","2","8","14","2","","0","0","1","0","0"
"POINT (8.552903657000059 52.023067051000055)","Unfall 52380 (2021) Kat:3, Licht: 0","52380","3","3","4","8","15","5","","0","1","1","0","0"
"POINT (8.523969674000057 51.951921405000064)","Unfall 52458 (2021) Kat:3, Licht: 0","52458","3","2","5","8","18","5","","0","0","1","0","1"
"POINT (8.465700953000066 51.978487099000063)","Unfall 52459 (2021) Kat:3, Licht: 0","52459","3","1","9","4","7","7","","0","0","1","0","0"
"POINT (8.596030196000072 52.055403147000050)","Unfall 52477 (2021) Kat:3, Licht: 0","52477","3","6","4","8","20","3","","0","0","1","0","0"
"POINT (8.583409530000040 51.943728144000033)","Unfall 52480 (2021) Kat:2, Licht: 0","52480","2","7","0","8","14","4","","0","0","1","0","0"
"POINT (8.463659007000047 52.056585629000040)","Unfall 52503 (2021) Kat:3, Licht: 0","52503","3","3","0","8","12","7","","0","1","1","0","0"
"POINT (8.578302721000057 51.999936955000067)","Unfall 52512 (2021) Kat:3, Licht: 0","52512","3","3","0","6","15","4","","0","1","1","0","0"
"POINT (8.527941757000065 52.030743493000045)","Unfall 52523 (2021) Kat:2, Licht: 0","52523","2","1","8","7","5","6","","0","0","1","0","0"
"POINT (8.502058120000072 52.003502825000055)","Unfall 52559 (2021) Kat:3, Licht: 0","52559","3","6","2","7","14","5","","0","0","1","0","0"
"POINT (8.519024414000057 51.943995060000077)","Unfall 52571 (2021) Kat:2, Licht: 2","52571","2","6","0","1","20","3","","2","0","1","0","0"
"POINT (8.499067826000044 52.032778235000080)","Unfall 52587 (2021) Kat:3, Licht: 0","52587","3","6","2","8","16","6","","0","0","1","0","0"
"POINT (8.577419759000065 51.958752492000031)","Unfall 52590 (2021) Kat:3, Licht: 0","52590","3","7","2","8","13","1","","0","0","1","0","1"
"POINT (8.523741524000059 52.023934599000029)","Unfall 52606 (2021) Kat:3, Licht: 2","52606","3","3","3","10","18","4","","2","1","1","0","0"
"POINT (8.607528412000022 51.990577477000045)","Unfall 52620 (2021) Kat:3, Licht: 0","52620","3","3","5","8","11","1","","0","1","1","0","0"
"POINT (8.600567998000031 52.022637580000037)","Unfall 52627 (2021) Kat:3, Licht: 0","52627","3","7","1","8","16","4","","0","0","1","0","0"
"POINT (8.480046496000057 51.973111405000054)","Unfall 52639 (2021) Kat:3, Licht: 1","52639","3","6","2","1","7","4","","1","0","1","0","0"
"POINT (8.588838524000039 52.009799718000068)","Unfall 52645 (2021) Kat:3, Licht: 0","52645","3","2","5","6","9","3","","0","0","1","0","0"
"POINT (8.569978324000033 51.939516503000050)","Unfall 52657 (2021) Kat:3, Licht: 0","52657","3","6","1","7","6","3","","0","0","1","0","0"
"POINT (8.525572183000065 52.032889341000043)","Unfall 52674 (2021) Kat:3, Licht: 2","52674","3","3","5","7","23","7","","2","0","1","0","0"
"POINT (8.518222377000029 51.976170111000044)","Unfall 52687 (2021) Kat:3, Licht: 0","52687","3","3","5","8","13","7","","0","0","1","0","0"
"POINT (8.542732661000059 52.016435478000062)","Unfall 52694 (2021) Kat:3, Licht: 0","52694","3","2","5","6","13","3","","0","1","1","0","0"
"POINT (8.518988250000064 52.054139442000064)","Unfall 52702 (2021) Kat:3, Licht: 0","52702","3","3","5","8","18","5","","0","0","1","0","0"
"POINT (8.497851981000053 51.950207299000056)","Unfall 52734 (2021) Kat:3, Licht: 0","52734","3","3","5","7","16","3","","0","1","1","0","0"
"POINT (8.520864198000027 51.958185585000081)","Unfall 52753 (2021) Kat:2, Licht: 0","52753","2","1","7","8","14","1","","0","0","1","0","0"
"POINT (8.529853656000057 52.027912792000052)","Unfall 52770 (2021) Kat:3, Licht: 0","52770","3","6","0","8","16","4","","0","1","0","0","0"
"POINT (8.597990260000074 52.039652296000042)","Unfall 52797 (2021) Kat:3, Licht: 0","52797","3","2","5","8","10","4","","0","0","1","0","1"
"POINT (8.466383482000026 51.971854731000064)","Unfall 52801 (2021) Kat:3, Licht: 0","52801","3","3","5","3","13","2","","0","1","1","0","0"
"POINT (8.520259828000064 51.960179330000074)","Unfall 52819 (2021) Kat:3, Licht: 0","52819","3","3","5","8","18","7","","0","1","1","0","0"
"POINT (8.601399606000030 52.059054388000050)","Unfall 52844 (2021) Kat:3, Licht: 0","52844","3","6","1","7","12","7","","0","0","1","0","0"
"POINT (8.518286575000047 51.976295209000057)","Unfall 52848 (2021) Kat:3, Licht: 0","52848","3","6","2","1","11","6","","0","0","1","0","0"
"POINT (8.511361401000045 51.984800722000045)","Unfall 52849 (2021) Kat:3, Licht: 0","52849","3","6","1","5","13","2","","0","0","1","0","1"
"POINT (8.543695265000053 52.008271468000032)","Unfall 52879 (2021) Kat:3, Licht: 0","52879","3","1","0","6","18","3","","0","0","0","0","1"
"POINT (8.561776405000046 52.055398524000054)","Unfall 52889 (2021) Kat:3, Licht: 0","52889","3","2","5","3","10","5","","0","1","1","0","0"
"POINT (8.551730946000021 51.969497171000057)","Unfall 52892 (2021) Kat:2, Licht: 0","52892","2","7","5","7","19","3","","0","0","1","0","0"
"POINT (8.455592610000053 51.998899896000069)","Unfall 52897 (2021) Kat:3, Licht: 0","52897","3","3","0","8","19","5","","0","0","1","0","1"
"POINT (8.585295875000043 51.961966549000067)","Unfall 52910 (2021) Kat:3, Licht: 0","52910","3","7","8","8","15","7","","0","0","1","0","0"
"POINT (8.614608778000047 51.991394892000073)","Unfall 52913 (2021) Kat:3, Licht: 0","52913","3","2","0","5","7","5","","0","1","1","0","0"
"POINT (8.579091537000068 52.072109006000062)","Unfall 52935 (2021) Kat:3, Licht: 0","52935","3","3","5","8","17","5","","0","1","1","0","0"
"POINT (8.528707621000024 52.097787367000080)","Unfall 52948 (2021) Kat:2, Licht: 0","52948","2","5","1","7","13","3","","0","0","1","0","0"
"POINT (8.552044576000071 52.013975359000028)","Unfall 52970 (2021) Kat:3, Licht: 0","52970","3","1","0","8","16","1","","0","1","0","0","0"
"POINT (8.583034049000048 51.930705400000079)","Unfall 52999 (2021) Kat:2, Licht: 2","52999","2","6","4","7","22","6","","2","1","0","0","0"
"POINT (8.563541994000047 52.023541844000079)","Unfall 53017 (2021) Kat:3, Licht: 0","53017","3","2","5","8","13","4","","0","1","1","0","0"
"POINT (8.545999866000045 52.007453798000029)","Unfall 53035 (2021) Kat:2, Licht: 0","53035","2","1","0","7","13","1","","0","0","0","0","1"
"POINT (8.598374857000067 51.995840936000036)","Unfall 53052 (2021) Kat:2, Licht: 0","53052","2","3","5","7","10","3","","0","1","1","0","0"
"POINT (8.515152930000056 52.088932649000071)","Unfall 53054 (2021) Kat:2, Licht: 0","53054","2","3","5","8","13","1","","0","0","1","0","1"
"POINT (8.526479834000043 52.019601500000078)","Unfall 53064 (2021) Kat:3, Licht: 0","53064","3","2","5","8","17","1","","0","1","1","0","0"
"POINT (8.473742828000070 52.078804624000043)","Unfall 53080 (2021) Kat:2, Licht: 0","53080","2","3","5","7","14","1","","0","0","1","0","1"
"POINT (8.613637482000058 52.037666102000060)","Unfall 53090 (2021) Kat:3, Licht: 0","53090","3","3","5","8","16","5","","0","1","1","0","0"
"POINT (8.614708398000062 51.979627234000077)","Unfall 53101 (2021) Kat:3, Licht: 0","53101","3","1","4","8","15","1","","0","0","1","0","1"
"POINT (8.529662807000022 52.028261929000053)","Unfall 53108 (2021) Kat:3, Licht: 0","53108","3","3","5","3","15","3","","0","1","1","0","0"
"POINT (8.564293984000074 52.003270432000079)","Unfall 53127 (2021) Kat:2, Licht: 0","53127","2","4","6","7","18","5","","0","0","1","1","0"
"POINT (8.541430176000063 51.993463933000044)","Unfall 53146 (2021) Kat:3, Licht: 0","53146","3","7","0","8","16","3","","0","1","0","0","0"
"POINT (8.573178374000065 51.952517170000078)","Unfall 53169 (2021) Kat:2, Licht: 0","53169","2","3","5","4","13","2","","0","0","1","0","0"
"POINT (8.614742352000064 51.970829652000077)","Unfall 53188 (2021) Kat:3, Licht: 0","53188","3","2","2","6","12","4","","0","0","1","0","0"
"POINT (8.552782552000053 52.015823710000063)","Unfall 53200 (2021) Kat:2, Licht: 0","53200","2","2","5","8","13","3","","0","1","1","0","0"
"POINT (8.571411949000037 52.036351469000067)","Unfall 53229 (2021) Kat:3, Licht: 0","53229","3","2","4","7","8","4","","0","0","1","0","0"
"POINT (8.553132977000075 52.022147247000078)","Unfall 53249 (2021) Kat:3, Licht: 0","53249","3","2","5","7","10","5","","0","1","1","0","0"
"POINT (8.609724831000051 51.997459211000034)","Unfall 53285 (2021) Kat:3, Licht: 1","53285","3","1","2","1","8","2","","1","0","1","0","0"
"POINT (8.582150741000021 52.038574671000049)","Unfall 53297 (2021) Kat:3, Licht: 0","53297","3","3","5","7","16","7","","0","1","1","0","0"
"POINT (8.503315503000067 51.982764730000042)","Unfall 53302 (2021) Kat:3, Licht: 0","53302","3","2","5","8","17","2","","0","0","1","0","0"
"POINT (8.640213315000040 51.982074856000054)","Unfall 53309 (2021) Kat:3, Licht: 0","53309","3","1","8","8","10","7","","0","0","1","0","0"
"POINT (8.555630595000025 52.033177919000082)","Unfall 53325 (2021) Kat:3, Licht: 0","53325","3","3","2","7","13","1","","0","0","1","0","1"
"POINT (8.607351922000021 51.992903320000039)","Unfall 53331 (2021) Kat:3, Licht: 0","53331","3","3","5","8","15","5","","0","1","1","0","0"
"POINT (8.526018859000033 52.018589585000029)","Unfall 53344 (2021) Kat:3, Licht: 0","53344","3","6","4","7","16","6","","0","1","0","0","0"
"POINT (8.548942188000069 52.057555697000055)","Unfall 53352 (2021) Kat:3, Licht: 0","53352","3","7","1","7","18","5","","0","1","1","0","0"
"POINT (8.545468807000077 52.007765901000027)","Unfall 53363 (2021) Kat:3, Licht: 0","53363","3","1","7","8","14","6","","0","0","0","0","1"
"POINT (8.591769082000042 52.052750215000060)","Unfall 53374 (2021) Kat:3, Licht: 0","53374","3","3","5","1","10","7","","0","0","1","0","1"
"POINT (8.487701605000041 51.997834558000079)","Unfall 53382 (2021) Kat:3, Licht: 0","53382","3","2","5","8","18","7","","0","1","1","0","0"
"POINT (8.609011275000057 51.931776509000031)","Unfall 53393 (2021) Kat:3, Licht: 0","53393","3","2","5","5","9","5","","0","0","1","0","0"
"POINT (8.520269302000031 51.960012572000039)","Unfall 53394 (2021) Kat:3, Licht: 0","53394","3","6","2","5","13","4","","0","0","1","0","0"
"POINT (8.607470469000020 51.991078475000052)","Unfall 53397 (2021) Kat:3, Licht: 0","53397","3","2","2","2","16","3","","0","0","1","0","0"
"POINT (8.559192115000030 52.004433387000063)","Unfall 53453 (2021) Kat:3, Licht: 0","53453","3","1","0","7","14","1","","0","1","0","0","0"
"POINT (8.603725179000037 51.993836796000039)","Unfall 53494 (2021) Kat:3, Licht: 0","53494","3","3","5","5","18","2","","0","1","1","0","0"
"POINT (8.597996689000070 51.995909712000071)","Unfall 53698 (2021) Kat:3, Licht: 0","53698","3","3","5","4","10","4","","0","0","1","0","0"
"POINT (8.587268339000047 52.050031127000068)","Unfall 53746 (2021) Kat:3, Licht: 0","53746","3","6","2","8","16","7","","0","0","1","0","0"
"POINT (8.543631499000071 52.030724174000056)","Unfall 53787 (2021) Kat:3, Licht: 0","53787","3","6","2","4","11","5","","0","0","1","0","0"
"POINT (8.558008896000047 52.022394644000030)","Unfall 53814 (2021) Kat:3, Licht: 0","53814","3","1","8","6","20","2","","0","0","1","0","0"
"POINT (8.604201772000067 51.993723838000051)","Unfall 53844 (2021) Kat:2, Licht: 0","53844","2","6","2","8","14","1","","0","0","1","0","0"
"POINT (8.566144335000047 52.035271186000045)","Unfall 53962 (2021) Kat:2, Licht: 1","53962","2","2","6","7","21","5","","1","0","1","1","0"
"POINT (8.556083026000067 52.062705825000080)","Unfall 54050 (2021) Kat:3, Licht: 0","54050","3","3","5","7","18","5","","0","0","1","0","0"
"POINT (8.470187136000050 52.042937758000051)","Unfall 54098 (2021) Kat:3, Licht: 0","54098","3","7","0","7","13","5","","0","0","1","0","0"
"POINT (8.555375817000026 52.033214547000057)","Unfall 54112 (2021) Kat:3, Licht: 0","54112","3","2","5","7","10","7","","0","1","1","0","0"
"POINT (8.597996689000070 51.995909712000071)","Unfall 54208 (2021) Kat:2, Licht: 0","54208","2","6","1","8","13","6","","0","0","1","0","0"
"POINT (8.603725179000037 51.993836796000039)","Unfall 54267 (2021) Kat:2, Licht: 0","54267","2","2","5","7","20","7","","0","1","1","0","0"
"POINT (8.652849579000076 52.045616746000064)","Unfall 54384 (2021) Kat:3, Licht: 0","54384","3","6","2","8","17","2","","0","0","1","0","0"
"POINT (8.523585595000043 52.035744416000057)","Unfall 54396 (2021) Kat:3, Licht: 0","54396","3","1","0","8","18","3","","0","0","0","0","1"
"POINT (8.559192115000030 52.004433387000063)","Unfall 54415 (2021) Kat:3, Licht: 1","54415","3","3","5","8","22","4","","1","0","1","0","0"
"POINT (8.523825816000056 51.943260030000033)","Unfall 54665 (2021) Kat:3, Licht: 2","54665","3","3","3","7","0","5","","2","0","1","0","0"
"POINT (8.531744231000062 52.021017844000028)","Unfall 165643 (2021) Kat:2, Licht: 0","165643","2","1","6","11","10","1","","0","0","1","1","0"
"POINT (8.502579436000076 52.042181103000075)","Unfall 165645 (2021) Kat:2, Licht: 0","165645","2","1","1","9","11","5","","0","0","1","0","0"
"POINT (8.585966755000072 51.954225184000052)","Unfall 165648 (2021) Kat:3, Licht: 0","165648","3","2","4","12","12","2","","0","0","1","0","0"
"POINT (8.496885368000051 52.057930644000066)","Unfall 165650 (2021) Kat:3, Licht: 0","165650","3","5","0","9","8","3","","0","1","1","0","0"
"POINT (8.525293680000061 52.028143679000038)","Unfall 165654 (2021) Kat:3, Licht: 0","165654","3","6","2","6","15","7","","0","1","1","0","0"
"POINT (8.545491415000072 52.049053468000068)","Unfall 165656 (2021) Kat:3, Licht: 0","165656","3","3","0","12","12","2","","0","1","1","0","0"
"POINT (8.548159801000054 52.025299087000064)","Unfall 165662 (2021) Kat:2, Licht: 0","165662","2","3","5","6","12","6","","0","0","1","0","0"
"POINT (8.578051557000038 52.023632239000051)","Unfall 165663 (2021) Kat:3, Licht: 2","165663","3","6","2","1","17","5","","2","0","1","0","0"
"POINT (8.516206489000069 52.037257418000081)","Unfall 165665 (2021) Kat:3, Licht: 0","165665","3","7","0","11","10","4","","0","0","0","1","0"
"POINT (8.540657232000058 51.957980005000081)","Unfall 165672 (2021) Kat:3, Licht: 0","165672","3","3","0","5","11","5","","0","1","1","0","0"
"POINT (8.564994436000063 52.025142992000042)","Unfall 165673 (2021) Kat:3, Licht: 0","165673","3","3","5","1","12","7","","0","0","1","0","0"
"POINT (8.537693786000034 51.958128285000043)","Unfall 165678 (2021) Kat:3, Licht: 0","165678","3","5","1","9","7","4","","0","1","1","0","0"
"POINT (8.589003116000072 52.004348046000075)","Unfall 165682 (2021) Kat:3, Licht: 0","165682","3","6","0","9","17","5","","0","1","0","0","0"
"POINT (8.494087715000035 52.050819716000035)","Unfall 165684 (2021) Kat:3, Licht: 0","165684","3","2","8","4","13","6","","0","1","1","0","0"
"POINT (8.522708756000043 52.031364325000027)","Unfall 165686 (2021) Kat:3, Licht: 0","165686","3","3","0","6","14","2","","0","1","1","0","0"
"POINT (8.517686832000038 51.974048691000064)","Unfall 165698 (2021) Kat:3, Licht: 1","165698","3","3","5","9","18","3","","1","1","1","0","0"
"POINT (8.530332044000033 52.022748107000041)","Unfall 165700 (2021) Kat:3, Licht: 0","165700","3","7","0","5","20","7","","0","0","0","0","0"
"POINT (8.546612996000022 52.009105400000067)","Unfall 165702 (2021) Kat:2, Licht: 0","165702","2","3","5","6","20","4","","0","1","1","0","0"
"POINT (8.548540002000038 52.023418577000029)","Unfall 165708 (2021) Kat:3, Licht: 0","165708","3","6","2","5","15","6","","0","1","0","0","0"
"POINT (8.521151611000050 52.012703041000066)","Unfall 165711 (2021) Kat:3, Licht: 0","165711","3","6","1","9","17","3","","0","1","1","0","0"
"POINT (8.542173477000063 52.025136107000037)","Unfall 165718 (2021) Kat:3, Licht: 0","165718","3","3","5","11","8","4","","0","1","1","0","0"
"POINT (8.537843075000069 52.000262300000031)","Unfall 165725 (2021) Kat:2, Licht: 0","165725","2","4","6","7","12","4","","0","0","1","1","0"
"POINT (8.464563611000074 51.962502407000045)","Unfall 165733 (2021) Kat:2, Licht: 0","165733","2","1","0","4","7","3","","0","0","1","0","0"
"POINT (8.524625317000073 52.028820156000052)","Unfall 165735 (2021) Kat:3, Licht: 0","165735","3","5","0","6","10","6","","0","1","1","0","0"
"POINT (8.540849228000070 52.027020934000063)","Unfall 165743 (2021) Kat:3, Licht: 0","165743","3","5","1","5","14","4","","0","0","1","0","1"
"POINT (8.580585756000062 51.953170388000046)","Unfall 165744 (2021) Kat:3, Licht: 0","165744","3","3","5","7","13","3","","0","1","1","0","0"
"POINT (8.521382749000054 52.007954265000080)","Unfall 165746 (2021) Kat:3, Licht: 0","165746","3","3","0","5","10","1","","0","1","1","0","0"
"POINT (8.534522973000037 52.027065418000063)","Unfall 165752 (2021) Kat:2, Licht: 0","165752","2","1","0","7","17","3","","0","0","0","0","1"
"POINT (8.571906374000037 51.951259724000067)","Unfall 165755 (2021) Kat:3, Licht: 0","165755","3","4","6","2","16","7","","0","0","1","1","0"
"POINT (8.512294510000061 52.051525432000062)","Unfall 165761 (2021) Kat:3, Licht: 2","165761","3","3","5","6","22","7","","2","0","1","0","0"
"POINT (8.541404952000050 52.039709756000036)","Unfall 165767 (2021) Kat:3, Licht: 0","165767","3","3","5","12","12","7","","0","0","1","0","1"
"POINT (8.534380474000045 51.998373724000032)","Unfall 165775 (2021) Kat:3, Licht: 0","165775","3","1","9","12","8","6","","0","0","1","0","0"
"POINT (8.561245669000073 52.008898987000066)","Unfall 165777 (2021) Kat:3, Licht: 0","165777","3","2","5","11","7","3","","0","0","1","0","0"
"POINT (8.530819155000074 52.005249722000030)","Unfall 165785 (2021) Kat:3, Licht: 0","165785","3","6","5","9","11","3","","0","1","1","0","0"
"POINT (8.538003266000032 52.056988914000044)","Unfall 165792 (2021) Kat:3, Licht: 0","165792","3","4","6","9","19","2","","0","0","1","1","0"
"POINT (8.516876568000043 52.036990049000053)","Unfall 165795 (2021) Kat:3, Licht: 0","165795","3","3","0","10","13","3","","0","1","1","0","0"
"POINT (8.533924668000054 52.037771302000067)","Unfall 165802 (2021) Kat:3, Licht: 2","165802","3","7","0","10","19","4","","2","0","1","0","0"
"POINT (8.504696925000076 51.993289552000078)","Unfall 165804 (2021) Kat:3, Licht: 0","165804","3","3","5","11","8","4","","0","1","1","0","0"
"POINT (8.544091770000023 52.045413562000078)","Unfall 165815 (2021) Kat:3, Licht: 0","165815","3","3","5","6","14","6","","0","1","1","0","0"
"POINT (8.579813373000036 52.066486303000033)","Unfall 165821 (2021) Kat:2, Licht: 0","165821","2","5","0","10","15","1","","0","0","1","0","0"
"POINT (8.516115910000053 52.037297771000055)","Unfall 165823 (2021) Kat:3, Licht: 0","165823","3","3","0","6","19","6","","0","1","0","0","1"
"POINT (8.529127215000074 52.018916988000058)","Unfall 165827 (2021) Kat:3, Licht: 0","165827","3","1","8","3","17","3","","0","0","0","0","1"
"POINT (8.582197519000033 52.017246631000035)","Unfall 165831 (2021) Kat:3, Licht: 0","165831","3","5","3","7","18","3","","0","1","1","0","0"
"POINT (8.488784967000072 51.966125453000075)","Unfall 165835 (2021) Kat:3, Licht: 0","165835","3","1","0","9","17","3","","0","1","0","0","0"
"POINT (8.517533773000025 51.982902657000068)","Unfall 165839 (2021) Kat:3, Licht: 0","165839","3","3","5","5","13","6","","0","1","0","0","0"
"POINT (8.511174958000026 52.030437792000043)","Unfall 165841 (2021) Kat:3, Licht: 2","165841","3","1","0","11","20","5","","2","1","0","0","0"
"POINT (8.539782046000028 52.020513293000079)","Unfall 165846 (2021) Kat:3, Licht: 0","165846","3","3","5","1","10","5","","0","1","1","0","0"
"POINT (8.533730076000040 52.028926483000077)","Unfall 165855 (2021) Kat:3, Licht: 0","165855","3","2","0","6","20","6","","0","0","1","0","1"
"POINT (8.557221164000055 52.021654056000045)","Unfall 165857 (2021) Kat:2, Licht: 2","165857","2","1","0","12","1","6","","2","0","0","0","0"
"POINT (8.466185571000040 51.993661574000043)","Unfall 165872 (2021) Kat:3, Licht: 0","165872","3","6","2","9","16","7","","0","1","0","0","0"
"POINT (8.552319736000072 52.045071726000060)","Unfall 165873 (2021) Kat:2, Licht: 2","165873","2","1","0","9","2","1","","2","0","0","0","0"
"POINT (8.517534973000068 52.039247048000050)","Unfall 165876 (2021) Kat:3, Licht: 0","165876","3","5","0","7","11","6","","0","1","1","0","0"
"POINT (8.537943945000052 52.033103229000062)","Unfall 165884 (2021) Kat:3, Licht: 0","165884","3","2","5","3","18","3","","0","1","1","0","0"
"POINT (8.532992519000061 52.028667402000053)","Unfall 165892 (2021) Kat:3, Licht: 2","165892","3","5","1","3","20","1","","2","1","1","0","0"
"POINT (8.516025815000035 52.012881162000042)","Unfall 165893 (2021) Kat:3, Licht: 2","165893","3","1","0","4","23","5","","2","1","0","0","0"
"POINT (8.539820360000022 52.024050770000031)","Unfall 165898 (2021) Kat:3, Licht: 0","165898","3","3","5","9","17","3","","0","0","1","0","0"
"POINT (8.566192193000063 52.016371989000049)","Unfall 165899 (2021) Kat:3, Licht: 0","165899","3","2","4","6","13","4","","0","1","1","0","0"
"POINT (8.535891469000035 52.040319159000035)","Unfall 165905 (2021) Kat:3, Licht: 0","165905","3","6","4","6","19","2","","0","1","0","0","0"
"POINT (8.561219081000047 52.009372603000031)","Unfall 165907 (2021) Kat:2, Licht: 0","165907","2","3","0","4","12","6","","0","1","1","0","0"
"POINT (8.590968414000031 52.009570741000061)","Unfall 165909 (2021) Kat:2, Licht: 0","165909","2","1","0","5","9","6","","0","0","0","0","1"
"POINT (8.524817571000028 52.074175027000081)","Unfall 165913 (2021) Kat:3, Licht: 2","165913","3","6","6","11","7","2","","2","0","1","1","0"
"POINT (8.544058150000069 52.046194202000038)","Unfall 165915 (2021) Kat:3, Licht: 0","165915","3","3","5","4","19","5","","0","0","1","0","0"
"POINT (8.544713901000023 52.026044938000041)","Unfall 165921 (2021) Kat:3, Licht: 0","165921","3","5","1","9","14","3","","0","1","1","0","0"
"POINT (8.520111279000048 52.071107010000048)","Unfall 165924 (2021) Kat:3, Licht: 0","165924","3","6","4","9","12","6","","0","1","1","0","0"
"POINT (8.514627209000025 52.037920725000049)","Unfall 165926 (2021) Kat:3, Licht: 0","165926","3","2","5","9","13","2","","0","0","1","0","1"
"POINT (8.539734851000048 52.031791029000033)","Unfall 165932 (2021) Kat:3, Licht: 2","165932","3","6","1","11","17","5","","2","0","1","0","0"
"POINT (8.506852826000056 52.046260055000062)","Unfall 165933 (2021) Kat:3, Licht: 2","165933","3","5","1","6","1","4","","2","0","1","0","0"
"POINT (8.564586488000032 51.944533437000075)","Unfall 165934 (2021) Kat:2, Licht: 1","165934","2","2","2","9","6","5","","1","0","1","0","0"
"POINT (8.537754792000044 52.025858883000069)","Unfall 165940 (2021) Kat:2, Licht: 0","165940","2","1","0","4","10","7","","0","0","1","0","0"
"POINT (8.531009529000073 52.043544040000029)","Unfall 165950 (2021) Kat:3, Licht: 0","165950","3","3","5","7","16","4","","0","1","0","0","0"
"POINT (8.508844924000073 52.032926740000050)","Unfall 165952 (2021) Kat:2, Licht: 2","165952","2","3","5","3","19","4","","2","1","1","0","0"
"POINT (8.561086660000058 52.008913444000029)","Unfall 165955 (2021) Kat:3, Licht: 2","165955","3","3","5","11","19","4","","2","1","1","0","0"
"POINT (8.477692386000058 51.986678196000071)","Unfall 165960 (2021) Kat:3, Licht: 0","165960","3","3","5","4","17","7","","0","0","1","0","0"
"POINT (8.523582772000054 52.015907698000035)","Unfall 165964 (2021) Kat:3, Licht: 0","165964","3","6","0","2","14","3","","0","1","1","0","0"
"POINT (8.548159801000054 52.025299087000064)","Unfall 165971 (2021) Kat:2, Licht: 1","165971","2","3","5","2","17","2","","1","1","1","0","0"
"POINT (8.581307236000043 51.945597915000064)","Unfall 165972 (2021) Kat:2, Licht: 0","165972","2","7","6","11","10","5","","0","0","1","1","0"
"POINT (8.522412073000055 52.029133547000072)","Unfall 165974 (2021) Kat:3, Licht: 0","165974","3","7","3","4","17","6","","0","0","1","0","0"
"POINT (8.515766626000072 52.041244296000059)","Unfall 165976 (2021) Kat:3, Licht: 0","165976","3","3","0","4","16","3","","0","0","1","0","1"
"POINT (8.541134092000050 52.032833551000067)","Unfall 165982 (2021) Kat:3, Licht: 0","165982","3","6","0","4","18","2","","0","1","1","0","0"
"POINT (8.503554948000044 51.999518906000048)","Unfall 165983 (2021) Kat:3, Licht: 0","165983","3","5","0","6","14","5","","0","1","1","0","0"
"POINT (8.536107984000068 52.018106251000063)","Unfall 165991 (2021) Kat:3, Licht: 0","165991","3","7","0","9","16","5","","0","0","1","1","0"
"POINT (8.589499309000075 52.007611778000069)","Unfall 165995 (2021) Kat:3, Licht: 0","165995","3","4","6","5","14","7","","0","0","1","1","0"
"POINT (8.496668222000039 51.943879266000067)","Unfall 165999 (2021) Kat:2, Licht: 0","165999","2","5","5","10","14","5","","0","0","1","0","1"
"POINT (8.580536857000027 52.012160277000078)","Unfall 166000 (2021) Kat:3, Licht: 0","166000","3","6","4","9","15","2","","0","0","0","0","1"
"POINT (8.518161232000068 51.977456724000035)","Unfall 166002 (2021) Kat:3, Licht: 0","166002","3","4","6","9","11","4","","0","0","1","1","0"
"POINT (8.458218966000061 51.972253181000042)","Unfall 166010 (2021) Kat:3, Licht: 0","166010","3","5","0","10","15","6","","0","0","1","1","0"
"POINT (8.539567011000031 52.040059334000034)","Unfall 166011 (2021) Kat:2, Licht: 0","166011","2","5","1","4","9","6","","0","0","1","0","0"
"POINT (8.595914466000067 52.051913960000036)","Unfall 166014 (2021) Kat:3, Licht: 2","166014","3","2","6","12","18","6","","2","0","1","1","0"
"POINT (8.533795592000047 52.023595621000027)","Unfall 166020 (2021) Kat:3, Licht: 2","166020","3","5","3","9","20","7","","2","0","0","0","0"
"POINT (8.539756495000063 52.017515522000053)","Unfall 166025 (2021) Kat:3, Licht: 0","166025","3","1","0","9","13","2","","0","1","0","0","0"
"POINT (8.517428117000065 51.985771154000076)","Unfall 166028 (2021) Kat:2, Licht: 0","166028","2","7","0","10","16","4","","0","1","0","0","0"
"POINT (8.534370757000033 52.020175269000049)","Unfall 166034 (2021) Kat:3, Licht: 2","166034","3","4","6","11","20","6","","2","0","1","1","0"