WKT,Name,OBJECTID,UKATEGORIE,UTYP1,UART,UMONAT,USTUNDE,UWOCHENTAG,STRZUSTAND,ULICHTVERH,ISTRAD,ISTPKW,ISTFUSS,ISTKRAD
"POINT (8.504424723000056 52.044335068000066)","Unfall 166036 (2021) Kat:3, Licht: 0","166036","3","6","2","9","15","3","","0","1","1","0","0"
"POINT (8.506422330000021 52.034651243000042)","Unfall 166040 (2021) Kat:2, Licht: 0","166040","2","3","5","6","20","4","","0","1","1","0","0"
"POINT (8.529733595000039 52.018917667000039)","Unfall 166044 (2021) Kat:3, Licht: 2","166044","3","3","5","11","18","3","","2","1","1","0","0"
"POINT (8.496689256000025 51.988936667000075)","Unfall 166053 (2021) Kat:2, Licht: 0","166053","2","1","0","6","13","3","","0","1","1","0","0"
"POINT (8.518199074000051 51.977107521000050)","Unfall 166056 (2021) Kat:2, Licht: 0","166056","2","4","6","6","14","4","","0","0","1","1","0"
"POINT (8.539098845000069 52.026871519000053)","Unfall 166063 (2021) Kat:3, Licht: 0","166063","3","6","2","9","12","5","","0","0","1","0","0"
"POINT (8.536065763000067 52.032097928000042)","Unfall 166070 (2021) Kat:2, Licht: 0","166070","2","3","5","3","16","3","","0","1","1","0","0"
"POINT (8.559475612000028 52.019931623000048)","Unfall 166072 (2021) Kat:3, Licht: 0","166072","3","7","0","9","14","2","","0","0","1","0","0"
"POINT (8.593504292000034 52.015196971000080)","Unfall 166074 (2021) Kat:2, Licht: 0","166074","2","1","8","5","12","7","","0","0","1","0","0"
"POINT (8.530442464000032 52.019747985000038)","Unfall 166078 (2021) Kat:3, Licht: 0","166078","3","2","5","1","16","6","","0","0","1","0","1"
"POINT (8.550190787000076 52.041620080000030)","Unfall 166086 (2021) Kat:3, Licht: 0","166086","3","3","0","7","18","2","","0","1","1","0","0"
"POINT (8.504640113000050 52.000217314000054)","Unfall 166087 (2021) Kat:3, Licht: 2","166087","3","7","0","12","19","5","","2","0","0","0","0"
"POINT (8.560625929000025 52.007403313000054)","Unfall 166088 (2021) Kat:3, Licht: 2","166088","3","7","2","12","17","2","","2","0","1","0","0"
"POINT (8.587267755000028 51.947561486000041)","Unfall 166090 (2021) Kat:3, Licht: 0","166090","3","1","6","11","10","5","","0","0","1","1","0"
"POINT (8.499648003000061 51.998063522000052)","Unfall 166092 (2021) Kat:3, Licht: 0","166092","3","1","0","6","17","7","","0","1","0","0","0"
"POINT (8.527278062000050 52.089892595000038)","Unfall 166095 (2021) Kat:3, Licht: 0","166095","3","7","0","6","7","2","","0","1","0","0","0"
"POINT (8.548004889000026 52.054524302000061)","Unfall 166097 (2021) Kat:3, Licht: 0","166097","3","2","0","3","15","2","","0","0","1","0","1"
"POINT (8.489749206000056 52.039921947000039)","Unfall 166102 (2021) Kat:3, Licht: 0","166102","3","5","5","9","14","2","","0","0","1","0","0"
"POINT (8.546122742000023 52.050168953000082)","Unfall 166103 (2021) Kat:3, Licht: 2","166103","3","7","0","10","23","7","","2","0","1","0","0"
"POINT (8.517620159000046 52.095838141000058)","Unfall 166106 (2021) Kat:2, Licht: 0","166106","2","7","0","4","16","6","","0","1","0","0","0"
"POINT (8.515949515000045 51.987223651000079)","Unfall 166108 (2021) Kat:3, Licht: 1","166108","3","3","5","11","7","6","","1","1","1","0","0"
"POINT (8.541336273000070 52.022558071000049)","Unfall 166113 (2021) Kat:3, Licht: 0","166113","3","3","5","6","16","4","","0","0","1","0","0"
"POINT (8.566664469000045 51.999394880000068)","Unfall 166114 (2021) Kat:3, Licht: 2","166114","3","1","1","12","21","5","","2","0","1","0","0"
"POINT (8.531829273000028 52.027878938000072)","Unfall 166120 (2021) Kat:3, Licht: 0","166120","3","4","6","5","18","1","","0","0","1","1","0"
"POINT (8.561380923000058 52.029234733000067)","Unfall 166122 (2021) Kat:3, Licht: 0","166122","3","7","6","9","17","2","","0","0","0","1","0"
"POINT (8.589317232000042 52.000853355000061)","Unfall 166124 (2021) Kat:2, Licht: 0","166124","2","4","0","5","10","2","","0","0","1","1","0"
"POINT (8.465458069000022 52.036765106000075)","Unfall 166126 (2021) Kat:2, Licht: 0","166126","2","7","0","7","20","3","","0","1","0","0","0"
"POINT (8.529194452000070 52.022724666000045)","Unfall 166129 (2021) Kat:3, Licht: 2","166129","3","2","5","10","20","7","","2","1","1","0","0"
"POINT (8.544172668000044 52.044494950000058)","Unfall 166131 (2021) Kat:3, Licht: 0","166131","3","6","2","10","17","6","","0","0","1","0","0"
"POINT (8.544169362000048 52.044534426000041)","Unfall 166137 (2021) Kat:3, Licht: 0","166137","3","2","5","7","16","3","","0","0","1","0","0"
"POINT (8.517900786000041 52.010100773000033)","Unfall 166140 (2021) Kat:3, Licht: 0","166140","3","3","5","7","15","4","","0","1","1","0","0"
"POINT (8.511850759000026 52.038158404000058)","Unfall 166142 (2021) Kat:3, Licht: 0","166142","3","3","5","7","11","5","","0","0","1","0","0"
"POINT (8.541690129000074 52.047112614000071)","Unfall 166148 (2021) Kat:3, Licht: 0","166148","3","3","0","7","10","2","","0","0","1","0","1"
"POINT (8.504005088000042 51.985838265000041)","Unfall 166149 (2021) Kat:2, Licht: 0","166149","2","5","3","6","9","6","","0","1","1","0","0"
"POINT (8.565045605000023 52.032684297000060)","Unfall 166150 (2021) Kat:3, Licht: 0","166150","3","4","6","7","17","2","","0","0","1","1","0"
"POINT (8.594617229000050 52.078237782000031)","Unfall 166152 (2021) Kat:2, Licht: 0","166152","2","1","0","5","9","2","","0","1","1","0","0"
"POINT (8.574512942000069 52.023083596000049)","Unfall 166153 (2021) Kat:2, Licht: 2","166153","2","1","2","10","22","4","","2","0","1","0","0"
"POINT (8.517428117000065 51.985771154000076)","Unfall 166155 (2021) Kat:2, Licht: 0","166155","2","3","5","5","13","6","","0","1","0","0","0"
"POINT (8.538201842000035 52.026871814000060)","Unfall 166163 (2021) Kat:3, Licht: 0","166163","3","2","0","4","12","5","","0","1","1","0","0"
"POINT (8.566144335000047 52.035271186000045)","Unfall 166164 (2021) Kat:3, Licht: 1","166164","3","3","5","1","7","4","","1","0","1","0","0"
"POINT (8.537538261000066 52.026860487000079)","Unfall 166170 (2021) Kat:3, Licht: 0","166170","3","2","5","9","12","4","","0","1","0","0","0"
"POINT (8.585016168000038 52.016020575000027)","Unfall 166174 (2021) Kat:3, Licht: 0","166174","3","1","0","4","12","6","","0","1","0","0","0"
"POINT (8.490587603000051 51.965529418000074)","Unfall 166178 (2021) Kat:3, Licht: 2","166178","3","1","0","12","5","7","","2","1","0","0","0"
"POINT (8.529016088000049 52.023389617000078)","Unfall 166180 (2021) Kat:3, Licht: 0","166180","3","7","0","7","12","6","","0","0","1","0","0"
"POINT (8.551346034000062 52.075366994000035)","Unfall 166188 (2021) Kat:3, Licht: 0","166188","3","3","0","9","15","4","","0","1","1","0","0"
"POINT (8.521720687000027 52.037264147000030)","Unfall 166191 (2021) Kat:2, Licht: 2","166191","2","1","0","11","2","1","","2","0","0","0","0"
"POINT (8.514445704000025 51.980091005000077)","Unfall 166193 (2021) Kat:3, Licht: 0","166193","3","3","5","11","13","7","","0","0","1","0","0"
"POINT (8.535085058000050 52.026075266000078)","Unfall 166199 (2021) Kat:3, Licht: 2","166199","3","3","5","10","21","3","","2","1","1","0","0"
"POINT (8.497235860000046 51.990545474000044)","Unfall 166201 (2021) Kat:2, Licht: 0","166201","2","6","4","3","10","6","","0","0","1","0","0"
"POINT (8.525644849000059 52.009091815000033)","Unfall 166210 (2021) Kat:3, Licht: 0","166210","3","1","7","9","16","5","","0","1","0","1","0"
"POINT (8.496176014000071 51.987488687000052)","Unfall 166218 (2021) Kat:3, Licht: 0","166218","3","1","4","9","16","3","","0","1","0","0","0"
"POINT (8.536346029000072 52.016089726000075)","Unfall 166223 (2021) Kat:3, Licht: 0","166223","3","3","5","12","14","7","","0","0","1","0","0"
"POINT (8.585894796000048 51.945624229000032)","Unfall 166227 (2021) Kat:2, Licht: 0","166227","2","4","6","3","9","5","","0","0","1","1","0"
"POINT (8.482850400000075 52.039266272000077)","Unfall 166231 (2021) Kat:3, Licht: 0","166231","3","3","5","6","16","5","","0","1","1","0","0"
"POINT (8.523473630000069 52.028424980000068)","Unfall 166233 (2021) Kat:3, Licht: 0","166233","3","1","0","3","16","5","","0","0","1","1","0"
"POINT (8.509485694000034 52.039665506000063)","Unfall 166235 (2021) Kat:3, Licht: 2","166235","3","7","6","12","7","3","","2","0","1","1","0"
"POINT (8.539834668000026 52.024209270000028)","Unfall 166240 (2021) Kat:3, Licht: 0","166240","3","1","0","5","15","4","","0","0","1","0","0"
"POINT (8.518412299000033 52.031308612000032)","Unfall 166243 (2021) Kat:3, Licht: 0","166243","3","7","1","12","13","6","","0","1","1","0","0"
"POINT (8.532615202000045 52.027428096000051)","Unfall 166249 (2021) Kat:3, Licht: 0","166249","3","3","0","6","8","4","","0","1","1","0","0"
"POINT (8.505929636000076 52.014096469000037)","Unfall 166255 (2021) Kat:2, Licht: 0","166255","2","1","8","9","13","1","","0","0","1","0","0"
"POINT (8.544174460000022 52.046734102000073)","Unfall 166260 (2021) Kat:3, Licht: 0","166260","3","2","3","3","14","2","","0","0","1","0","0"
"POINT (8.495319755000025 51.992544554000062)","Unfall 166265 (2021) Kat:3, Licht: 0","166265","3","6","2","9","14","4","","0","0","1","0","0"
"POINT (8.516882090000024 52.036919514000033)","Unfall 166270 (2021) Kat:3, Licht: 0","166270","3","3","5","1","12","4","","0","1","1","0","0"
"POINT (8.513300941000068 51.985236320000070)","Unfall 166272 (2021) Kat:3, Licht: 0","166272","3","5","3","4","7","2","","0","0","1","0","0"
"POINT (8.542014665000067 52.033034245000067)","Unfall 166277 (2021) Kat:3, Licht: 2","166277","3","2","5","11","17","7","","2","1","1","0","0"
"POINT (8.574453113000061 52.021271382000066)","Unfall 166282 (2021) Kat:2, Licht: 0","166282","2","4","6","11","15","4","","0","0","1","1","0"
"POINT (8.517669450000028 51.984474222000074)","Unfall 166284 (2021) Kat:3, Licht: 0","166284","3","5","1","10","9","2","","0","1","1","0","0"
"POINT (8.539734791000058 52.023142906000032)","Unfall 166291 (2021) Kat:3, Licht: 2","166291","3","4","6","12","2","1","","2","0","1","1","0"
"POINT (8.569926246000023 51.997856368000043)","Unfall 166292 (2021) Kat:3, Licht: 0","166292","3","3","5","9","8","3","","0","1","1","0","0"
"POINT (8.532989718000067 52.038163446000056)","Unfall 166299 (2021) Kat:3, Licht: 0","166299","3","1","0","2","9","2","","0","1","0","0","0"
"POINT (8.506695589000060 52.046283500000072)","Unfall 166301 (2021) Kat:3, Licht: 2","166301","3","3","5","11","6","2","","2","1","1","0","0"
"POINT (8.594375178000064 52.069055311000056)","Unfall 166304 (2021) Kat:2, Licht: 0","166304","2","7","1","6","13","4","","0","0","1","0","0"
"POINT (8.523846667000043 52.010109265000040)","Unfall 166309 (2021) Kat:3, Licht: 1","166309","3","3","5","10","6","5","","1","1","0","0","0"
"POINT (8.577214521000030 52.028341919000070)","Unfall 166318 (2021) Kat:3, Licht: 0","166318","3","4","6","10","12","1","","0","0","1","1","0"
"POINT (8.516187913000067 52.040863966000074)","Unfall 166320 (2021) Kat:3, Licht: 0","166320","3","1","0","6","5","1","","0","1","0","0","0"
"POINT (8.513606592000031 52.007479470000078)","Unfall 166323 (2021) Kat:3, Licht: 0","166323","3","2","5","10","15","6","","0","1","1","0","0"
"POINT (8.539664459000051 52.032564948000072)","Unfall 166328 (2021) Kat:3, Licht: 2","166328","3","1","0","12","3","1","","2","0","0","0","0"
"POINT (8.566624795000052 52.021141610000029)","Unfall 166329 (2021) Kat:3, Licht: 0","166329","3","6","1","5","16","7","","0","0","1","0","0"
"POINT (8.534447749000037 52.016657666000071)","Unfall 166336 (2021) Kat:3, Licht: 0","166336","3","7","0","6","6","7","","0","0","1","0","0"
"POINT (8.561287193000055 52.009914055000081)","Unfall 166337 (2021) Kat:3, Licht: 2","166337","3","1","0","11","17","3","","2","1","0","0","0"
"POINT (8.588673536000044 51.959486806000029)","Unfall 166339 (2021) Kat:3, Licht: 0","166339","3","3","5","5","16","6","","0","1","0","0","0"
"POINT (8.487235180000027 52.024877677000063)","Unfall 166341 (2021) Kat:2, Licht: 0","166341","2","3","5","4","6","4","","0","1","1","0","0"
"POINT (8.522682713000052 52.009615769000050)","Unfall 166344 (2021) Kat:3, Licht: 0","166344","3","7","5","6","20","6","","0","1","1","0","0"
"POINT (8.533258105000073 52.027311193000060)","Unfall 166348 (2021) Kat:3, Licht: 0","166348","3","2","4","10","14","6","","0","1","1","0","0"
"POINT (8.526136106000024 52.005914061000055)","Unfall 166356 (2021) Kat:3, Licht: 0","166356","3","2","5","3","6","2","","0","1","0","0","0"
"POINT (8.550730167000040 52.013262050000037)","Unfall 166359 (2021) Kat:3, Licht: 0","166359","3","7","5","6","8","5","","0","1","0","0","0"
"POINT (8.545920158000058 52.049806686000068)","Unfall 166365 (2021) Kat:2, Licht: 1","166365","2","5","0","12","7","4","","1","1","1","0","0"
"POINT (8.520895593000034 52.058003403000043)","Unfall 166368 (2021) Kat:3, Licht: 0","166368","3","6","2","5","12","2","","0","1","0","0","0"
"POINT (8.508313062000070 51.991334789000064)","Unfall 166371 (2021) Kat:3, Licht: 0","166371","3","3","5","6","10","2","","0","0","1","0","1"
"POINT (8.539797798000052 52.016968274000078)","Unfall 166376 (2021) Kat:3, Licht: 2","166376","3","1","0","6","23","4","","2","0","0","0","0"
"POINT (8.564412381000068 52.025972183000079)","Unfall 166377 (2021) Kat:3, Licht: 0","166377","3","2","5","10","14","6","","0","0","1","0","0"
"POINT (8.595508381000059 51.951709293000079)","Unfall 166379 (2021) Kat:3, Licht: 0","166379","3","3","5","7","17","2","","0","0","1","0","0"
"POINT (8.533545049000054 52.018052386000079)","Unfall 166384 (2021) Kat:3, Licht: 2","166384","3","4","6","12","16","2","","2","0","1","1","0"
"POINT (8.584406064000063 51.945540103000042)","Unfall 166388 (2021) Kat:3, Licht: 2","166388","3","1","0","9","5","4","","2","1","0","0","0"
"POINT (8.531110642000044 51.983105351000063)","Unfall 166394 (2021) Kat:3, Licht: 1","166394","3","4","6","3","6","6","","1","0","1","1","0"
"POINT (8.513539362000074 52.007488612000031)","Unfall 166397 (2021) Kat:3, Licht: 0","166397","3","3","5","9","8","5","","0","1","1","0","0"
"POINT (8.540754878000030 52.032746037000038)","Unfall 166402 (2021) Kat:2, Licht: 2","166402","2","6","8","12","16","5","","2","0","1","0","0"
"POINT (8.579838273000064 52.066499076000071)","Unfall 166404 (2021) Kat:3, Licht: 0","166404","3","2","5","6","7","2","","0","0","1","0","1"
"POINT (8.520734035000032 52.038092213000027)","Unfall 166406 (2021) Kat:3, Licht: 2","166406","3","1","8","9","4","7","","2","1","0","0","0"
"POINT (8.517388347000065 51.985785834000069)","Unfall 166420 (2021) Kat:3, Licht: 0","166420","3","2","3","4","8","5","","0","1","1","0","0"
"POINT (8.515777782000043 51.983844673000078)","Unfall 166422 (2021) Kat:3, Licht: 0","166422","3","6","2","3","14","4","","0","0","1","0","1"
"POINT (8.538098962000049 52.012626613000066)","Unfall 166427 (2021) Kat:2, Licht: 0","166427","2","5","0","9","10","5","","0","0","1","0","0"
"POINT (8.564538865000031 52.025792999000032)","Unfall 166429 (2021) Kat:3, Licht: 0","166429","3","7","0","4","16","6","","0","0","0","0","0"
"POINT (8.531584552000027 52.023315458000070)","Unfall 166435 (2021) Kat:3, Licht: 0","166435","3","7","0","4","15","5","","0","0","0","1","0"
"POINT (8.561226643000055 52.009402214000033)","Unfall 166437 (2021) Kat:3, Licht: 0","166437","3","6","2","6","16","1","","0","0","1","0","0"
"POINT (8.530352245000074 52.018810089000056)","Unfall 166446 (2021) Kat:3, Licht: 1","166446","3","3","5","10","7","4","","1","1","1","0","0"
"POINT (8.539782046000028 52.020513293000079)","Unfall 166454 (2021) Kat:3, Licht: 0","166454","3","2","6","9","7","6","","0","0","1","1","0"
"POINT (8.532702090000043 52.039183664000063)","Unfall 166462 (2021) Kat:3, Licht: 0","166462","3","3","5","6","19","7","","0","0","1","0","1"
"POINT (8.502668252000035 51.969595688000027)","Unfall 166464 (2021) Kat:3, Licht: 0","166464","3","3","0","6","12","2","","0","1","1","0","0"
"POINT (8.559291958000074 52.017828474000055)","Unfall 166465 (2021) Kat:3, Licht: 1","166465","3","7","1","10","18","4","","1","1","1","0","0"
"POINT (8.505681242000037 51.987966734000054)","Unfall 166469 (2021) Kat:3, Licht: 0","166469","3","3","0","11","14","3","","0","1","0","0","1"
"POINT (8.528073682000070 52.033347659000071)","Unfall 166472 (2021) Kat:3, Licht: 0","166472","3","3","5","10","17","1","","0","1","1","0","0"
"POINT (8.531777565000027 52.021891770000082)","Unfall 166477 (2021) Kat:3, Licht: 2","166477","3","6","0","2","18","6","","2","1","0","1","0"
"POINT (8.571933178000052 52.023767900000053)","Unfall 166480 (2021) Kat:3, Licht: 0","166480","3","1","4","5","10","4","","0","0","1","0","0"
"POINT (8.529993415000035 52.044354246000069)","Unfall 166487 (2021) Kat:3, Licht: 1","166487","3","4","6","2","7","6","","1","0","1","1","0"
"POINT (8.583501732000059 51.942038717000059)","Unfall 166491 (2021) Kat:3, Licht: 0","166491","3","5","0","9","10","5","","0","0","1","0","0"
"POINT (8.576631887000076 52.022232924000036)","Unfall 166496 (2021) Kat:2, Licht: 2","166496","2","3","5","10","20","6","","2","0","1","0","0"
"POINT (8.516849797000020 52.036893089000046)","Unfall 166498 (2021) Kat:3, Licht: 0","166498","3","3","5","2","15","6","","0","1","1","0","0"
"POINT (8.539733069000022 52.028996318000054)","Unfall 166506 (2021) Kat:3, Licht: 2","166506","3","3","5","1","5","2","","2","0","1","0","1"
"POINT (8.532706123000025 52.027424681000070)","Unfall 166513 (2021) Kat:3, Licht: 0","166513","3","2","3","6","12","6","","0","1","1","0","0"
"POINT (8.504437824000036 52.034388333000038)","Unfall 166519 (2021) Kat:2, Licht: 0","166519","2","1","0","4","17","6","","0","0","1","0","1"
"POINT (8.530608730000040 52.043863580000050)","Unfall 166522 (2021) Kat:3, Licht: 0","166522","3","1","0","10","18","2","","0","1","1","0","0"
"POINT (8.555125002000068 51.933038736000071)","Unfall 166524 (2021) Kat:2, Licht: 2","166524","2","1","0","1","1","4","","2","1","0","0","0"
"POINT (8.517561500000056 52.030665192000072)","Unfall 166533 (2021) Kat:2, Licht: 0","166533","2","6","4","5","13","5","","0","0","1","1","0"
"POINT (8.508329375000073 52.004247587000066)","Unfall 166535 (2021) Kat:2, Licht: 2","166535","2","1","0","11","17","5","","2","1","0","0","0"
"POINT (8.540861600000028 52.020504010000082)","Unfall 166540 (2021) Kat:3, Licht: 0","166540","3","3","5","3","11","4","","0","1","0","0","0"
"POINT (8.549969409000028 51.935838738000029)","Unfall 166541 (2021) Kat:3, Licht: 0","166541","3","5","1","11","12","6","","0","1","0","0","0"
"POINT (8.479194157000052 51.981153543000062)","Unfall 166546 (2021) Kat:3, Licht: 0","166546","3","1","1","6","15","2","","0","1","0","0","0"
"POINT (8.579858537000064 51.948827334000043)","Unfall 166547 (2021) Kat:3, Licht: 0","166547","3","6","1","10","16","6","","0","0","1","0","0"
"POINT (8.516722219000030 52.053119863000063)","Unfall 166549 (2021) Kat:3, Licht: 2","166549","3","7","0","12","18","4","","2","0","1","0","0"
"POINT (8.508188254000061 51.991240308000044)","Unfall 166551 (2021) Kat:2, Licht: 0","166551","2","7","6","9","11","6","","0","1","0","1","0"
"POINT (8.542573941000057 52.014282379000065)","Unfall 166556 (2021) Kat:2, Licht: 1","166556","2","2","3","12","7","4","","1","1","1","0","0"
"POINT (8.534327667000071 52.020306895000033)","Unfall 166563 (2021) Kat:3, Licht: 0","166563","3","7","6","5","10","1","","0","0","1","1","0"
"POINT (8.592397522000056 51.937775072000079)","Unfall 166567 (2021) Kat:3, Licht: 0","166567","3","3","5","6","7","4","","0","1","1","0","0"
"POINT (8.524428815000022 52.028764898000077)","Unfall 166572 (2021) Kat:3, Licht: 0","166572","3","2","6","4","16","4","","0","0","1","1","0"
"POINT (8.547705103000055 52.038209085000062)","Unfall 166581 (2021) Kat:3, Licht: 0","166581","3","3","5","9","17","3","","0","1","1","0","0"
"POINT (8.517988162000051 51.979688027000066)","Unfall 166584 (2021) Kat:3, Licht: 0","166584","3","3","5","5","17","2","","0","1","1","0","0"
"POINT (8.515666612000075 52.037496372000078)","Unfall 166586 (2021) Kat:3, Licht: 0","166586","3","6","0","3","16","2","","0","0","1","0","0"
"POINT (8.539755610000043 52.017403545000036)","Unfall 166592 (2021) Kat:3, Licht: 0","166592","3","1","0","3","9","2","","0","1","0","0","0"
"POINT (8.498748998000053 51.995819506000032)","Unfall 166593 (2021) Kat:2, Licht: 0","166593","2","3","3","6","17","3","","0","1","1","0","0"
"POINT (8.536949308000032 52.018895269000041)","Unfall 166600 (2021) Kat:3, Licht: 0","166600","3","2","6","3","16","6","","0","0","1","1","0"
"POINT (8.587905619000026 51.997673026000029)","Unfall 166604 (2021) Kat:3, Licht: 0","166604","3","6","1","3","12","7","","0","0","1","0","0"
"POINT (8.537880328000028 52.033599560000027)","Unfall 166613 (2021) Kat:3, Licht: 2","166613","3","3","0","12","18","6","","2","0","1","0","0"
"POINT (8.531308967000029 52.018773623000072)","Unfall 166623 (2021) Kat:3, Licht: 0","166623","3","2","5","6","16","6","","0","1","0","0","0"
"POINT (8.544456480000065 52.047391360000063)","Unfall 166631 (2021) Kat:2, Licht: 2","166631","2","7","6","2","18","5","","2","0","1","1","0"
"POINT (8.580815001000076 52.018446000000040)","Unfall 166632 (2021) Kat:3, Licht: 0","166632","3","7","4","9","12","5","","0","1","1","0","0"
"POINT (8.521738604000063 52.037272011000027)","Unfall 166634 (2021) Kat:3, Licht: 0","166634","3","3","5","3","8","3","","0","1","1","0","0"
"POINT (8.515073254000072 52.036068978000060)","Unfall 166636 (2021) Kat:2, Licht: 0","166636","2","7","0","6","17","7","","0","1","1","0","0"
"POINT (8.540424945000041 52.023116309000045)","Unfall 166641 (2021) Kat:3, Licht: 0","166641","3","3","0","7","13","2","","0","1","1","0","0"
"POINT (8.498223217000032 51.949881081000058)","Unfall 166643 (2021) Kat:2, Licht: 0","166643","2","1","9","12","14","1","","0","0","1","0","0"
"POINT (8.506537452000032 51.990223156000070)","Unfall 166647 (2021) Kat:2, Licht: 0","166647","2","3","0","3","10","7","","0","1","1","0","0"
"POINT (8.527084986000034 52.058136000000047)","Unfall 166651 (2021) Kat:3, Licht: 0","166651","3","1","8","9","15","1","","0","0","1","0","0"
"POINT (8.589065568000024 52.045156998000039)","Unfall 166656 (2021) Kat:3, Licht: 0","166656","3","6","4","5","16","3","","0","0","1","0","1"
"POINT (8.513397520000069 52.011702556000046)","Unfall 166666 (2021) Kat:3, Licht: 0","166666","3","1","0","3","12","4","","0","1","1","0","0"
"POINT (8.539761324000040 52.018126156000051)","Unfall 166672 (2021) Kat:3, Licht: 0","166672","3","2","6","9","14","2","","0","0","0","1","0"
"POINT (8.530936754000038 52.018804704000047)","Unfall 166678 (2021) Kat:3, Licht: 0","166678","3","7","1","4","10","2","","0","0","1","0","0"
"POINT (8.511285249000025 52.039547881000033)","Unfall 166680 (2021) Kat:3, Licht: 0","166680","3","3","5","2","11","3","","0","0","1","0","0"
"POINT (8.539749274000030 52.017026941000040)","Unfall 166686 (2021) Kat:3, Licht: 0","166686","3","6","0","5","11","6","","0","0","1","0","1"
"POINT (8.519338225000070 52.012977530000057)","Unfall 166689 (2021) Kat:3, Licht: 1","166689","3","2","6","10","7","5","","1","0","1","1","0"
"POINT (8.532717344000048 52.039180355000042)","Unfall 166695 (2021) Kat:3, Licht: 0","166695","3","2","5","5","14","6","","0","0","1","0","1"
"POINT (8.594384349000052 52.015133187000060)","Unfall 166710 (2021) Kat:2, Licht: 0","166710","2","1","0","7","12","4","","0","1","0","0","0"
"POINT (8.516861131000041 51.986056534000056)","Unfall 166717 (2021) Kat:2, Licht: 2","166717","2","7","0","11","17","6","","2","0","0","1","0"
"POINT (8.507737076000069 52.003881842000055)","Unfall 166719 (2021) Kat:3, Licht: 0","166719","3","5","1","9","15","6","","0","1","1","0","0"
"POINT (8.562939922000055 52.032064690000027)","Unfall 166725 (2021) Kat:3, Licht: 0","166725","3","3","5","11","15","3","","0","0","1","0","0"
"POINT (8.533629543000075 52.027234823000072)","Unfall 166730 (2021) Kat:3, Licht: 0","166730","3","3","5","12","11","4","","0","0","1","0","0"
"POINT (8.591880722000042 52.015334912000071)","Unfall 166734 (2021) Kat:2, Licht: 0","166734","2","6","4","7","8","4","","0","0","1","0","0"
"POINT (8.462894694000056 51.971676986000034)","Unfall 166735 (2021) Kat:3, Licht: 0","166735","3","3","5","3","17","3","","0","1","1","0","0"
"POINT (8.646086731000025 52.047465730000056)","Unfall 166754 (2021) Kat:3, Licht: 0","166754","3","3","5","11","8","4","","0","0","1","0","0"
"POINT (8.616198167000050 52.005704842000057)","Unfall 166772 (2021) Kat:2, Licht: 0","166772","2","5","9","12","13","2","","0","0","0","0","1"
"POINT (8.597868601000073 51.991585054000041)","Unfall 166780 (2021) Kat:3, Licht: 2","166780","3","7","6","10","5","5","","2","0","1","1","0"
"POINT (8.614051574000030 52.071804461000056)","Unfall 166796 (2021) Kat:3, Licht: 0","166796","3","7","4","6","9","5","","0","1","1","0","0"
"POINT (8.602723618000027 52.079398360000027)","Unfall 166911 (2021) Kat:2, Licht: 1","166911","2","3","5","11","17","3","","1","0","1","0","1"
"POINT (8.610585246000028 51.954009482000060)","Unfall 167000 (2021) Kat:3, Licht: 0","167000","3","7","0","4","13","6","","0","1","0","0","0"
"POINT (8.597088184000029 52.045861276000039)","Unfall 167009 (2021) Kat:3, Licht: 0","167009","3","6","2","11","16","7","","0","0","1","0","1"
"POINT (8.632581908000077 51.948685250000040)","Unfall 167052 (2021) Kat:3, Licht: 0","167052","3","3","5","6","12","6","","0","1","1","0","0"
"POINT (8.603421511000022 52.059015029000079)","Unfall 167140 (2021) Kat:3, Licht: 0","167140","3","7","0","9","13","4","","0","1","1","0","0"
"POINT (8.635785219000070 51.993608555000037)","Unfall 167156 (2021) Kat:2, Licht: 0","167156","2","3","5","4","14","4","","0","0","1","0","0"
"POINT (8.604880810000054 52.032003827000040)","Unfall 167166 (2021) Kat:2, Licht: 1","167166","2","1","0","9","18","4","","1","0","0","0","0"
"POINT (8.635830672000054 51.993637315000058)","Unfall 167203 (2021) Kat:2, Licht: 0","167203","2","6","4","3","13","1","","0","0","1","0","0"
"POINT (8.615686328000038 52.005788812000048)","Unfall 167213 (2021) Kat:2, Licht: 1","167213","2","1","8","9","20","7","","1","0","0","0","1"
"POINT (8.601280493000047 52.001128234000078)","Unfall 167222 (2021) Kat:3, Licht: 0","167222","3","1","0","12","9","2","","0","1","0","0","0"
"POINT (8.599173592000056 52.051750224000045)","Unfall 167249 (2021) Kat:3, Licht: 0","167249","3","7","6","4","15","4","","0","0","1","1","0"
"POINT (8.635019488000069 51.991435463000073)","Unfall 167253 (2021) Kat:3, Licht: 0","167253","3","3","4","9","15","1","","0","1","0","0","0"
"POINT (8.611598868000044 51.996337727000082)","Unfall 167291 (2021) Kat:2, Licht: 2","167291","2","2","6","11","16","6","","2","0","1","1","0"