WKT,Name,OBJECTID,UKATEGORIE,UTYP1,UART,UMONAT,USTUNDE,UWOCHENTAG,STRZUSTAND,ULICHTVERH,ISTRAD,ISTPKW,ISTFUSS,ISTKRAD
"POINT (8.597319001000074 51.991589982000050)","Unfall 167304 (2021) Kat:2, Licht: 0","167304","2","7","0","3","13","1","","0","1","1","0","0"
"POINT (8.606414415000074 52.027109108000047)","Unfall 167380 (2021) Kat:3, Licht: 0","167380","3","3","5","4","16","6","","0","0","1","0","0"
"POINT (8.599902478000047 51.994321514000035)","Unfall 167402 (2021) Kat:3, Licht: 0","167402","3","5","1","4","7","5","","0","0","1","0","0"
"POINT (8.602221830000076 52.054423502000077)","Unfall 167435 (2021) Kat:3, Licht: 0","167435","3","1","0","11","13","5","","0","0","0","0","1"
"POINT (8.619440398000052 51.951343667000060)","Unfall 167442 (2021) Kat:2, Licht: 2","167442","2","1","8","2","0","3","","2","0","1","0","0"
"POINT (8.608346094000069 52.067103880000047)","Unfall 167477 (2021) Kat:3, Licht: 2","167477","3","4","6","11","22","7","","2","0","1","1","0"
"POINT (8.607556386000056 52.004940645000033)","Unfall 167505 (2021) Kat:3, Licht: 0","167505","3","2","8","3","16","3","","0","0","1","0","0"
"POINT (8.604710622000027 52.042528335000043)","Unfall 167520 (2021) Kat:3, Licht: 0","167520","3","3","5","9","13","5","","0","0","1","0","0"
"POINT (8.598182333000068 51.931265200000041)","Unfall 167531 (2021) Kat:3, Licht: 0","167531","3","3","5","4","15","5","","0","1","1","0","0"
"POINT (8.604439385000035 52.020580361000043)","Unfall 167580 (2021) Kat:2, Licht: 0","167580","2","3","5","3","15","2","","0","1","1","0","0"
"POINT (8.618891443000052 51.978832725000075)","Unfall 167630 (2021) Kat:3, Licht: 0","167630","3","1","8","9","8","6","","0","0","1","0","0"
"POINT (8.601478669000073 52.013914421000038)","Unfall 167664 (2021) Kat:2, Licht: 0","167664","2","1","1","5","13","2","","0","0","1","0","1"
"POINT (8.599259872000061 52.049971444000050)","Unfall 167693 (2021) Kat:3, Licht: 0","167693","3","4","6","9","8","2","","0","0","1","1","0"
"POINT (8.606675961000064 51.991222917000073)","Unfall 167707 (2021) Kat:3, Licht: 0","167707","3","3","5","6","5","4","","0","1","1","0","0"
"POINT (8.610506128000054 52.023515302000078)","Unfall 167734 (2021) Kat:3, Licht: 1","167734","3","6","3","10","7","3","","1","1","1","0","0"
"POINT (8.598182333000068 51.931265200000041)","Unfall 167746 (2021) Kat:2, Licht: 0","167746","2","3","5","11","16","2","","0","1","1","0","0"
"POINT (8.604498017000026 52.031458819000079)","Unfall 167801 (2021) Kat:2, Licht: 0","167801","2","6","4","3","15","3","","0","1","0","0","0"
"POINT (8.643032882000057 52.046702499000048)","Unfall 167808 (2021) Kat:3, Licht: 0","167808","3","2","5","2","7","5","","0","1","0","0","0"
"POINT (8.602230245000044 52.054825902000061)","Unfall 167834 (2021) Kat:3, Licht: 0","167834","3","1","4","7","20","4","","0","0","1","0","0"
"POINT (8.518920857000069 51.956550824000033)","Unfall 168894 (2021) Kat:3, Licht: 0","168894","3","7","6","6","10","3","","0","0","0","1","0"
"POINT (8.583048007000059 51.943282023000052)","Unfall 168903 (2021) Kat:3, Licht: 0","168903","3","3","5","7","7","6","","0","1","1","0","0"
"POINT (8.469184135000035 51.992666985000028)","Unfall 168909 (2021) Kat:3, Licht: 0","168909","3","6","2","8","6","2","","0","0","1","0","0"
"POINT (8.530352299000072 52.018806293000068)","Unfall 168930 (2021) Kat:3, Licht: 0","168930","3","3","5","8","18","5","","0","1","1","0","0"
"POINT (8.530407759000070 52.019265781000058)","Unfall 168942 (2021) Kat:3, Licht: 0","168942","3","1","9","7","21","4","","0","0","0","0","1"
"POINT (8.575759587000050 51.951864784000065)","Unfall 168994 (2021) Kat:2, Licht: 2","168994","2","2","6","2","19","3","","2","0","0","1","0"
"POINT (8.544169380000028 52.044534215000056)","Unfall 169014 (2021) Kat:3, Licht: 0","169014","3","1","0","7","15","2","","0","1","0","0","0"
"POINT (8.527904827000043 52.025425201000076)","Unfall 169024 (2021) Kat:3, Licht: 0","169024","3","1","8","4","17","2","","0","0","1","0","0"
"POINT (8.580834215000039 52.023927514000036)","Unfall 169048 (2021) Kat:3, Licht: 0","169048","3","4","6","8","15","6","","0","0","1","1","0"
"POINT (8.594490842000027 52.015129022000053)","Unfall 169062 (2021) Kat:3, Licht: 0","169062","3","2","0","2","16","4","","0","1","1","0","0"
"POINT (8.479140936000022 51.981181592000041)","Unfall 169073 (2021) Kat:3, Licht: 0","169073","3","2","5","8","14","2","","0","1","1","0","0"
"POINT (8.539121661000024 52.037324347000038)","Unfall 169089 (2021) Kat:2, Licht: 2","169089","2","7","0","7","1","3","","2","1","0","0","0"
"POINT (8.487487301000044 51.987339159000044)","Unfall 169107 (2021) Kat:3, Licht: 0","169107","3","3","5","8","18","3","","0","1","1","0","0"
"POINT (8.539750370000036 52.022186307000027)","Unfall 169141 (2021) Kat:3, Licht: 0","169141","3","6","0","3","15","5","","0","0","1","0","0"
"POINT (8.542013605000022 52.049410143000046)","Unfall 169166 (2021) Kat:3, Licht: 0","169166","3","3","5","4","13","2","","0","1","1","0","0"
"POINT (8.539757755000039 52.026869992000059)","Unfall 169175 (2021) Kat:3, Licht: 0","169175","3","1","0","8","19","7","","0","0","0","0","0"
"POINT (8.575859825000066 52.029306182000028)","Unfall 169181 (2021) Kat:3, Licht: 0","169181","3","2","0","4","9","4","","0","1","1","0","0"
"POINT (8.585822138000026 51.954088761000037)","Unfall 169185 (2021) Kat:3, Licht: 2","169185","3","1","0","8","5","1","","2","0","1","0","0"
"POINT (8.577423743000054 52.020287286000041)","Unfall 169192 (2021) Kat:3, Licht: 0","169192","3","3","5","8","15","3","","0","1","1","0","0"
"POINT (8.589170137000053 52.000438666000036)","Unfall 169250 (2021) Kat:3, Licht: 0","169250","3","3","5","8","9","2","","0","0","1","0","0"
"POINT (8.565774304000058 52.014656109000043)","Unfall 169265 (2021) Kat:3, Licht: 0","169265","3","6","2","4","18","3","","0","0","1","0","0"
"POINT (8.489094140000077 52.042140172000074)","Unfall 169290 (2021) Kat:3, Licht: 0","169290","3","7","1","7","15","2","","0","0","1","0","1"
"POINT (8.611496844000044 52.020974956000032)","Unfall 169298 (2021) Kat:2, Licht: 0","169298","2","3","5","8","17","2","","0","1","1","0","0"
"POINT (8.532852262000063 52.038568984000051)","Unfall 169302 (2021) Kat:3, Licht: 0","169302","3","5","1","7","18","2","","0","0","0","0","0"
"POINT (8.505761668000048 52.001496626000062)","Unfall 169319 (2021) Kat:3, Licht: 2","169319","3","3","5","7","22","6","","2","1","1","0","0"
"POINT (8.547230925000065 52.010338205000039)","Unfall 169344 (2021) Kat:2, Licht: 0","169344","2","1","0","8","6","1","","0","0","0","0","0"
"POINT (8.517257121000057 51.985834272000034)","Unfall 169366 (2021) Kat:3, Licht: 0","169366","3","2","5","8","8","2","","0","0","1","0","1"
"POINT (8.623959434000028 51.950069377000034)","Unfall 169385 (2021) Kat:3, Licht: 0","169385","3","2","2","8","12","2","","0","0","1","0","0"
"POINT (8.620635924000055 52.027458472000035)","Unfall 169390 (2021) Kat:3, Licht: 0","169390","3","1","1","8","15","3","","0","1","1","0","0"
"POINT (8.589499309000075 52.007611778000069)","Unfall 169401 (2021) Kat:2, Licht: 0","169401","2","3","5","8","12","5","","0","1","1","0","0"
"POINT (8.539731887000073 52.030534059000047)","Unfall 169407 (2021) Kat:3, Licht: 0","169407","3","2","3","8","16","2","","0","1","1","0","0"
"POINT (8.541222147000042 52.025004106000040)","Unfall 169417 (2021) Kat:3, Licht: 0","169417","3","2","6","3","8","6","","0","0","1","1","0"
"POINT (8.504111510000030 52.044414295000081)","Unfall 169432 (2021) Kat:3, Licht: 2","169432","3","3","5","8","15","1","","2","1","1","0","0"
"POINT (8.525999031000026 52.025660037000080)","Unfall 169442 (2021) Kat:3, Licht: 1","169442","3","5","8","8","5","6","","1","0","1","0","0"
"POINT (8.568899942000030 52.024582121000037)","Unfall 169464 (2021) Kat:3, Licht: 0","169464","3","6","4","8","5","6","","0","1","1","0","0"
"POINT (8.482383667000022 52.042111497000064)","Unfall 169502 (2021) Kat:3, Licht: 0","169502","3","4","0","7","11","5","","0","0","1","1","0"
"POINT (8.508050178000076 51.961926973000061)","Unfall 169505 (2021) Kat:3, Licht: 0","169505","3","2","3","8","18","3","","0","1","1","0","0"
"POINT (8.566520767000043 52.021870000000035)","Unfall 169510 (2021) Kat:3, Licht: 0","169510","3","6","2","6","7","4","","0","0","1","0","1"
"POINT (8.506267327000046 51.990062354000031)","Unfall 169520 (2021) Kat:2, Licht: 2","169520","2","1","0","7","23","7","","2","1","0","0","0"
"POINT (8.538122223000073 52.038261537000039)","Unfall 169534 (2021) Kat:3, Licht: 0","169534","3","6","2","4","16","4","","0","0","1","0","0"
"POINT (8.541119812000034 52.014712289000045)","Unfall 169555 (2021) Kat:3, Licht: 0","169555","3","7","1","8","13","2","","0","1","1","0","0"
"POINT (8.575714214000072 51.994777423000073)","Unfall 169566 (2021) Kat:3, Licht: 0","169566","3","6","3","8","12","5","","0","1","1","0","0"
"POINT (8.531580739000049 52.027371414000072)","Unfall 169590 (2021) Kat:3, Licht: 2","169590","3","2","5","8","2","1","","2","0","1","0","0"
"POINT (8.553547955000056 52.004122185000028)","Unfall 169600 (2021) Kat:3, Licht: 0","169600","3","3","5","8","10","4","","0","0","1","0","0"
"POINT (8.522721824000030 52.012951193000049)","Unfall 169606 (2021) Kat:3, Licht: 0","169606","3","2","3","8","11","2","","0","1","1","0","0"
"POINT (8.536463694000076 52.029109968000057)","Unfall 169630 (2021) Kat:3, Licht: 0","169630","3","3","5","5","10","3","","0","0","1","0","0"
"POINT (8.528073682000070 52.033347659000071)","Unfall 169654 (2021) Kat:3, Licht: 0","169654","3","6","4","3","7","1","","0","0","1","0","0"
"POINT (8.537943945000052 52.033103229000062)","Unfall 169665 (2021) Kat:2, Licht: 0","169665","2","1","8","8","16","1","","0","1","0","0","0"
"POINT (8.518488962000049 52.006075893000059)","Unfall 169685 (2021) Kat:3, Licht: 0","169685","3","3","5","8","18","3","","0","1","1","0","0"
"POINT (8.539121661000024 52.037324347000038)","Unfall 169700 (2021) Kat:2, Licht: 0","169700","2","7","0","8","12","2","","0","0","1","0","0"
"POINT (8.524672701000043 52.020894268000063)","Unfall 169720 (2021) Kat:2, Licht: 0","169720","2","6","2","8","16","6","","0","1","1","0","0"
"POINT (8.592458612000030 51.937791154000081)","Unfall 169758 (2021) Kat:3, Licht: 0","169758","3","3","5","8","16","3","","0","0","1","0","0"
"POINT (8.521298340000044 52.012956000000031)","Unfall 169804 (2021) Kat:3, Licht: 0","169804","3","3","5","8","16","3","","0","1","1","0","0"
"POINT (8.522682819000067 52.009615543000052)","Unfall 169814 (2021) Kat:3, Licht: 0","169814","3","5","1","7","11","6","","0","1","1","0","0"
"POINT (8.521040558000038 52.012752721000027)","Unfall 169830 (2021) Kat:3, Licht: 1","169830","3","7","0","7","22","5","","1","0","0","1","0"
"POINT (8.528430031000028 52.026169919000040)","Unfall 169854 (2021) Kat:3, Licht: 0","169854","3","6","4","8","19","3","","0","1","0","0","0"
"POINT (8.599764589000074 51.991677087000028)","Unfall 169864 (2021) Kat:3, Licht: 0","169864","3","3","5","8","10","7","","0","0","1","0","0"
"POINT (8.516464988000052 52.039618612000027)","Unfall 169870 (2021) Kat:3, Licht: 0","169870","3","7","1","8","17","1","","0","0","1","0","0"
"POINT (8.577423743000054 52.020287286000041)","Unfall 169879 (2021) Kat:3, Licht: 0","169879","3","2","4","6","12","7","","0","0","1","0","0"
"POINT (8.526763309000046 51.982838391000030)","Unfall 169889 (2021) Kat:3, Licht: 0","169889","3","6","6","6","12","3","","0","1","0","1","0"
"POINT (8.580704414000024 51.944694195000068)","Unfall 170406 (2021) Kat:3, Licht: 0","170406","3","7","0","7","11","3","","0","1","0","0","0"
"POINT (8.576484422000021 52.011185890000036)","Unfall 170460 (2021) Kat:3, Licht: 0","170460","3","7","8","8","15","4","","0","0","1","0","0"
"POINT (8.558555792000050 52.021347602000048)","Unfall 234743 (2021) Kat:3, Licht: 0","234743","3","7","4","5","20","6","","0","1","0","0","0"
"POINT (8.570378357000038 51.957333118000065)","Unfall 234746 (2021) Kat:3, Licht: 2","234746","3","7","0","5","21","7","","2","1","0","0","0"
"POINT (8.598516084000039 52.036159220000059)","Unfall 234750 (2021) Kat:3, Licht: 0","234750","3","6","4","6","17","7","","0","1","0","0","0"
"POINT (8.536773364000055 52.007266112000082)","Unfall 234974 (2021) Kat:3, Licht: 0","234974","3","7","0","7","10","4","","0","1","0","1","0"
"POINT (8.536825663000059 52.007328922000056)","Unfall 234975 (2021) Kat:3, Licht: 0","234975","3","6","0","7","10","4","","0","1","0","1","0"
"POINT (8.590074387000072 52.053844366000078)","Unfall 234979 (2021) Kat:2, Licht: 0","234979","2","1","9","8","17","4","","0","1","0","0","0"
"POINT (8.588574943000026 52.054190559000062)","Unfall 234980 (2021) Kat:3, Licht: 0","234980","3","6","0","8","16","3","","0","1","1","0","0"
"POINT (8.567800744000071 52.063481705000100)","Unfall 22069 (2022) Kat:3, Licht: 2","22069","3","1","9","01","19","3","","2","0","1","0","0"
"POINT (8.496400564000060 52.033209300000102)","Unfall 23891 (2022) Kat:2, Licht: 2","23891","2","1","8","01","06","5","","2","0","1","0","0"
"POINT (8.555749028000040 52.022184976000098)","Unfall 23974 (2022) Kat:2, Licht: 2","23974","2","3","5","01","21","1","","2","0","1","0","0"
"POINT (8.501721746000040 51.960348947999996)","Unfall 24289 (2022) Kat:3, Licht: 2","24289","3","1","8","01","19","4","","2","0","1","0","0"
"POINT (8.621759670000070 52.002184294000102)","Unfall 24676 (2022) Kat:3, Licht: 2","24676","3","7","2","01","16","3","","2","0","1","0","0"
"POINT (8.492960419000040 51.980471188000102)","Unfall 24911 (2022) Kat:3, Licht: 2","24911","3","2","3","01","19","4","","2","1","1","0","0"
"POINT (8.566144335000050 52.035271186000003)","Unfall 24992 (2022) Kat:3, Licht: 0","24992","3","6","0","01","16","2","","0","0","1","0","0"
"POINT (8.462221596000060 51.979588909000000)","Unfall 25071 (2022) Kat:2, Licht: 1","25071","2","3","5","01","07","2","","1","0","1","0","0"
"POINT (8.473998742000051 51.996457562000003)","Unfall 25119 (2022) Kat:2, Licht: 0","25119","2","4","6","01","11","4","","0","0","0","1","0"
"POINT (8.509397773000050 51.981865357000103)","Unfall 25122 (2022) Kat:3, Licht: 0","25122","3","3","5","01","13","3","","0","1","1","0","0"
"POINT (8.517763881000061 52.015991488000097)","Unfall 25132 (2022) Kat:2, Licht: 1","25132","2","3","5","01","07","3","","1","0","1","0","0"
"POINT (8.543163600000071 52.033372118999999)","Unfall 25134 (2022) Kat:3, Licht: 0","25134","3","1","6","01","13","4","","0","0","1","1","0"
"POINT (8.522851377000050 52.025342440000003)","Unfall 25190 (2022) Kat:2, Licht: 0","25190","2","2","3","01","10","7","","0","1","1","0","0"
"POINT (8.468326147000029 51.992851710000103)","Unfall 25222 (2022) Kat:3, Licht: 0","25222","3","3","5","01","14","6","","0","0","1","0","0"
"POINT (8.571727447000059 51.953796146999998)","Unfall 25347 (2022) Kat:3, Licht: 2","25347","3","2","6","01","16","4","","2","0","1","1","0"
"POINT (8.617034735000059 51.995735703000001)","Unfall 25586 (2022) Kat:3, Licht: 0","25586","3","6","2","01","12","4","","0","0","1","0","0"
"POINT (8.603523942000040 52.032639947000099)","Unfall 25643 (2022) Kat:3, Licht: 2","25643","3","7","6","01","18","6","","2","0","1","1","0"
"POINT (8.520423914000050 51.959308699000097)","Unfall 25649 (2022) Kat:3, Licht: 0","25649","3","1","2","01","15","5","","0","0","1","0","0"
"POINT (8.544680265000069 51.972977792999998)","Unfall 25721 (2022) Kat:3, Licht: 2","25721","3","6","1","01","21","6","","2","0","1","0","0"
"POINT (8.542800774000060 52.017503468000001)","Unfall 25805 (2022) Kat:3, Licht: 2","25805","3","2","3","01","18","6","","2","0","1","0","0"
"POINT (8.475597979000041 51.978461148000100)","Unfall 25831 (2022) Kat:2, Licht: 2","25831","2","3","5","01","22","6","","2","1","1","0","0"
"POINT (8.544727735000039 51.944077737999997)","Unfall 25992 (2022) Kat:3, Licht: 0","25992","3","1","9","02","07","7","","0","0","1","0","0"
"POINT (8.643407800000031 52.060238849000001)","Unfall 26017 (2022) Kat:3, Licht: 1","26017","3","6","2","02","07","3","","1","0","1","0","0"
"POINT (8.607176663000081 52.029807044999998)","Unfall 26047 (2022) Kat:3, Licht: 2","26047","3","4","6","01","17","4","","2","0","1","1","0"
"POINT (8.608216439000049 52.000544720999997)","Unfall 26145 (2022) Kat:3, Licht: 2","26145","3","6","2","02","18","3","","2","0","1","0","0"
"POINT (8.503456514000050 51.963323957000100)","Unfall 26166 (2022) Kat:3, Licht: 2","26166","3","3","5","02","05","5","","2","1","1","0","0"
"POINT (8.552149092000040 52.055540957000098)","Unfall 26179 (2022) Kat:3, Licht: 2","26179","3","6","2","02","19","5","","2","0","1","0","0"
"POINT (8.544434549000069 51.973088445000002)","Unfall 26187 (2022) Kat:2, Licht: 2","26187","2","4","6","01","00","1","","2","0","1","1","0"
"POINT (8.565444725000020 52.024227042000099)","Unfall 26362 (2022) Kat:3, Licht: 0","26362","3","1","2","01","09","2","","0","0","1","0","0"
"POINT (8.566961416000030 52.012128175000001)","Unfall 26364 (2022) Kat:3, Licht: 0","26364","3","3","5","01","09","4","","0","1","1","0","0"
"POINT (8.525572183000071 52.032889341000001)","Unfall 26438 (2022) Kat:2, Licht: 2","26438","2","1","0","01","04","4","","2","0","0","0","1"
"POINT (8.546336554000050 52.032166025999999)","Unfall 26449 (2022) Kat:3, Licht: 2","26449","3","7","8","02","22","6","","2","0","1","0","0"
"POINT (8.527047353000061 52.077963867999998)","Unfall 26470 (2022) Kat:3, Licht: 0","26470","3","6","2","02","15","4","","0","0","1","0","0"
"POINT (8.575859825000069 52.029306181999999)","Unfall 26550 (2022) Kat:3, Licht: 0","26550","3","3","5","01","10","2","","0","0","1","0","0"
"POINT (8.527762204000060 52.022193213999998)","Unfall 26589 (2022) Kat:3, Licht: 0","26589","3","7","0","02","07","5","","0","0","1","0","0"
"POINT (8.519180988000070 52.054091189000097)","Unfall 26677 (2022) Kat:3, Licht: 0","26677","3","2","5","01","07","2","","0","1","1","0","0"
"POINT (8.542302358000031 51.974983692000102)","Unfall 26715 (2022) Kat:3, Licht: 2","26715","3","2","6","02","17","6","","2","0","1","1","0"
"POINT (8.512935561000059 52.010952132000099)","Unfall 26735 (2022) Kat:3, Licht: 0","26735","3","6","2","02","14","4","","0","0","1","0","0"
"POINT (8.468241896000050 51.992826729999997)","Unfall 26967 (2022) Kat:3, Licht: 0","26967","3","3","5","02","09","7","","0","1","1","0","0"
"POINT (8.582799155000030 52.038531816000003)","Unfall 27134 (2022) Kat:3, Licht: 2","27134","3","6","1","01","19","1","","2","0","1","0","0"
"POINT (8.547355170000060 52.057582246000003)","Unfall 27143 (2022) Kat:3, Licht: 0","27143","3","2","6","02","07","5","","0","0","1","1","0"
"POINT (8.532843485000059 51.943077168999999)","Unfall 27265 (2022) Kat:2, Licht: 0","27265","2","6","3","01","13","6","","0","0","1","0","0"
"POINT (8.570391535000059 51.954909169000103)","Unfall 27284 (2022) Kat:3, Licht: 2","27284","3","6","2","01","19","2","","2","0","1","0","0"
"POINT (8.547751340000049 52.034470173000003)","Unfall 27384 (2022) Kat:1, Licht: 0","27384","1","4","6","02","14","7","","0","0","0","1","0"
"POINT (8.490181950000020 51.998318492000102)","Unfall 27445 (2022) Kat:3, Licht: 0","27445","3","3","5","02","11","1","","0","1","0","0","0"
"POINT (8.571615780000061 51.974473367000002)","Unfall 27461 (2022) Kat:3, Licht: 0","27461","3","1","0","02","14","2","","0","0","1","0","1"
"POINT (8.573977303000049 52.027489993000103)","Unfall 27521 (2022) Kat:3, Licht: 0","27521","3","3","5","01","13","3","","0","0","1","0","1"
"POINT (8.479546937000070 51.985819128000102)","Unfall 27555 (2022) Kat:3, Licht: 0","27555","3","1","2","02","15","5","","0","0","1","0","0"
"POINT (8.527803019000030 52.030902744000102)","Unfall 27666 (2022) Kat:3, Licht: 0","27666","3","6","2","02","14","6","","0","0","1","0","0"
"POINT (8.456366446000059 52.048580713000000)","Unfall 27669 (2022) Kat:2, Licht: 0","27669","2","1","0","03","17","7","","0","0","1","0","0"
"POINT (8.483839038000040 51.997378005000002)","Unfall 27675 (2022) Kat:3, Licht: 0","27675","3","3","5","02","11","2","","0","1","1","0","0"
"POINT (8.529180541000070 51.953934128000100)","Unfall 27730 (2022) Kat:3, Licht: 0","27730","3","6","2","02","16","4","","0","0","1","0","0"
"POINT (8.556042136000030 52.062557067000100)","Unfall 27762 (2022) Kat:3, Licht: 0","27762","3","6","2","03","17","5","","0","0","1","0","0"
"POINT (8.562286528000071 52.023092457000097)","Unfall 27775 (2022) Kat:3, Licht: 0","27775","3","7","6","03","13","6","","0","0","1","1","0"
"POINT (8.552623743000030 52.032990896000101)","Unfall 27857 (2022) Kat:3, Licht: 1","27857","3","3","5","03","18","4","","1","0","1","0","0"
"POINT (8.514520500000060 52.092365001000097)","Unfall 27876 (2022) Kat:3, Licht: 0","27876","3","2","4","03","11","5","","0","0","1","0","1"
"POINT (8.516212618000051 52.080540153000101)","Unfall 27877 (2022) Kat:2, Licht: 0","27877","2","6","2","03","14","6","","0","0","1","0","1"
"POINT (8.574602402000041 51.957467651999998)","Unfall 27931 (2022) Kat:3, Licht: 0","27931","3","6","1","02","15","6","","0","0","1","0","0"
"POINT (8.554885307000060 52.059508113000000)","Unfall 28078 (2022) Kat:3, Licht: 2","28078","3","1","0","02","05","2","","2","0","0","0","1"
"POINT (8.479904089000060 51.979735101000102)","Unfall 28128 (2022) Kat:3, Licht: 2","28128","3","7","9","02","22","1","","2","0","1","0","0"
"POINT (8.555849611000040 52.022194245000001)","Unfall 28159 (2022) Kat:2, Licht: 0","28159","2","7","0","02","13","6","","0","0","1","0","0"
"POINT (8.543829619000061 52.040682344000103)","Unfall 28173 (2022) Kat:2, Licht: 2","28173","2","2","6","02","18","4","","2","0","1","1","0"
"POINT (8.525069144000041 52.017180281000002)","Unfall 28273 (2022) Kat:3, Licht: 0","28273","3","2","3","03","08","2","","0","1","1","0","0"
"POINT (8.523873728000069 52.093025344000097)","Unfall 28296 (2022) Kat:3, Licht: 0","28296","3","4","6","03","17","4","","0","0","1","1","0"
"POINT (8.607992580000030 51.989720208999998)","Unfall 28303 (2022) Kat:3, Licht: 0","28303","3","7","0","02","13","7","","0","0","0","0","1"
"POINT (8.513554284000071 52.097502666000103)","Unfall 28429 (2022) Kat:2, Licht: 2","28429","2","2","6","02","19","4","","2","0","1","1","0"
"POINT (8.540652771000049 52.050752015999997)","Unfall 28720 (2022) Kat:3, Licht: 0","28720","3","2","5","03","16","2","","0","1","1","0","0"
"POINT (8.606221443000040 52.029496347000098)","Unfall 28769 (2022) Kat:3, Licht: 1","28769","3","2","5","02","07","3","","1","0","1","0","0"
"POINT (8.638902229000051 52.055134547000101)","Unfall 28774 (2022) Kat:3, Licht: 0","28774","3","3","4","03","11","4","","0","0","1","0","0"
"POINT (8.567381750000040 51.940063453999997)","Unfall 28827 (2022) Kat:3, Licht: 0","28827","3","1","0","03","12","2","","0","0","0","0","1"
"POINT (8.575570497000060 51.958004826000000)","Unfall 28849 (2022) Kat:2, Licht: 0","28849","2","6","3","02","15","6","","0","0","1","0","0"
"POINT (8.495053472000050 52.060047232000002)","Unfall 28993 (2022) Kat:3, Licht: 0","28993","3","3","5","02","11","2","","0","0","1","0","1"
"POINT (8.463799900000030 51.970017118999998)","Unfall 28996 (2022) Kat:3, Licht: 0","28996","3","6","2","03","11","3","","0","0","1","0","0"
"POINT (8.553294519000080 52.022157157000002)","Unfall 29091 (2022) Kat:3, Licht: 0","29091","3","2","6","02","14","4","","0","0","1","1","0"
"POINT (8.526692650000030 52.032134268000000)","Unfall 29104 (2022) Kat:3, Licht: 0","29104","3","2","6","03","08","3","","0","0","1","1","0"
"POINT (8.551296953000080 52.032717790000000)","Unfall 29117 (2022) Kat:3, Licht: 0","29117","3","3","5","03","16","6","","0","1","1","0","0"
"POINT (8.561776405000050 52.055398524000097)","Unfall 29133 (2022) Kat:3, Licht: 0","29133","3","2","4","03","17","6","","0","1","1","0","0"
"POINT (8.573200121000070 52.027131887000102)","Unfall 29222 (2022) Kat:3, Licht: 0","29222","3","3","5","03","12","6","","0","0","1","0","1"
"POINT (8.521121028000040 52.095972475000103)","Unfall 29238 (2022) Kat:3, Licht: 0","29238","3","1","2","03","13","6","","0","0","1","0","0"
"POINT (8.550911104000020 52.050862195000001)","Unfall 29239 (2022) Kat:3, Licht: 0","29239","3","3","5","03","10","7","","0","1","1","0","0"
"POINT (8.550748435000060 52.010929205000103)","Unfall 29373 (2022) Kat:3, Licht: 0","29373","3","2","5","03","07","3","","0","1","1","0","0"
"POINT (8.506344867000051 51.970593393000101)","Unfall 29399 (2022) Kat:3, Licht: 0","29399","3","3","5","02","11","1","","0","1","1","0","0"
"POINT (8.465564344000031 52.043694679000097)","Unfall 29444 (2022) Kat:2, Licht: 0","29444","2","2","5","02","17","3","","0","1","1","0","0"
"POINT (8.543638734000069 52.030644892000097)","Unfall 29600 (2022) Kat:2, Licht: 0","29600","2","3","5","02","12","1","","0","0","1","0","0"
"POINT (8.614228563000040 52.037229029000102)","Unfall 29606 (2022) Kat:3, Licht: 2","29606","3","3","5","03","21","5","","2","0","1","0","0"
"POINT (8.534593623000029 52.013538847000099)","Unfall 29679 (2022) Kat:3, Licht: 0","29679","3","1","2","02","13","6","","0","0","1","0","0"
"POINT (8.612318125000060 52.005633453000002)","Unfall 29707 (2022) Kat:3, Licht: 0","29707","3","2","5","02","14","5","","0","0","0","0","0"
"POINT (8.526795775000039 51.952985628000100)","Unfall 29710 (2022) Kat:2, Licht: 1","29710","2","3","0","03","18","5","","1","0","1","0","0"
"POINT (8.558669026000080 52.002769409999999)","Unfall 29780 (2022) Kat:2, Licht: 2","29780","2","4","6","02","19","3","","2","0","1","1","0"
"POINT (8.615294582000050 51.977876391999999)","Unfall 29846 (2022) Kat:2, Licht: 0","29846","2","6","2","03","14","3","","0","0","0","0","0"
"POINT (8.467390584000039 51.968901207999998)","Unfall 29879 (2022) Kat:2, Licht: 0","29879","2","6","0","03","15","6","","0","0","1","1","0"
"POINT (8.459098508000070 51.963227764000102)","Unfall 29909 (2022) Kat:3, Licht: 0","29909","3","4","6","03","16","4","","0","0","1","1","0"
"POINT (8.571389313000051 52.036394543000000)","Unfall 30032 (2022) Kat:3, Licht: 2","30032","3","2","5","03","21","2","","2","0","1","0","0"
"POINT (8.581492401000050 51.923879552000102)","Unfall 30061 (2022) Kat:2, Licht: 0","30061","2","4","6","03","14","4","","0","0","1","1","0"
"POINT (8.560048345000039 52.004235522000002)","Unfall 30119 (2022) Kat:2, Licht: 2","30119","2","7","6","03","18","3","","2","0","0","1","0"
"POINT (8.604201770000030 51.993723838000101)","Unfall 30170 (2022) Kat:3, Licht: 0","30170","3","7","0","03","14","7","","0","0","1","0","1"
"POINT (8.493556597000071 51.991863689000098)","Unfall 30209 (2022) Kat:3, Licht: 0","30209","3","2","4","03","15","3","","0","0","1","0","0"