WKT,Name,OBJECTID,UKATEGORIE,UTYP1,UART,UMONAT,USTUNDE,UWOCHENTAG,STRZUSTAND,ULICHTVERH,ISTRAD,ISTPKW,ISTFUSS,ISTKRAD
"POINT (8.637088058000071 52.027707063000001)","Unfall 52381 (2022) Kat:3, Licht: 2","52381","3","6","2","10","21","7","","2","0","1","0","0"
"POINT (8.549095410000060 52.048381667999998)","Unfall 52415 (2022) Kat:3, Licht: 0","52415","3","2","0","10","08","6","","0","1","0","1","0"
"POINT (8.574202970000041 52.041675785000102)","Unfall 52490 (2022) Kat:2, Licht: 0","52490","2","1","9","10","09","1","","0","0","1","0","0"
"POINT (8.543163600000071 52.033372118999999)","Unfall 52564 (2022) Kat:3, Licht: 0","52564","3","2","5","10","11","2","","0","0","1","0","0"
"POINT (8.588838524000041 52.009799718000103)","Unfall 52610 (2022) Kat:3, Licht: 0","52610","3","6","2","10","14","2","","0","0","1","0","0"
"POINT (8.627983433000050 52.043886934000099)","Unfall 52630 (2022) Kat:3, Licht: 2","52630","3","3","5","10","20","7","","2","1","1","0","0"
"POINT (8.548914132000050 52.021705204000099)","Unfall 52687 (2022) Kat:3, Licht: 0","52687","3","3","5","10","13","6","","0","0","1","0","0"
"POINT (8.480460457000049 51.971136291999997)","Unfall 52751 (2022) Kat:2, Licht: 0","52751","2","1","8","10","12","3","","0","0","0","0","1"
"POINT (8.505596586000021 51.953106142000102)","Unfall 52761 (2022) Kat:2, Licht: 0","52761","2","6","3","10","10","7","","0","0","1","0","0"
"POINT (8.585719802000030 52.049322465000003)","Unfall 52793 (2022) Kat:3, Licht: 0","52793","3","6","1","10","13","5","","0","0","1","0","0"
"POINT (8.522778211000061 52.044136094000102)","Unfall 52811 (2022) Kat:3, Licht: 2","52811","3","1","0","10","05","1","","2","0","0","0","0"
"POINT (8.504705690000041 52.006306605000098)","Unfall 52854 (2022) Kat:3, Licht: 1","52854","3","6","2","10","07","4","","1","0","1","0","0"
"POINT (8.607243772000061 51.992956038000003)","Unfall 52895 (2022) Kat:3, Licht: 0","52895","3","1","0","10","15","4","","0","1","0","0","0"
"POINT (8.524201700000051 52.017637946999997)","Unfall 52945 (2022) Kat:2, Licht: 0","52945","2","6","0","10","16","6","","0","1","0","0","0"
"POINT (8.546059780000061 52.015527409000100)","Unfall 53071 (2022) Kat:3, Licht: 0","53071","3","3","3","10","16","5","","0","1","1","0","0"
"POINT (8.600228089000041 52.058253810000103)","Unfall 53085 (2022) Kat:3, Licht: 0","53085","3","3","5","10","13","3","","0","1","1","0","0"
"POINT (8.612318125000060 52.005633453000002)","Unfall 53104 (2022) Kat:3, Licht: 0","53104","3","3","2","10","11","6","","0","1","1","0","0"
"POINT (8.559080498000069 51.964681729000098)","Unfall 53129 (2022) Kat:3, Licht: 0","53129","3","3","5","10","11","3","","0","0","1","0","0"
"POINT (8.492239063000060 51.945557460000003)","Unfall 53269 (2022) Kat:3, Licht: 1","53269","3","6","2","10","17","5","","1","0","1","0","0"
"POINT (8.530022693000030 52.090895189000001)","Unfall 53454 (2022) Kat:2, Licht: 2","53454","2","6","0","10","21","7","","2","0","1","0","0"
"POINT (8.519489875000030 52.096566730000099)","Unfall 53456 (2022) Kat:3, Licht: 0","53456","3","2","5","10","13","6","","0","1","1","0","0"
"POINT (8.572676301000060 52.036772450999997)","Unfall 53467 (2022) Kat:3, Licht: 0","53467","3","7","0","10","15","2","","0","1","1","0","0"
"POINT (8.493989412000079 51.992395576000000)","Unfall 53638 (2022) Kat:3, Licht: 0","53638","3","1","0","11","13","6","","0","1","0","0","0"
"POINT (8.564698246000029 52.003067006999999)","Unfall 53640 (2022) Kat:2, Licht: 2","53640","2","3","5","11","18","7","","2","1","1","0","0"
"POINT (8.557265059000031 52.036601982999997)","Unfall 53658 (2022) Kat:3, Licht: 0","53658","3","4","6","11","15","6","","0","0","0","1","0"
"POINT (8.501743790000029 51.982262961000103)","Unfall 53682 (2022) Kat:3, Licht: 0","53682","3","6","2","11","11","4","","0","0","1","0","0"
"POINT (8.572557692000030 52.001337774000000)","Unfall 53738 (2022) Kat:2, Licht: 2","53738","2","2","6","11","22","5","","2","0","1","1","0"
"POINT (8.547519020000040 52.079000297999997)","Unfall 53780 (2022) Kat:3, Licht: 1","53780","3","5","3","11","16","2","","1","0","1","0","0"
"POINT (8.612309820000061 52.005602170000003)","Unfall 53793 (2022) Kat:2, Licht: 0","53793","2","3","5","11","09","6","","0","0","1","0","0"
"POINT (8.569849662000021 52.039366245000103)","Unfall 53799 (2022) Kat:2, Licht: 0","53799","2","4","6","11","12","2","","0","0","0","1","0"
"POINT (8.640213315000040 51.982074856000096)","Unfall 53888 (2022) Kat:3, Licht: 0","53888","3","2","5","11","15","1","","0","0","1","0","0"
"POINT (8.509334216000070 51.979894784000102)","Unfall 53904 (2022) Kat:3, Licht: 0","53904","3","1","0","11","13","6","","0","0","0","0","1"
"POINT (8.615218068000051 51.977339010999998)","Unfall 54055 (2022) Kat:2, Licht: 0","54055","2","6","2","11","12","3","","0","0","0","0","0"
"POINT (8.591769082000040 52.052750215000103)","Unfall 54077 (2022) Kat:3, Licht: 0","54077","3","3","5","11","10","7","","0","0","1","0","0"
"POINT (8.608967673000050 52.064383677000102)","Unfall 54099 (2022) Kat:3, Licht: 1","54099","3","6","2","11","07","5","","1","0","1","0","0"
"POINT (8.516386809000039 52.028355237000000)","Unfall 54269 (2022) Kat:2, Licht: 2","54269","2","1","7","11","04","1","","2","0","0","0","0"
"POINT (8.542732661000059 52.016435478000098)","Unfall 54282 (2022) Kat:3, Licht: 2","54282","3","6","2","11","21","3","","2","0","1","0","0"
"POINT (8.548914132000050 52.021705204000099)","Unfall 54480 (2022) Kat:3, Licht: 0","54480","3","3","0","11","13","4","","0","0","1","0","1"
"POINT (8.546315066000030 52.044774310000001)","Unfall 54486 (2022) Kat:3, Licht: 2","54486","3","6","2","11","19","4","","2","0","1","0","0"
"POINT (8.543829619000061 52.040682344000103)","Unfall 54527 (2022) Kat:3, Licht: 2","54527","3","6","2","11","20","4","","2","0","1","0","0"
"POINT (8.475431950000029 51.996494675000100)","Unfall 54561 (2022) Kat:3, Licht: 2","54561","3","3","5","11","17","1","","2","0","1","0","0"
"POINT (8.611484888000060 51.971776779999999)","Unfall 54594 (2022) Kat:3, Licht: 0","54594","3","1","8","11","11","5","","0","0","0","0","1"
"POINT (8.543988048000070 52.042176337999997)","Unfall 54662 (2022) Kat:3, Licht: 0","54662","3","6","2","10","13","1","","0","0","1","0","0"
"POINT (8.603169382000029 52.027540239000103)","Unfall 54665 (2022) Kat:3, Licht: 0","54665","3","7","0","11","10","5","","0","0","1","1","0"
"POINT (8.456277608000050 51.974873993000102)","Unfall 54769 (2022) Kat:3, Licht: 2","54769","3","6","4","11","17","5","","2","1","0","0","0"
"POINT (8.526207465000031 52.019598616000103)","Unfall 54856 (2022) Kat:3, Licht: 2","54856","3","4","5","11","20","6","","2","0","1","1","0"
"POINT (8.629237665000060 52.010755437999997)","Unfall 54925 (2022) Kat:3, Licht: 2","54925","3","6","3","11","00","2","","2","0","1","0","0"
"POINT (8.450350218000040 51.988056059000002)","Unfall 54936 (2022) Kat:2, Licht: 2","54936","2","6","2","11","21","5","","2","0","1","0","0"
"POINT (8.568604380000069 52.011808130000098)","Unfall 54952 (2022) Kat:3, Licht: 0","54952","3","3","0","11","07","6","","0","1","1","0","0"
"POINT (8.543829619000061 52.040682344000103)","Unfall 54958 (2022) Kat:3, Licht: 0","54958","3","4","6","11","14","6","","0","0","0","1","0"
"POINT (8.602033082000050 52.037099719000103)","Unfall 55153 (2022) Kat:3, Licht: 2","55153","3","1","0","11","07","2","","2","0","0","0","0"
"POINT (8.525701334000081 52.032812380999999)","Unfall 55296 (2022) Kat:3, Licht: 2","55296","3","6","2","11","19","5","","2","0","1","0","1"
"POINT (8.455748555000071 52.049793461000000)","Unfall 55298 (2022) Kat:3, Licht: 2","55298","3","1","0","11","23","1","","2","1","0","0","0"
"POINT (8.552692178000029 52.023987998000102)","Unfall 55325 (2022) Kat:3, Licht: 0","55325","3","2","5","11","08","2","","0","0","1","0","0"
"POINT (8.580146017000059 51.955521646000101)","Unfall 55329 (2022) Kat:3, Licht: 0","55329","3","3","5","11","11","3","","0","1","1","0","0"
"POINT (8.561536386000061 52.034244919999999)","Unfall 55358 (2022) Kat:2, Licht: 0","55358","2","2","6","11","09","2","","0","0","1","1","0"
"POINT (8.597996689000070 51.995909712000099)","Unfall 55391 (2022) Kat:3, Licht: 0","55391","3","6","2","11","10","5","","0","0","0","0","0"
"POINT (8.543638734000069 52.030644892000097)","Unfall 55448 (2022) Kat:3, Licht: 0","55448","3","1","2","11","14","2","","0","0","1","0","0"
"POINT (8.453253903000070 52.049344415000100)","Unfall 55551 (2022) Kat:3, Licht: 2","55551","3","3","0","11","05","3","","2","1","1","0","0"
"POINT (8.518988250000060 52.054139442000100)","Unfall 55570 (2022) Kat:3, Licht: 0","55570","3","6","2","11","14","4","","0","0","1","0","0"
"POINT (8.440161133000061 51.952710826999997)","Unfall 55805 (2022) Kat:2, Licht: 0","55805","2","6","2","11","14","3","","0","0","1","0","1"
"POINT (8.610024371000071 51.992579864000000)","Unfall 55848 (2022) Kat:3, Licht: 0","55848","3","2","3","11","12","6","","0","1","1","0","0"
"POINT (8.483957900000060 51.997340856000100)","Unfall 55982 (2022) Kat:3, Licht: 1","55982","3","3","5","12","16","5","","1","1","1","0","0"
"POINT (8.525069144000041 52.017180281000002)","Unfall 56011 (2022) Kat:3, Licht: 1","56011","3","3","5","11","08","6","","1","1","1","0","0"
"POINT (8.493880236000050 51.980776310000103)","Unfall 56049 (2022) Kat:3, Licht: 0","56049","3","6","2","11","13","4","","0","0","1","0","0"
"POINT (8.596276115000020 52.055569667999997)","Unfall 56176 (2022) Kat:3, Licht: 2","56176","3","6","2","11","18","5","","2","0","1","0","0"
"POINT (8.578470269000039 52.038742937000102)","Unfall 56277 (2022) Kat:3, Licht: 2","56277","3","2","6","11","07","6","","2","0","1","1","0"
"POINT (8.605053979000051 52.029207498000098)","Unfall 56432 (2022) Kat:3, Licht: 0","56432","3","3","5","12","11","6","","0","1","1","0","0"
"POINT (8.609350983000070 51.984073604000102)","Unfall 56447 (2022) Kat:3, Licht: 0","56447","3","7","8","11","13","3","","0","0","0","0","1"
"POINT (8.543719931000060 52.039488378000001)","Unfall 56550 (2022) Kat:3, Licht: 0","56550","3","3","5","11","13","3","","0","0","1","0","0"
"POINT (8.548308328000079 52.046696435000101)","Unfall 56594 (2022) Kat:3, Licht: 0","56594","3","1","0","11","10","4","","0","0","0","0","1"
"POINT (8.594177462000060 52.011511775000002)","Unfall 56654 (2022) Kat:3, Licht: 1","56654","3","3","8","11","07","7","","1","0","1","0","0"
"POINT (8.566144335000050 52.035271186000003)","Unfall 56660 (2022) Kat:2, Licht: 2","56660","2","2","6","11","07","6","","2","0","1","1","0"
"POINT (8.531548413000049 51.943062067000000)","Unfall 56708 (2022) Kat:3, Licht: 0","56708","3","7","2","11","07","4","","0","0","1","0","0"
"POINT (8.574148553000040 51.956981498000097)","Unfall 56737 (2022) Kat:3, Licht: 0","56737","3","6","2","11","07","4","","0","0","1","0","0"
"POINT (8.553351044000070 52.025904320000102)","Unfall 56879 (2022) Kat:3, Licht: 0","56879","3","1","2","11","14","3","","0","0","1","0","0"
"POINT (8.468326147000029 51.992851710000103)","Unfall 56971 (2022) Kat:3, Licht: 0","56971","3","3","5","12","08","2","","0","1","0","0","0"
"POINT (8.639112579000029 52.055299451000103)","Unfall 56980 (2022) Kat:3, Licht: 0","56980","3","6","2","12","11","5","","0","0","1","0","0"
"POINT (8.494062543000039 51.980811102000096)","Unfall 57005 (2022) Kat:3, Licht: 0","57005","3","6","2","12","08","2","","0","0","1","0","0"
"POINT (8.552871790000040 52.005587556000101)","Unfall 57085 (2022) Kat:3, Licht: 2","57085","3","1","6","12","06","4","","2","0","1","1","0"
"POINT (8.630319411000070 52.012586911000000)","Unfall 57171 (2022) Kat:3, Licht: 0","57171","3","6","2","12","14","6","","0","0","1","0","0"
"POINT (8.644976731000041 52.057817928000098)","Unfall 57262 (2022) Kat:3, Licht: 2","57262","3","3","5","12","17","5","","2","0","1","0","0"
"POINT (8.520524998000040 52.051528572999999)","Unfall 57305 (2022) Kat:3, Licht: 1","57305","3","3","0","12","16","2","","1","1","1","0","0"
"POINT (8.575622445000020 51.952004924000100)","Unfall 57327 (2022) Kat:2, Licht: 0","57327","2","3","0","12","11","5","","0","1","1","0","0"
"POINT (8.523156155000040 52.016899907000003)","Unfall 57366 (2022) Kat:2, Licht: 2","57366","2","2","3","12","06","5","","2","1","1","0","0"
"POINT (8.579835813000050 51.959838576999999)","Unfall 57437 (2022) Kat:3, Licht: 2","57437","3","6","2","12","18","1","","2","0","1","0","0"
"POINT (8.603406009000031 52.028006695000002)","Unfall 57475 (2022) Kat:2, Licht: 0","57475","2","3","5","12","15","3","","0","0","1","0","0"
"POINT (8.523830190000069 52.023852681000101)","Unfall 57479 (2022) Kat:3, Licht: 0","57479","3","2","3","12","11","5","","0","1","1","0","0"
"POINT (8.628137091000040 52.009763602000099)","Unfall 57523 (2022) Kat:2, Licht: 2","57523","2","6","2","12","16","5","","2","0","1","0","0"
"POINT (8.484792440000041 51.980967307000100)","Unfall 57583 (2022) Kat:3, Licht: 2","57583","3","1","8","12","02","2","","2","0","1","0","0"
"POINT (8.559192115000030 52.004433387000098)","Unfall 57585 (2022) Kat:3, Licht: 2","57585","3","3","5","12","22","6","","2","0","1","0","0"
"POINT (8.507452873000030 51.984626069999997)","Unfall 57667 (2022) Kat:3, Licht: 2","57667","3","6","1","12","07","5","","2","0","1","0","0"
"POINT (8.570141396000050 51.955335987000097)","Unfall 57692 (2022) Kat:3, Licht: 2","57692","3","1","9","12","20","2","","2","0","1","0","0"
"POINT (8.587850579000079 51.997659462999998)","Unfall 57695 (2022) Kat:3, Licht: 2","57695","3","7","2","12","05","5","","2","0","1","0","0"
"POINT (8.548009414000029 52.014805002000102)","Unfall 57700 (2022) Kat:3, Licht: 0","57700","3","3","5","12","12","3","","0","0","1","0","0"
"POINT (8.527289263000061 52.024639239000102)","Unfall 57885 (2022) Kat:3, Licht: 2","57885","3","6","2","12","01","1","","2","0","1","0","0"
"POINT (8.598409676000070 52.013030018000102)","Unfall 57939 (2022) Kat:3, Licht: 0","57939","3","3","5","12","11","7","","0","1","1","0","0"
"POINT (8.506249947000070 51.956571013000001)","Unfall 57973 (2022) Kat:3, Licht: 2","57973","3","3","5","12","06","2","","2","0","1","0","0"
"POINT (8.515069693000040 51.987947029000097)","Unfall 57997 (2022) Kat:3, Licht: 2","57997","3","6","0","12","07","2","","2","1","1","0","0"
"POINT (8.583386850000069 51.998719863000098)","Unfall 58131 (2022) Kat:3, Licht: 1","58131","3","2","0","12","16","2","","1","0","1","0","0"
"POINT (8.573863238000060 52.037308209999999)","Unfall 58345 (2022) Kat:3, Licht: 2","58345","3","1","3","12","17","6","","2","0","1","0","0"
"POINT (8.575994231000040 52.028489520999997)","Unfall 58363 (2022) Kat:3, Licht: 0","58363","3","2","6","12","14","5","","0","0","1","1","0"
"POINT (8.580813073000060 52.072112173000100)","Unfall 58398 (2022) Kat:1, Licht: 0","58398","1","5","1","12","11","7","","0","1","1","0","0"
"POINT (8.587025499000051 51.997726353000097)","Unfall 58432 (2022) Kat:3, Licht: 2","58432","3","6","2","12","22","4","","2","0","1","0","0"
"POINT (8.543638734000069 52.030644892000097)","Unfall 58529 (2022) Kat:3, Licht: 2","58529","3","3","5","12","22","5","","2","0","1","0","0"
"POINT (8.530949443000051 52.043493630000100)","Unfall 58550 (2022) Kat:3, Licht: 2","58550","3","2","6","12","07","2","","2","0","1","1","0"
"POINT (8.587781703000079 52.071987367000098)","Unfall 58553 (2022) Kat:3, Licht: 2","58553","3","3","5","12","21","5","","2","0","1","0","0"
"POINT (8.529352407000030 52.028514391999998)","Unfall 58647 (2022) Kat:3, Licht: 1","58647","3","4","6","12","08","6","","1","0","1","1","0"
"POINT (8.513554284000071 52.097502666000103)","Unfall 58946 (2022) Kat:3, Licht: 2","58946","3","2","6","12","18","5","","2","0","1","1","0"
"POINT (8.613158118000060 52.057751582000002)","Unfall 59345 (2022) Kat:3, Licht: 2","59345","3","3","8","12","22","6","","2","0","1","0","0"
"POINT (8.631910974000050 52.014343496999999)","Unfall 59680 (2022) Kat:2, Licht: 2","59680","2","1","0","12","05","6","","2","0","0","0","0"
"POINT (8.605380658000060 52.040813823000100)","Unfall 59864 (2022) Kat:3, Licht: 2","59864","3","2","4","12","19","4","","2","0","1","0","0"
"POINT (8.531015949000050 52.017658554000000)","Unfall 166198 (2022) Kat:3, Licht: 0","166198","3","2","5","01","12","4","","0","1","1","0","0"
"POINT (8.540868290000050 52.054053157000098)","Unfall 166213 (2022) Kat:2, Licht: 0","166213","2","5","1","01","15","7","","0","0","1","0","0"
"POINT (8.530857420000070 52.005236734000100)","Unfall 166450 (2022) Kat:3, Licht: 0","166450","3","1","0","01","13","4","","0","0","1","0","0"
"POINT (8.562145542000049 52.011626105000097)","Unfall 166908 (2022) Kat:3, Licht: 0","166908","3","2","0","01","13","7","","0","0","1","0","0"
"POINT (8.533171786000031 52.017094473999997)","Unfall 166998 (2022) Kat:3, Licht: 0","166998","3","7","6","01","10","2","","0","0","0","1","0"
"POINT (8.618478454000069 52.004755373000101)","Unfall 167326 (2022) Kat:2, Licht: 0","167326","2","2","5","01","10","5","","0","0","1","0","0"
"POINT (8.561086660000059 52.008913444000001)","Unfall 167481 (2022) Kat:3, Licht: 0","167481","3","6","1","01","10","2","","0","0","1","0","0"
"POINT (8.543295269000049 52.025147363000002)","Unfall 167618 (2022) Kat:3, Licht: 0","167618","3","2","4","01","10","3","","0","1","1","0","0"
"POINT (8.608967673000050 52.064383677000102)","Unfall 167624 (2022) Kat:2, Licht: 0","167624","2","2","6","01","13","3","","0","0","1","1","0"
"POINT (8.516884296000059 52.009540999000102)","Unfall 167649 (2022) Kat:2, Licht: 0","167649","2","3","3","01","12","4","","0","0","1","0","0"
"POINT (8.531475812000050 52.040806232000101)","Unfall 167669 (2022) Kat:3, Licht: 0","167669","3","1","1","01","07","5","","0","1","1","0","0"
"POINT (8.540321092000060 52.026868725999996)","Unfall 167719 (2022) Kat:3, Licht: 2","167719","3","2","3","02","06","4","","2","0","1","0","1"
"POINT (8.539761264000051 52.026813649000097)","Unfall 167814 (2022) Kat:3, Licht: 0","167814","3","3","5","01","15","6","","0","1","1","0","0"
"POINT (8.563495541000069 52.018004171000001)","Unfall 167825 (2022) Kat:3, Licht: 2","167825","3","3","5","02","21","4","","2","0","1","0","0"
"POINT (8.531540672000061 52.043066224000000)","Unfall 167870 (2022) Kat:3, Licht: 0","167870","3","2","5","01","10","5","","0","0","1","0","0"
"POINT (8.544666229000031 52.016463721000001)","Unfall 167905 (2022) Kat:3, Licht: 2","167905","3","2","4","01","06","2","","2","0","1","0","0"
"POINT (8.539756929000021 52.027661780000102)","Unfall 167958 (2022) Kat:3, Licht: 0","167958","3","3","5","01","13","5","","0","1","1","0","0"
"POINT (8.537403495000040 52.031137237999999)","Unfall 167963 (2022) Kat:3, Licht: 1","167963","3","7","5","01","17","2","","1","0","1","0","0"
"POINT (8.539727307000019 52.030060634999998)","Unfall 168119 (2022) Kat:2, Licht: 2","168119","2","6","4","02","18","6","","2","1","0","0","0"
"POINT (8.515735456000071 51.983869131000098)","Unfall 168129 (2022) Kat:3, Licht: 2","168129","3","3","5","01","17","4","","2","0","1","0","0"
"POINT (8.528305402000059 52.046085691000002)","Unfall 168147 (2022) Kat:3, Licht: 2","168147","3","2","2","01","18","7","","2","0","1","0","0"
"POINT (8.524414712000070 52.030292718000098)","Unfall 168155 (2022) Kat:3, Licht: 2","168155","3","3","5","01","07","3","","2","1","1","0","0"
"POINT (8.540281105000080 52.029353710000102)","Unfall 168218 (2022) Kat:3, Licht: 0","168218","3","2","6","01","15","4","","0","0","1","1","0"
"POINT (8.546106851000051 52.053603050000000)","Unfall 168252 (2022) Kat:3, Licht: 0","168252","3","7","1","02","10","7","","0","1","1","0","0"
"POINT (8.520067202000060 52.071580202000099)","Unfall 168412 (2022) Kat:3, Licht: 0","168412","3","7","6","02","14","3","","0","0","1","1","0"
"POINT (8.539748864000050 52.032400508000102)","Unfall 168573 (2022) Kat:3, Licht: 2","168573","3","3","5","01","17","1","","2","0","1","0","0"
"POINT (8.461065945000030 51.971951249000000)","Unfall 168576 (2022) Kat:3, Licht: 2","168576","3","5","1","01","00","6","","2","0","1","0","0"
"POINT (8.519607744000041 52.009596923000103)","Unfall 168607 (2022) Kat:2, Licht: 0","168607","2","5","6","01","15","4","","0","0","1","1","0"
"POINT (8.539484075000081 52.029602160000103)","Unfall 168609 (2022) Kat:3, Licht: 1","168609","3","7","1","01","16","6","","1","1","1","0","0"
"POINT (8.547965567000061 52.053424574000097)","Unfall 168647 (2022) Kat:3, Licht: 0","168647","3","5","1","01","08","5","","0","0","1","0","0"
"POINT (8.558804886000081 52.025795062999997)","Unfall 168829 (2022) Kat:3, Licht: 0","168829","3","7","0","02","13","5","","0","0","1","1","0"
"POINT (8.509734613000029 52.010001094000103)","Unfall 168846 (2022) Kat:2, Licht: 2","168846","2","4","6","02","22","6","","2","0","1","1","0"
"POINT (8.561086660000059 52.008913444000001)","Unfall 168848 (2022) Kat:3, Licht: 0","168848","3","6","2","02","07","4","","0","0","1","0","0"
"POINT (8.506252116000040 51.949320051000001)","Unfall 168924 (2022) Kat:3, Licht: 0","168924","3","2","5","02","08","4","","0","1","1","0","0"
"POINT (8.545717615000060 52.049188125000100)","Unfall 168937 (2022) Kat:3, Licht: 0","168937","3","3","0","02","07","4","","0","1","1","0","0"
"POINT (8.539533646000050 52.037817379000003)","Unfall 168948 (2022) Kat:3, Licht: 0","168948","3","6","2","02","15","4","","0","0","1","0","0"
"POINT (8.539892051000040 52.024709946000002)","Unfall 169017 (2022) Kat:3, Licht: 2","169017","3","1","0","02","02","1","","2","0","1","0","0"
"POINT (8.527556891000071 52.047267234000103)","Unfall 169110 (2022) Kat:2, Licht: 2","169110","2","6","3","03","02","7","","2","0","1","0","0"
"POINT (8.521940899000070 52.012920703000098)","Unfall 169124 (2022) Kat:2, Licht: 2","169124","2","4","6","02","19","5","","2","0","1","1","0"
"POINT (8.539764859000060 52.021374357000099)","Unfall 169184 (2022) Kat:2, Licht: 0","169184","2","3","5","02","14","2","","0","0","1","0","0"
"POINT (8.535085058000050 52.026075266000099)","Unfall 169208 (2022) Kat:2, Licht: 0","169208","2","7","2","02","14","4","","0","0","1","0","0"
"POINT (8.551379517000040 51.967839793000103)","Unfall 169256 (2022) Kat:3, Licht: 1","169256","3","6","6","02","07","4","","1","0","1","1","0"
"POINT (8.515602827000070 52.094961384000001)","Unfall 169339 (2022) Kat:3, Licht: 2","169339","3","3","5","02","17","3","","2","0","1","0","0"
"POINT (8.531560218000040 52.027043124000002)","Unfall 169416 (2022) Kat:3, Licht: 0","169416","3","1","0","03","18","3","","0","1","0","1","0"
"POINT (8.539751996000060 52.027828862000000)","Unfall 169457 (2022) Kat:2, Licht: 2","169457","2","1","0","03","02","7","","2","0","0","0","0"
"POINT (8.522975679000069 52.028044557000001)","Unfall 169535 (2022) Kat:3, Licht: 0","169535","3","7","5","02","12","5","","0","0","1","0","0"
"POINT (8.544194708000020 52.027389778000000)","Unfall 169561 (2022) Kat:3, Licht: 0","169561","3","3","5","02","15","2","","0","0","1","0","0"
"POINT (8.543371920000030 52.011147955000098)","Unfall 169588 (2022) Kat:3, Licht: 0","169588","3","3","5","02","08","4","","0","1","1","0","0"
"POINT (8.506509991000030 51.995850265999998)","Unfall 169615 (2022) Kat:3, Licht: 2","169615","3","1","9","03","21","1","","2","0","1","0","0"
"POINT (8.543942489000070 52.014260955000097)","Unfall 169795 (2022) Kat:2, Licht: 0","169795","2","1","0","03","10","5","","0","0","1","0","0"
"POINT (8.486522320000059 51.986622576999999)","Unfall 169833 (2022) Kat:3, Licht: 0","169833","3","6","2","03","16","4","","0","0","1","0","0"
"POINT (8.536889246000040 52.023401860000000)","Unfall 169942 (2022) Kat:3, Licht: 0","169942","3","2","3","03","17","3","","0","1","0","0","0"
"POINT (8.518356500000040 52.004352953000101)","Unfall 170025 (2022) Kat:3, Licht: 0","170025","3","6","1","03","15","3","","0","0","1","0","0"
"POINT (8.539664459000051 52.032564948000100)","Unfall 170093 (2022) Kat:3, Licht: 0","170093","3","4","6","03","09","2","","0","0","1","1","0"
"POINT (8.521817592000049 52.012872786000102)","Unfall 170163 (2022) Kat:3, Licht: 0","170163","3","3","3","03","09","3","","0","1","1","0","0"
"POINT (8.539749274000030 52.017026940999997)","Unfall 170201 (2022) Kat:2, Licht: 0","170201","2","3","5","03","16","5","","0","1","1","0","0"
"POINT (8.542103335000039 52.026056693999998)","Unfall 170291 (2022) Kat:2, Licht: 0","170291","2","3","5","03","14","6","","0","1","1","0","0"
"POINT (8.508009051000039 51.992983097000000)","Unfall 170346 (2022) Kat:3, Licht: 0","170346","3","2","4","03","09","4","","0","1","1","0","0"
"POINT (8.563049336000059 52.027531578999998)","Unfall 170358 (2022) Kat:3, Licht: 1","170358","3","2","2","03","17","3","","1","0","1","0","1"
"POINT (8.527912725000020 52.046641303999998)","Unfall 170407 (2022) Kat:3, Licht: 0","170407","3","6","2","03","15","2","","0","0","1","0","1"
"POINT (8.539820360000020 52.024050770000002)","Unfall 170436 (2022) Kat:3, Licht: 0","170436","3","1","2","03","09","3","","0","1","1","0","0"
"POINT (8.557948818000060 52.025441445000098)","Unfall 170453 (2022) Kat:2, Licht: 2","170453","2","5","1","03","21","2","","2","1","1","0","0"
"POINT (8.508967990000031 51.988190396000000)","Unfall 170464 (2022) Kat:3, Licht: 0","170464","3","3","0","03","16","5","","0","0","1","0","1"
"POINT (8.512702781000030 51.989160128000002)","Unfall 170487 (2022) Kat:3, Licht: 0","170487","3","3","5","03","16","4","","0","1","1","0","0"
"POINT (8.518145942000050 51.986840000000001)","Unfall 170493 (2022) Kat:3, Licht: 2","170493","3","3","5","03","19","6","","2","1","1","0","0"
"POINT (8.563520684000030 52.017863992999999)","Unfall 170541 (2022) Kat:3, Licht: 0","170541","3","3","5","03","17","2","","0","1","1","0","0"
"POINT (8.490659587000041 52.042260736999999)","Unfall 170565 (2022) Kat:2, Licht: 0","170565","2","4","0","03","12","3","","0","0","0","1","0"
"POINT (8.584963035000040 51.929272988000001)","Unfall 170671 (2022) Kat:3, Licht: 2","170671","3","1","0","03","20","4","","2","0","0","0","1"
"POINT (8.611667084000031 52.020768742000001)","Unfall 170916 (2022) Kat:3, Licht: 0","170916","3","1","0","04","11","7","","0","1","0","0","0"
"POINT (8.606676474000039 51.991222823999998)","Unfall 170964 (2022) Kat:3, Licht: 0","170964","3","1","2","04","15","5","","0","0","1","0","0"
"POINT (8.529388356000030 52.022808240000103)","Unfall 171015 (2022) Kat:3, Licht: 0","171015","3","2","3","03","16","2","","0","1","1","0","0"
"POINT (8.515729317000019 52.028936986000097)","Unfall 171044 (2022) Kat:2, Licht: 0","171044","2","4","6","04","07","5","","0","0","1","1","0"
"POINT (8.499234304000030 52.038037897999999)","Unfall 171046 (2022) Kat:3, Licht: 0","171046","3","7","0","04","15","3","","0","1","0","0","0"