WKT,Name,OBJECTID,UKATEGORIE,UTYP1,UART,UMONAT,USTUNDE,UWOCHENTAG,STRZUSTAND,ULICHTVERH,ISTRAD,ISTPKW,ISTFUSS,ISTKRAD
"POINT (8.532029074000040 52.029547194000003)","Unfall 171057 (2022) Kat:3, Licht: 0","171057","3","3","5","03","10","5","","0","0","1","0","0"
"POINT (8.500361713000069 51.996998085000001)","Unfall 171063 (2022) Kat:3, Licht: 0","171063","3","3","5","04","08","3","","0","1","0","0","0"
"POINT (8.539758245000030 52.017736831000001)","Unfall 171242 (2022) Kat:3, Licht: 0","171242","3","1","0","04","17","5","","0","1","0","0","0"
"POINT (8.527556891000071 52.047267234000103)","Unfall 171327 (2022) Kat:3, Licht: 0","171327","3","3","0","04","07","2","","0","1","1","0","0"
"POINT (8.576378860000030 52.037009050999998)","Unfall 171374 (2022) Kat:2, Licht: 0","171374","2","1","0","04","19","2","","0","1","1","0","0"
"POINT (8.597314919000040 51.954048680000000)","Unfall 171544 (2022) Kat:3, Licht: 0","171544","3","4","5","04","16","3","","0","0","1","1","0"
"POINT (8.563009213000040 52.027537831000103)","Unfall 171662 (2022) Kat:3, Licht: 0","171662","3","1","0","04","16","6","","0","1","0","0","0"
"POINT (8.509116146000050 51.991936654000000)","Unfall 171687 (2022) Kat:3, Licht: 0","171687","3","3","0","04","10","6","","0","1","1","0","0"
"POINT (8.582552302000069 51.944491692000000)","Unfall 171688 (2022) Kat:3, Licht: 0","171688","3","1","4","04","09","4","","0","0","1","0","0"
"POINT (8.656061728000051 52.047898123000003)","Unfall 171727 (2022) Kat:3, Licht: 0","171727","3","3","5","04","17","5","","0","1","1","0","0"
"POINT (8.539733069000020 52.028996318000097)","Unfall 171749 (2022) Kat:3, Licht: 0","171749","3","3","1","04","10","3","","0","0","1","0","1"
"POINT (8.553749266000070 52.004380544000099)","Unfall 171790 (2022) Kat:3, Licht: 0","171790","3","3","5","04","20","2","","0","0","1","0","0"
"POINT (8.516774192000071 52.009473292999999)","Unfall 172146 (2022) Kat:2, Licht: 0","172146","2","4","6","04","14","2","","0","0","0","1","0"
"POINT (8.515154068000070 52.012824855000098)","Unfall 172239 (2022) Kat:2, Licht: 0","172239","2","2","5","04","13","5","","0","1","1","0","0"
"POINT (8.513413512000060 51.988457465000103)","Unfall 172258 (2022) Kat:3, Licht: 0","172258","3","5","0","05","17","2","","0","1","1","0","0"
"POINT (8.516554427000070 51.999231445000099)","Unfall 172308 (2022) Kat:3, Licht: 0","172308","3","6","4","05","14","7","","0","0","1","0","0"
"POINT (8.566587032000029 52.018046223000098)","Unfall 172315 (2022) Kat:3, Licht: 0","172315","3","3","5","05","18","3","","0","1","0","0","0"
"POINT (8.536948091000060 52.019720305000099)","Unfall 172351 (2022) Kat:3, Licht: 0","172351","3","3","5","05","14","5","","0","0","1","0","0"
"POINT (8.498748998000050 51.995819505999997)","Unfall 172378 (2022) Kat:2, Licht: 0","172378","2","2","5","04","08","4","","0","1","1","0","0"
"POINT (8.448265735000060 51.988499447999999)","Unfall 172396 (2022) Kat:3, Licht: 0","172396","3","6","1","05","09","5","","0","1","1","0","0"
"POINT (8.584825668000059 52.041902178000001)","Unfall 172404 (2022) Kat:3, Licht: 0","172404","3","2","5","05","08","6","","0","1","1","0","0"
"POINT (8.540244943000060 52.039968762999997)","Unfall 172446 (2022) Kat:3, Licht: 2","172446","3","5","0","05","23","1","","2","0","1","0","0"
"POINT (8.524772887000040 52.074254989000103)","Unfall 172529 (2022) Kat:3, Licht: 2","172529","3","6","3","04","22","4","","2","1","1","0","0"
"POINT (8.511083992000071 52.006150798000100)","Unfall 172721 (2022) Kat:3, Licht: 0","172721","3","1","3","05","17","3","","0","1","0","0","0"
"POINT (8.562905920000050 52.027494779000101)","Unfall 172797 (2022) Kat:2, Licht: 0","172797","2","3","0","04","18","1","","0","0","1","0","0"
"POINT (8.508488838000060 52.022839853000100)","Unfall 172829 (2022) Kat:3, Licht: 0","172829","3","1","0","05","16","1","","0","0","0","0","0"
"POINT (8.513827592000039 51.982472362000102)","Unfall 172841 (2022) Kat:3, Licht: 2","172841","3","1","0","05","02","5","","2","0","0","0","0"
"POINT (8.548151247000019 52.059331559999997)","Unfall 172962 (2022) Kat:3, Licht: 0","172962","3","7","0","05","20","4","","0","1","0","1","0"
"POINT (8.546478934000049 52.017741759000003)","Unfall 172987 (2022) Kat:2, Licht: 0","172987","2","1","0","05","21","7","","0","0","0","0","1"
"POINT (8.554664763000060 52.024249193000102)","Unfall 173053 (2022) Kat:3, Licht: 0","173053","3","2","5","05","14","6","","0","0","1","0","0"
"POINT (8.479558146000040 51.992438469000000)","Unfall 173068 (2022) Kat:3, Licht: 0","173068","3","6","2","05","19","4","","0","0","1","0","0"
"POINT (8.535059029000021 52.026751505999997)","Unfall 173103 (2022) Kat:3, Licht: 0","173103","3","6","2","05","11","2","","0","0","1","0","0"
"POINT (8.513535264000041 52.007486080000000)","Unfall 173155 (2022) Kat:3, Licht: 0","173155","3","3","5","05","18","4","","0","0","1","0","0"
"POINT (8.534887203000039 52.027007965000102)","Unfall 173164 (2022) Kat:2, Licht: 0","173164","2","6","3","05","14","7","","0","0","1","0","0"
"POINT (8.549895604000030 52.057176786000099)","Unfall 173175 (2022) Kat:3, Licht: 0","173175","3","3","0","05","11","3","","0","0","1","0","0"
"POINT (8.515796620000060 52.006976866999999)","Unfall 173295 (2022) Kat:3, Licht: 0","173295","3","3","5","05","14","5","","0","0","1","0","0"
"POINT (8.562939922000060 52.032064689999999)","Unfall 173436 (2022) Kat:3, Licht: 0","173436","3","3","5","05","18","4","","0","0","1","0","0"
"POINT (8.588800402000061 51.946847280000000)","Unfall 173462 (2022) Kat:3, Licht: 0","173462","3","7","9","05","08","5","","0","0","1","0","0"
"POINT (8.534238263000081 52.037648655000098)","Unfall 173487 (2022) Kat:3, Licht: 0","173487","3","1","0","05","19","3","","0","1","0","0","0"
"POINT (8.519267569000020 52.011020345000098)","Unfall 173566 (2022) Kat:3, Licht: 0","173566","3","2","5","05","15","4","","0","1","1","0","0"
"POINT (8.503105960000029 51.984193212000001)","Unfall 173597 (2022) Kat:3, Licht: 0","173597","3","4","6","05","13","6","","0","0","1","1","0"
"POINT (8.531440896000049 52.019911524000101)","Unfall 173608 (2022) Kat:3, Licht: 0","173608","3","6","6","05","12","2","","0","0","0","1","0"
"POINT (8.522626869000019 52.015706970000103)","Unfall 173742 (2022) Kat:3, Licht: 0","173742","3","6","1","05","14","4","","0","0","1","0","0"
"POINT (8.504806786000071 51.995523312000003)","Unfall 173763 (2022) Kat:3, Licht: 0","173763","3","3","5","05","19","6","","0","0","1","0","0"
"POINT (8.507062711000060 52.033708494999999)","Unfall 173771 (2022) Kat:3, Licht: 0","173771","3","6","4","05","18","4","","0","1","0","0","0"
"POINT (8.603639624000040 51.993632493000099)","Unfall 173824 (2022) Kat:3, Licht: 0","173824","3","2","6","05","13","7","","0","0","1","1","0"
"POINT (8.555184318000039 51.957115604000101)","Unfall 173830 (2022) Kat:3, Licht: 0","173830","3","3","5","05","18","1","","0","1","1","0","0"
"POINT (8.589556199000070 52.007978673000103)","Unfall 173879 (2022) Kat:3, Licht: 0","173879","3","3","5","06","08","3","","0","0","1","0","0"
"POINT (8.506340021000030 51.989925186999997)","Unfall 173893 (2022) Kat:3, Licht: 0","173893","3","6","2","06","13","4","","0","0","1","0","0"
"POINT (8.536944218000031 52.019782030999998)","Unfall 173897 (2022) Kat:3, Licht: 0","173897","3","3","5","06","17","2","","0","0","1","0","0"
"POINT (8.544089472000049 52.045467575000004)","Unfall 173931 (2022) Kat:3, Licht: 0","173931","3","6","2","06","12","6","","0","0","1","0","0"
"POINT (8.559860441000071 52.036796556000098)","Unfall 173950 (2022) Kat:3, Licht: 0","173950","3","4","6","06","12","4","","0","0","1","1","0"
"POINT (8.506279258000060 51.990069456000100)","Unfall 174010 (2022) Kat:3, Licht: 0","174010","3","2","3","05","18","6","","0","1","1","0","0"
"POINT (8.530666351000040 52.023379447000103)","Unfall 174021 (2022) Kat:3, Licht: 0","174021","3","6","1","06","13","4","","0","1","1","0","0"
"POINT (8.523174635000030 52.016298728000002)","Unfall 174039 (2022) Kat:3, Licht: 0","174039","3","6","2","06","11","3","","0","0","1","0","1"
"POINT (8.539541197000061 52.037826389000003)","Unfall 174087 (2022) Kat:3, Licht: 0","174087","3","2","3","06","12","7","","0","1","1","0","0"
"POINT (8.533446709000030 52.023362564000102)","Unfall 174182 (2022) Kat:3, Licht: 0","174182","3","7","0","06","11","3","","0","0","0","1","0"
"POINT (8.499019945000040 51.997132102000101)","Unfall 174221 (2022) Kat:2, Licht: 0","174221","2","1","0","05","10","6","","0","1","0","0","0"
"POINT (8.532755793000041 52.039172016000101)","Unfall 174262 (2022) Kat:3, Licht: 0","174262","3","2","4","06","11","3","","0","0","0","0","1"
"POINT (8.584846129000031 51.925392918000099)","Unfall 174316 (2022) Kat:3, Licht: 0","174316","3","6","3","05","15","6","","0","1","1","0","0"
"POINT (8.521950349000059 52.009809724000000)","Unfall 174402 (2022) Kat:3, Licht: 0","174402","3","3","5","06","12","5","","0","0","1","0","0"
"POINT (8.589170137000050 52.000438666000001)","Unfall 174452 (2022) Kat:3, Licht: 0","174452","3","3","1","06","16","7","","0","0","1","0","0"
"POINT (8.547715883000020 51.955290605000101)","Unfall 174470 (2022) Kat:3, Licht: 0","174470","3","5","1","06","15","3","","0","0","1","0","1"
"POINT (8.508794796000069 51.992358610000103)","Unfall 174498 (2022) Kat:3, Licht: 0","174498","3","5","0","06","14","4","","0","1","1","0","0"
"POINT (8.520921199000041 52.012831495999997)","Unfall 174575 (2022) Kat:3, Licht: 0","174575","3","6","3","06","19","2","","0","0","1","0","0"
"POINT (8.599146960000040 52.028756326000099)","Unfall 174640 (2022) Kat:3, Licht: 0","174640","3","3","5","06","08","6","","0","1","1","0","0"
"POINT (8.546319497000070 52.011897181000101)","Unfall 174648 (2022) Kat:3, Licht: 0","174648","3","3","5","06","10","1","","0","1","1","0","0"
"POINT (8.544205884000061 52.046842770000097)","Unfall 174652 (2022) Kat:3, Licht: 0","174652","3","2","5","06","16","5","","0","0","1","0","0"
"POINT (8.486990744000019 51.986967405000001)","Unfall 174654 (2022) Kat:3, Licht: 0","174654","3","6","0","06","17","7","","0","1","1","0","0"
"POINT (8.523275108000060 51.980137982000002)","Unfall 174660 (2022) Kat:3, Licht: 0","174660","3","6","2","06","15","4","","0","0","1","0","0"
"POINT (8.510012489000079 52.005315134999996)","Unfall 174667 (2022) Kat:2, Licht: 0","174667","2","6","4","06","18","1","","0","1","0","0","0"
"POINT (8.479583586000050 51.981441319000098)","Unfall 174688 (2022) Kat:3, Licht: 0","174688","3","1","1","06","07","3","","0","0","1","0","0"
"POINT (8.534630869000070 52.017514394999999)","Unfall 174956 (2022) Kat:3, Licht: 0","174956","3","7","0","06","11","3","","0","1","0","0","0"
"POINT (8.508700281000070 51.963048884000003)","Unfall 174962 (2022) Kat:3, Licht: 2","174962","3","1","0","06","23","4","","2","1","0","0","0"
"POINT (8.534571221000020 52.024620896000002)","Unfall 175142 (2022) Kat:2, Licht: 2","175142","2","1","8","06","01","1","","2","1","0","0","0"
"POINT (8.531540672000061 52.043066224000000)","Unfall 175236 (2022) Kat:3, Licht: 0","175236","3","2","0","06","17","5","","0","0","1","0","1"
"POINT (8.524399857000050 52.028756754000000)","Unfall 175271 (2022) Kat:3, Licht: 0","175271","3","1","8","06","15","4","","0","1","1","0","0"
"POINT (8.554739306000039 52.024259063000002)","Unfall 175374 (2022) Kat:3, Licht: 0","175374","3","3","5","06","05","4","","0","1","1","0","0"
"POINT (8.629484966000060 51.948968179000097)","Unfall 175438 (2022) Kat:3, Licht: 0","175438","3","1","4","06","16","7","","0","0","1","0","0"
"POINT (8.565884921000080 52.022846391000002)","Unfall 175523 (2022) Kat:2, Licht: 0","175523","2","1","2","06","11","4","","0","0","1","0","0"
"POINT (8.514665974000019 52.057649572999999)","Unfall 175560 (2022) Kat:3, Licht: 0","175560","3","3","0","06","17","3","","0","0","1","0","1"
"POINT (8.572230948000030 52.016716233000103)","Unfall 175586 (2022) Kat:3, Licht: 0","175586","3","7","9","06","20","7","","0","1","1","0","0"
"POINT (8.565906642000069 51.967434027000103)","Unfall 175633 (2022) Kat:3, Licht: 0","175633","3","3","5","06","19","5","","0","0","1","0","0"
"POINT (8.533967338000020 52.022021705000000)","Unfall 175641 (2022) Kat:3, Licht: 0","175641","3","7","0","06","12","5","","0","0","0","0","1"
"POINT (8.519802772000050 52.010603742000100)","Unfall 175654 (2022) Kat:3, Licht: 2","175654","3","1","0","06","02","7","","2","1","0","0","0"
"POINT (8.530139521000020 52.092655168000100)","Unfall 175697 (2022) Kat:3, Licht: 0","175697","3","2","0","06","12","7","","0","0","1","0","1"
"POINT (8.538051561000030 52.026464288000099)","Unfall 175703 (2022) Kat:2, Licht: 0","175703","2","4","6","06","13","7","","0","0","1","1","0"
"POINT (8.479238231000069 51.981131845000000)","Unfall 175715 (2022) Kat:3, Licht: 0","175715","3","3","3","06","14","4","","0","0","1","0","1"
"POINT (8.543942489000070 52.014260955000097)","Unfall 175774 (2022) Kat:3, Licht: 0","175774","3","2","0","06","08","3","","0","1","1","0","0"
"POINT (8.569718594000051 52.022614173000100)","Unfall 175924 (2022) Kat:3, Licht: 0","175924","3","6","2","07","14","6","","0","0","1","0","0"
"POINT (8.543998626000080 51.969003694000001)","Unfall 175968 (2022) Kat:3, Licht: 0","175968","3","7","5","07","18","6","","0","1","1","0","0"
"POINT (8.510990487000070 51.989688106000102)","Unfall 176025 (2022) Kat:3, Licht: 1","176025","3","1","6","07","05","5","","1","0","1","1","0"
"POINT (8.507992787000029 51.991092332999997)","Unfall 176172 (2022) Kat:3, Licht: 0","176172","3","3","0","07","14","2","","0","0","1","0","1"
"POINT (8.530497753000081 52.024107389000100)","Unfall 176261 (2022) Kat:3, Licht: 0","176261","3","4","5","07","17","4","","0","1","0","1","0"
"POINT (8.517516725000061 52.036207777000101)","Unfall 176490 (2022) Kat:3, Licht: 0","176490","3","1","0","07","18","1","","0","1","0","0","0"
"POINT (8.539892051000040 52.024709946000002)","Unfall 176577 (2022) Kat:3, Licht: 2","176577","3","3","5","07","22","4","","2","1","1","0","0"
"POINT (8.603780744000060 52.050186236999998)","Unfall 176728 (2022) Kat:3, Licht: 0","176728","3","3","5","07","06","2","","0","1","1","0","0"
"POINT (8.627146412000060 51.988311041000003)","Unfall 176735 (2022) Kat:3, Licht: 0","176735","3","5","1","07","13","6","","0","0","1","0","0"
"POINT (8.598643772000059 51.956552443000099)","Unfall 176902 (2022) Kat:2, Licht: 0","176902","2","3","5","07","17","7","","0","1","1","0","0"
"POINT (8.485485051000071 52.045158633000000)","Unfall 176948 (2022) Kat:3, Licht: 0","176948","3","4","6","07","10","4","","0","0","1","1","0"
"POINT (8.541972565000041 52.040157302000097)","Unfall 176982 (2022) Kat:3, Licht: 0","176982","3","3","5","07","15","1","","0","1","1","0","0"
"POINT (8.605146400000020 52.030368969000101)","Unfall 177033 (2022) Kat:3, Licht: 0","177033","3","7","2","07","11","6","","0","0","1","0","1"
"POINT (8.510591534000071 52.029960107000100)","Unfall 177086 (2022) Kat:3, Licht: 0","177086","3","6","3","08","19","5","","0","0","1","0","0"
"POINT (8.524674855000059 52.004917732000102)","Unfall 177130 (2022) Kat:3, Licht: 0","177130","3","6","3","08","10","5","","0","1","1","0","0"
"POINT (8.515529095000030 52.011429257000003)","Unfall 177143 (2022) Kat:3, Licht: 0","177143","3","5","0","08","16","3","","0","1","1","0","0"
"POINT (8.532548172000080 52.036214569000002)","Unfall 177246 (2022) Kat:3, Licht: 0","177246","3","5","1","08","09","3","","0","1","1","0","0"
"POINT (8.504378811000040 52.044215236000099)","Unfall 177289 (2022) Kat:3, Licht: 0","177289","3","7","0","08","14","7","","0","0","1","0","0"
"POINT (8.508807265000030 52.048752745999998)","Unfall 177336 (2022) Kat:3, Licht: 0","177336","3","1","2","08","07","2","","0","0","1","0","0"
"POINT (8.529213996000070 52.027369536000002)","Unfall 177346 (2022) Kat:2, Licht: 0","177346","2","1","0","07","12","3","","0","0","0","0","1"
"POINT (8.539746781000080 52.052378333000000)","Unfall 177429 (2022) Kat:3, Licht: 0","177429","3","6","3","08","16","5","","0","1","0","0","0"
"POINT (8.481109334000051 52.041116336000101)","Unfall 177482 (2022) Kat:3, Licht: 0","177482","3","3","5","07","16","1","","0","0","1","0","0"
"POINT (8.589237236000031 51.956801097000003)","Unfall 177488 (2022) Kat:2, Licht: 0","177488","2","4","6","08","17","2","","0","0","1","1","0"
"POINT (8.527169446000070 52.047818672000098)","Unfall 177585 (2022) Kat:3, Licht: 0","177585","3","2","5","08","08","2","","0","1","1","0","0"
"POINT (8.553634977000060 52.054777602000101)","Unfall 177586 (2022) Kat:3, Licht: 0","177586","3","7","0","07","13","6","","0","0","1","0","0"
"POINT (8.537363620000059 52.013895134999999)","Unfall 177603 (2022) Kat:2, Licht: 0","177603","2","6","0","08","12","5","","0","1","1","0","0"
"POINT (8.497076259000041 51.988996041000100)","Unfall 177666 (2022) Kat:1, Licht: 2","177666","1","3","5","08","01","3","","2","1","1","0","0"
"POINT (8.513613266000050 52.007476105000102)","Unfall 177801 (2022) Kat:3, Licht: 0","177801","3","3","0","07","12","3","","0","1","1","0","0"
"POINT (8.541609256000070 52.025071648999997)","Unfall 177812 (2022) Kat:3, Licht: 0","177812","3","6","0","08","08","4","","0","0","0","0","1"
"POINT (8.541946011000050 52.048967185999999)","Unfall 177834 (2022) Kat:3, Licht: 0","177834","3","1","9","07","21","1","","0","1","0","0","0"
"POINT (8.567493463000060 52.008588369999998)","Unfall 177839 (2022) Kat:3, Licht: 0","177839","3","3","5","08","19","5","","0","0","1","0","0"
"POINT (8.524538275000049 52.036516990000102)","Unfall 177918 (2022) Kat:3, Licht: 0","177918","3","7","6","08","17","7","","0","0","1","1","0"
"POINT (8.539734800000080 52.031956776000101)","Unfall 177950 (2022) Kat:3, Licht: 0","177950","3","2","5","08","09","2","","0","1","0","0","0"
"POINT (8.521138105000031 52.012679282000100)","Unfall 177960 (2022) Kat:2, Licht: 0","177960","2","6","2","07","14","3","","0","0","1","0","0"
"POINT (8.504923619000071 52.000618504999998)","Unfall 177982 (2022) Kat:2, Licht: 0","177982","2","3","5","08","14","5","","0","1","1","0","0"
"POINT (8.497156198000029 51.991218408000101)","Unfall 177989 (2022) Kat:3, Licht: 0","177989","3","2","6","08","16","2","","0","0","0","1","0"
"POINT (8.589998671000050 52.000357801000099)","Unfall 178020 (2022) Kat:3, Licht: 0","178020","3","7","2","07","20","7","","0","0","1","1","0"
"POINT (8.566520767000039 52.021870000000000)","Unfall 178076 (2022) Kat:3, Licht: 0","178076","3","2","5","08","13","6","","0","1","1","0","0"
"POINT (8.531601075000030 52.027334295000102)","Unfall 178137 (2022) Kat:3, Licht: 0","178137","3","2","5","08","12","3","","0","0","1","0","0"
"POINT (8.502725121000029 51.969537156999998)","Unfall 178202 (2022) Kat:3, Licht: 0","178202","3","3","5","08","13","2","","0","0","1","0","0"
"POINT (8.593021596000030 51.997531987000102)","Unfall 178207 (2022) Kat:3, Licht: 0","178207","3","3","0","08","12","3","","0","1","1","0","0"
"POINT (8.529869431000069 52.021989525999999)","Unfall 178212 (2022) Kat:3, Licht: 0","178212","3","1","2","08","18","1","","0","1","0","0","1"
"POINT (8.537051711000061 52.023797436999999)","Unfall 178260 (2022) Kat:3, Licht: 2","178260","3","1","0","08","02","7","","2","0","0","0","0"
"POINT (8.531433692000061 51.956205089000001)","Unfall 178290 (2022) Kat:3, Licht: 0","178290","3","3","5","08","15","6","","0","0","1","0","0"
"POINT (8.539861841000061 52.025196145000102)","Unfall 178363 (2022) Kat:3, Licht: 2","178363","3","7","8","08","01","7","","2","0","0","0","0"
"POINT (8.554132941000031 52.018705953000101)","Unfall 178436 (2022) Kat:2, Licht: 0","178436","2","3","5","08","12","6","","0","1","0","0","0"
"POINT (8.528422849000041 52.022578999000103)","Unfall 178438 (2022) Kat:2, Licht: 0","178438","2","3","5","08","05","6","","0","0","1","0","0"
"POINT (8.518215959000029 51.985596047999998)","Unfall 178695 (2022) Kat:3, Licht: 0","178695","3","4","6","08","10","6","","0","1","0","1","0"
"POINT (8.587431525000060 51.947497462999998)","Unfall 178698 (2022) Kat:3, Licht: 0","178698","3","5","1","08","18","1","","0","1","1","0","0"
"POINT (8.564411657000051 52.039394547000001)","Unfall 178738 (2022) Kat:3, Licht: 2","178738","3","6","0","08","00","1","","2","1","0","0","0"
"POINT (8.514677835000040 52.040893082000103)","Unfall 178748 (2022) Kat:3, Licht: 2","178748","3","1","0","08","04","4","","2","0","0","0","0"
"POINT (8.570542934000059 52.010053489000001)","Unfall 178799 (2022) Kat:3, Licht: 0","178799","3","7","0","08","14","2","","0","1","1","0","0"
"POINT (8.598564109000050 52.028924207999999)","Unfall 178816 (2022) Kat:3, Licht: 0","178816","3","2","0","08","15","4","","0","0","1","0","1"
"POINT (8.531710108000031 52.029291310000097)","Unfall 178817 (2022) Kat:3, Licht: 0","178817","3","4","6","08","16","6","","0","1","0","1","0"
"POINT (8.583107659000060 51.943289385000099)","Unfall 178852 (2022) Kat:3, Licht: 0","178852","3","1","0","08","17","6","","0","1","0","0","0"
"POINT (8.516412714000070 52.095291692000004)","Unfall 178867 (2022) Kat:3, Licht: 0","178867","3","1","1","08","18","6","","0","1","0","0","0"
"POINT (8.535092968000070 52.027176253000100)","Unfall 178917 (2022) Kat:3, Licht: 2","178917","3","6","2","08","23","7","","2","0","1","0","0"
"POINT (8.540873719000050 52.026436223000097)","Unfall 178925 (2022) Kat:3, Licht: 0","178925","3","1","0","08","09","1","","0","0","1","0","0"
"POINT (8.561366839000071 52.009902204000099)","Unfall 178978 (2022) Kat:2, Licht: 0","178978","2","3","5","08","19","4","","0","1","1","0","0"
"POINT (8.518705695000049 52.038118388999997)","Unfall 178979 (2022) Kat:3, Licht: 2","178979","3","6","0","08","22","6","","2","1","0","0","0"
"POINT (8.516383657000061 52.095334698999999)","Unfall 179032 (2022) Kat:3, Licht: 0","179032","3","7","2","08","11","3","","0","1","1","0","0"
"POINT (8.521117126000039 52.027169747000102)","Unfall 179041 (2022) Kat:3, Licht: 0","179041","3","2","0","09","13","6","","0","1","1","0","0"
"POINT (8.518080806000061 51.978453639000101)","Unfall 179048 (2022) Kat:3, Licht: 0","179048","3","3","5","09","13","4","","0","0","1","0","0"
"POINT (8.521382749000050 52.007954265000102)","Unfall 179064 (2022) Kat:3, Licht: 0","179064","3","7","8","09","15","5","","0","0","0","0","1"
"POINT (8.531540672000061 52.043066224000000)","Unfall 179111 (2022) Kat:3, Licht: 0","179111","3","1","0","09","15","5","","0","0","0","0","1"
"POINT (8.539816612000040 52.025924062000101)","Unfall 179123 (2022) Kat:3, Licht: 0","179123","3","2","5","08","15","2","","0","1","1","0","0"
"POINT (8.536948091000060 52.019720305000099)","Unfall 179134 (2022) Kat:3, Licht: 2","179134","3","3","5","09","03","7","","2","0","1","0","0"
"POINT (8.539406302000030 52.022315202000101)","Unfall 179151 (2022) Kat:3, Licht: 0","179151","3","3","5","09","16","6","","0","1","1","0","0"
"POINT (8.529053575000029 51.983791849000099)","Unfall 179192 (2022) Kat:2, Licht: 0","179192","2","7","4","09","15","2","","0","1","1","0","0"
"POINT (8.561366839000071 52.009902204000099)","Unfall 179198 (2022) Kat:3, Licht: 2","179198","3","7","6","09","01","6","","2","0","0","1","0"
"POINT (8.590232583000040 51.957332456000103)","Unfall 179235 (2022) Kat:3, Licht: 0","179235","3","3","8","09","06","5","","0","1","0","0","0"
"POINT (8.599824484000070 51.928531681000003)","Unfall 179287 (2022) Kat:3, Licht: 0","179287","3","3","5","09","10","2","","0","0","1","0","0"
"POINT (8.558951191000061 52.045780790999999)","Unfall 179316 (2022) Kat:3, Licht: 0","179316","3","6","0","09","15","5","","0","1","1","0","0"
"POINT (8.544093173000020 52.045380604999998)","Unfall 179339 (2022) Kat:3, Licht: 0","179339","3","3","5","09","19","1","","0","1","1","0","0"
"POINT (8.513012618000060 52.022164338000003)","Unfall 179399 (2022) Kat:3, Licht: 0","179399","3","1","0","09","12","7","","0","0","0","0","1"
"POINT (8.600479217000039 51.956269609000103)","Unfall 179403 (2022) Kat:3, Licht: 0","179403","3","5","1","09","17","6","","0","0","1","0","0"
"POINT (8.525267463000031 52.049964230000100)","Unfall 179527 (2022) Kat:3, Licht: 0","179527","3","4","6","08","15","4","","0","0","1","1","0"
"POINT (8.529152450000030 52.022706563000000)","Unfall 179812 (2022) Kat:3, Licht: 2","179812","3","2","5","09","21","5","","2","1","1","0","0"
"POINT (8.531015949000050 52.017658554000000)","Unfall 179824 (2022) Kat:3, Licht: 1","179824","3","3","5","09","19","6","","1","1","1","0","0"
"POINT (8.538562818000059 52.024945314000000)","Unfall 179922 (2022) Kat:3, Licht: 0","179922","3","3","6","09","08","7","","0","1","0","1","0"
"POINT (8.521720687000030 52.037264147000002)","Unfall 180046 (2022) Kat:3, Licht: 0","180046","3","6","0","08","15","2","","0","1","1","0","0"
"POINT (8.551199295000060 52.020595091000096)","Unfall 180086 (2022) Kat:3, Licht: 0","180086","3","3","5","09","14","2","","0","0","1","0","0"
"POINT (8.541498166000050 52.039786256000099)","Unfall 180087 (2022) Kat:3, Licht: 0","180087","3","3","5","09","19","6","","0","0","1","0","0"
"POINT (8.511885970000041 52.074082012000098)","Unfall 180100 (2022) Kat:3, Licht: 0","180100","3","6","4","10","13","2","","0","1","1","0","0"
"POINT (8.522317730000051 52.013181193999998)","Unfall 180236 (2022) Kat:3, Licht: 0","180236","3","5","0","09","12","6","","0","1","1","0","0"
"POINT (8.533183952000060 52.034373756000001)","Unfall 180303 (2022) Kat:3, Licht: 0","180303","3","4","6","09","14","3","","0","0","1","1","0"
"POINT (8.539726458000080 52.029925591000101)","Unfall 180345 (2022) Kat:2, Licht: 2","180345","2","3","5","10","19","7","","2","0","1","0","0"
"POINT (8.554770087000071 52.010412270000103)","Unfall 180354 (2022) Kat:3, Licht: 0","180354","3","3","5","09","13","3","","0","1","1","0","0"
"POINT (8.570487689000061 52.024151120000099)","Unfall 180564 (2022) Kat:2, Licht: 0","180564","2","4","6","09","14","3","","0","0","1","1","0"
"POINT (8.592378763000060 51.992146290999997)","Unfall 180626 (2022) Kat:3, Licht: 0","180626","3","3","0","10","11","7","","0","0","1","0","0"
"POINT (8.607384942000071 52.012908331000098)","Unfall 180633 (2022) Kat:3, Licht: 1","180633","3","3","0","09","19","4","","1","0","1","0","1"
"POINT (8.530264285000040 52.026406205999997)","Unfall 180886 (2022) Kat:3, Licht: 2","180886","3","7","6","10","22","7","","2","0","1","1","0"
"POINT (8.516973303000039 52.023799666999999)","Unfall 180939 (2022) Kat:2, Licht: 0","180939","2","1","5","09","14","6","","0","1","1","0","0"
"POINT (8.535564234000050 52.026955655999998)","Unfall 181079 (2022) Kat:3, Licht: 0","181079","3","6","1","09","11","6","","0","0","1","0","0"