WKT,Name,OBJECTID,UKATEGORIE,UTYP1,UART,UMONAT,USTUNDE,UWOCHENTAG,STRZUSTAND,ULICHTVERH,ISTRAD,ISTPKW,ISTFUSS,ISTKRAD
"POINT (8.510236885000040 52.005453793000100)","Unfall 181121 (2022) Kat:2, Licht: 0","181121","2","4","6","09","14","3","","0","0","1","1","0"
"POINT (8.531601075000030 52.027334295000102)","Unfall 181215 (2022) Kat:3, Licht: 2","181215","3","2","5","10","19","4","","2","1","1","0","0"
"POINT (8.508091738000079 52.048154827000097)","Unfall 181227 (2022) Kat:3, Licht: 0","181227","3","2","4","10","10","4","","0","1","1","0","0"
"POINT (8.499345712000039 51.987071085000103)","Unfall 181233 (2022) Kat:3, Licht: 0","181233","3","5","1","10","15","5","","0","1","1","0","0"
"POINT (8.537943945000050 52.033103229000098)","Unfall 181249 (2022) Kat:2, Licht: 2","181249","2","1","0","10","19","2","","2","1","0","0","0"
"POINT (8.517458634000040 51.998790526000100)","Unfall 181362 (2022) Kat:3, Licht: 2","181362","3","7","0","10","07","3","","2","0","1","0","1"
"POINT (8.607269954000060 52.028575998000100)","Unfall 181397 (2022) Kat:3, Licht: 0","181397","3","2","0","10","18","3","","0","0","1","0","0"
"POINT (8.504378811000040 52.044215236000099)","Unfall 181452 (2022) Kat:3, Licht: 0","181452","3","3","0","10","09","2","","0","1","1","0","0"
"POINT (8.516882440000071 52.009539857999997)","Unfall 181533 (2022) Kat:3, Licht: 0","181533","3","2","5","10","11","7","","0","1","1","0","0"
"POINT (8.568001612000050 52.009092136000000)","Unfall 181536 (2022) Kat:3, Licht: 1","181536","3","7","6","10","07","3","","1","0","1","1","0"
"POINT (8.509840444000080 52.005506152000102)","Unfall 181553 (2022) Kat:3, Licht: 0","181553","3","2","5","10","13","2","","0","1","0","0","0"
"POINT (8.599373378000051 51.928219732000102)","Unfall 181560 (2022) Kat:3, Licht: 0","181560","3","2","5","10","17","5","","0","1","1","0","0"
"POINT (8.554859630000070 52.059472972000002)","Unfall 181619 (2022) Kat:3, Licht: 0","181619","3","4","6","10","17","3","","0","0","1","1","0"
"POINT (8.539737627000020 52.023243747999999)","Unfall 181673 (2022) Kat:3, Licht: 2","181673","3","7","6","10","20","5","","2","1","0","1","0"
"POINT (8.547632344000020 52.052839821000099)","Unfall 181723 (2022) Kat:3, Licht: 0","181723","3","2","5","10","15","3","","0","1","1","0","0"
"POINT (8.583151850000039 52.005808244999997)","Unfall 181730 (2022) Kat:3, Licht: 0","181730","3","1","0","10","18","6","","0","0","0","0","1"
"POINT (8.531601075000030 52.027334295000102)","Unfall 181799 (2022) Kat:3, Licht: 2","181799","3","2","6","10","18","7","","2","0","1","1","0"
"POINT (8.516674781000059 52.009412163000000)","Unfall 181818 (2022) Kat:3, Licht: 0","181818","3","6","0","10","08","4","","0","1","0","0","0"
"POINT (8.534579377000060 52.019912349999998)","Unfall 181851 (2022) Kat:3, Licht: 0","181851","3","5","1","10","11","2","","0","1","1","0","0"
"POINT (8.516084748000029 51.987037080000100)","Unfall 181873 (2022) Kat:3, Licht: 0","181873","3","6","0","10","11","2","","0","0","1","0","0"
"POINT (8.512371598000071 51.989472249000102)","Unfall 181896 (2022) Kat:3, Licht: 2","181896","3","1","0","10","18","1","","2","0","0","0","1"
"POINT (8.589047463000041 51.958995462000097)","Unfall 181912 (2022) Kat:3, Licht: 0","181912","3","2","5","10","18","5","","0","1","1","0","0"
"POINT (8.566533053000059 52.017876041000100)","Unfall 182043 (2022) Kat:3, Licht: 0","182043","3","6","2","10","12","5","","0","0","1","0","0"
"POINT (8.491981053000069 51.986276444000097)","Unfall 182062 (2022) Kat:3, Licht: 2","182062","3","1","0","10","00","2","","2","1","0","0","0"
"POINT (8.519421954000050 51.981844131999999)","Unfall 182115 (2022) Kat:3, Licht: 0","182115","3","6","2","10","17","5","","0","0","1","0","0"
"POINT (8.608313141000050 52.006289899000102)","Unfall 182138 (2022) Kat:3, Licht: 0","182138","3","3","5","10","08","6","","0","0","0","0","0"
"POINT (8.578767067000060 51.949389988000100)","Unfall 182143 (2022) Kat:3, Licht: 0","182143","3","3","5","10","12","1","","0","1","1","0","0"
"POINT (8.549382107000040 51.967546067000100)","Unfall 182162 (2022) Kat:3, Licht: 0","182162","3","1","1","11","07","5","","0","1","1","0","0"
"POINT (8.538898896000029 52.018120080000102)","Unfall 182215 (2022) Kat:3, Licht: 2","182215","3","5","1","10","19","1","","2","0","1","0","1"
"POINT (8.496260562000030 51.987519353000003)","Unfall 182217 (2022) Kat:3, Licht: 0","182217","3","3","5","10","13","6","","0","1","1","0","0"
"POINT (8.529115011000041 52.022943677000100)","Unfall 182227 (2022) Kat:3, Licht: 0","182227","3","2","4","10","12","2","","0","1","1","0","0"
"POINT (8.596620183000031 52.015147992999999)","Unfall 182290 (2022) Kat:3, Licht: 0","182290","3","2","4","10","16","2","","0","1","1","0","0"
"POINT (8.529115011000041 52.022943677000100)","Unfall 182336 (2022) Kat:2, Licht: 2","182336","2","2","5","11","18","5","","2","1","1","0","0"
"POINT (8.496977225000020 51.992612424000100)","Unfall 182464 (2022) Kat:3, Licht: 0","182464","3","3","5","11","12","4","","0","0","1","0","0"
"POINT (8.533890682000051 52.023603850000001)","Unfall 182498 (2022) Kat:3, Licht: 2","182498","3","3","5","10","21","5","","2","0","1","0","0"
"POINT (8.521503389000030 52.012785153000003)","Unfall 182610 (2022) Kat:2, Licht: 1","182610","2","6","0","10","17","1","","1","0","1","0","0"
"POINT (8.515232033000069 52.008536537000097)","Unfall 182642 (2022) Kat:3, Licht: 2","182642","3","6","1","11","18","5","","2","0","1","0","0"
"POINT (8.613297455000071 52.031755627999999)","Unfall 182660 (2022) Kat:3, Licht: 0","182660","3","1","4","10","09","1","","0","1","1","0","0"
"POINT (8.534958580000019 52.026128122999999)","Unfall 182707 (2022) Kat:3, Licht: 0","182707","3","6","2","10","14","2","","0","0","1","0","0"
"POINT (8.526277203000060 52.012405193000099)","Unfall 182881 (2022) Kat:2, Licht: 1","182881","2","4","6","11","16","4","","1","0","1","1","0"
"POINT (8.597351175000030 52.029488082000100)","Unfall 182919 (2022) Kat:3, Licht: 0","182919","3","6","7","10","13","5","","0","1","0","1","0"
"POINT (8.521040558000040 52.012752720999998)","Unfall 182962 (2022) Kat:3, Licht: 0","182962","3","2","4","10","15","4","","0","0","1","0","0"
"POINT (8.477843725000071 52.001500135000100)","Unfall 183064 (2022) Kat:3, Licht: 0","183064","3","3","0","10","17","3","","0","1","0","1","0"
"POINT (8.597547211000061 51.954440411000100)","Unfall 183067 (2022) Kat:3, Licht: 0","183067","3","7","8","11","08","3","","0","1","1","0","0"
"POINT (8.536071331000070 52.024759142999997)","Unfall 183105 (2022) Kat:3, Licht: 0","183105","3","7","0","11","11","2","","0","0","0","0","1"
"POINT (8.537880328000030 52.033599559999999)","Unfall 183173 (2022) Kat:3, Licht: 0","183173","3","3","0","11","09","4","","0","1","0","0","0"
"POINT (8.599606501000039 52.010365163000102)","Unfall 183312 (2022) Kat:3, Licht: 1","183312","3","2","6","11","15","2","","1","0","1","1","0"
"POINT (8.541185012000030 52.022651764000003)","Unfall 183371 (2022) Kat:3, Licht: 2","183371","3","5","1","11","17","7","","2","0","1","0","1"
"POINT (8.531540672000061 52.043066224000000)","Unfall 183393 (2022) Kat:3, Licht: 0","183393","3","2","0","11","16","5","","0","1","1","0","0"
"POINT (8.554524033000060 51.959063260999997)","Unfall 183413 (2022) Kat:2, Licht: 0","183413","2","1","8","12","14","6","","0","0","1","0","0"
"POINT (8.501542755000060 52.047260059999999)","Unfall 183435 (2022) Kat:2, Licht: 0","183435","2","3","5","11","10","3","","0","1","1","0","0"
"POINT (8.525722787000060 52.054820845999998)","Unfall 183483 (2022) Kat:3, Licht: 1","183483","3","3","0","11","07","6","","1","1","1","0","0"
"POINT (8.583151850000039 52.005808244999997)","Unfall 183531 (2022) Kat:2, Licht: 0","183531","2","1","0","11","08","2","","0","1","0","0","0"
"POINT (8.530676424000029 52.005300681000101)","Unfall 183566 (2022) Kat:3, Licht: 1","183566","3","4","6","11","16","7","","1","0","1","1","0"
"POINT (8.540821306000050 52.022880374000103)","Unfall 183747 (2022) Kat:2, Licht: 0","183747","2","1","0","11","13","4","","0","0","0","0","0"
"POINT (8.517846756000040 51.980936099000097)","Unfall 183758 (2022) Kat:3, Licht: 1","183758","3","3","0","11","07","4","","1","0","1","0","1"
"POINT (8.528073682000070 52.033347659000100)","Unfall 183785 (2022) Kat:3, Licht: 2","183785","3","1","8","11","01","7","","2","0","1","0","0"
"POINT (8.501198433000070 52.035984419000002)","Unfall 183791 (2022) Kat:3, Licht: 2","183791","3","6","1","11","17","4","","2","0","1","0","0"
"POINT (8.575845450000029 52.022754839000100)","Unfall 183868 (2022) Kat:3, Licht: 0","183868","3","3","5","11","13","3","","0","0","1","0","0"
"POINT (8.531601075000030 52.027334295000102)","Unfall 183898 (2022) Kat:3, Licht: 0","183898","3","2","4","11","15","7","","0","1","1","0","0"
"POINT (8.536713691000051 52.017304473000102)","Unfall 183921 (2022) Kat:3, Licht: 2","183921","3","3","5","11","17","5","","2","1","1","0","0"
"POINT (8.604460493000030 52.031597316000003)","Unfall 183934 (2022) Kat:3, Licht: 0","183934","3","3","5","11","13","3","","0","1","1","0","0"
"POINT (8.537943945000050 52.033103229000098)","Unfall 183958 (2022) Kat:3, Licht: 0","183958","3","2","5","11","14","3","","0","1","1","0","0"
"POINT (8.522708756000039 52.031364324999998)","Unfall 184037 (2022) Kat:3, Licht: 2","184037","3","2","4","11","18","2","","2","1","1","0","0"
"POINT (8.529869431000069 52.021989525999999)","Unfall 184074 (2022) Kat:3, Licht: 1","184074","3","2","6","11","16","7","","1","0","1","1","0"
"POINT (8.509334178000071 52.035828556000098)","Unfall 184100 (2022) Kat:3, Licht: 0","184100","3","3","5","12","10","7","","0","0","1","0","0"
"POINT (8.592452213000060 51.937799675000100)","Unfall 184227 (2022) Kat:3, Licht: 0","184227","3","6","2","11","14","2","","0","0","1","0","0"
"POINT (8.535089054000030 52.025885766999998)","Unfall 184310 (2022) Kat:3, Licht: 2","184310","3","4","6","12","18","4","","2","0","0","1","0"
"POINT (8.588668069000050 51.947243471000000)","Unfall 184362 (2022) Kat:3, Licht: 2","184362","3","3","5","12","20","5","","2","1","1","0","0"
"POINT (8.521350394000020 52.007987909000100)","Unfall 184379 (2022) Kat:3, Licht: 2","184379","3","3","0","12","07","4","","2","1","1","0","0"
"POINT (8.516417584000070 51.986412211000101)","Unfall 184383 (2022) Kat:3, Licht: 0","184383","3","2","6","12","11","4","","0","0","1","1","0"
"POINT (8.518306205000041 51.963987275000100)","Unfall 184395 (2022) Kat:3, Licht: 2","184395","3","1","1","12","05","2","","2","0","1","0","0"
"POINT (8.526440367000021 52.026527943000097)","Unfall 184463 (2022) Kat:3, Licht: 2","184463","3","1","0","12","02","1","","2","0","0","0","0"
"POINT (8.536713691000051 52.017304473000102)","Unfall 184466 (2022) Kat:2, Licht: 0","184466","2","3","5","12","13","5","","0","1","1","0","0"
"POINT (8.558752699000021 52.025773227999998)","Unfall 184494 (2022) Kat:3, Licht: 0","184494","3","6","2","12","14","1","","0","0","1","0","0"
"POINT (8.588979555000041 52.004145187000098)","Unfall 184546 (2022) Kat:2, Licht: 2","184546","2","4","6","12","21","7","","2","0","1","1","0"
"POINT (8.555726499000061 52.024525638999997)","Unfall 184617 (2022) Kat:2, Licht: 0","184617","2","3","5","12","13","6","","0","1","0","0","1"
"POINT (8.432532345000030 52.044319775000098)","Unfall 184619 (2022) Kat:3, Licht: 0","184619","3","7","0","12","12","4","","0","1","0","1","0"
"POINT (8.589136345000041 52.015517414999998)","Unfall 184704 (2022) Kat:3, Licht: 0","184704","3","7","2","12","11","1","","0","0","1","0","0"
"POINT (8.575636641000070 51.987481035000002)","Unfall 184765 (2022) Kat:3, Licht: 1","184765","3","1","9","12","16","6","","1","0","1","0","0"
"POINT (8.496171580000070 52.047504197000102)","Unfall 184860 (2022) Kat:3, Licht: 0","184860","3","2","4","12","09","5","","0","1","1","0","0"
"POINT (8.529336912000080 52.023039931000000)","Unfall 184898 (2022) Kat:3, Licht: 2","184898","3","3","5","12","21","5","","2","1","1","0","0"
"POINT (8.614120941000071 52.026029389000001)","Unfall 184947 (2022) Kat:3, Licht: 1","184947","3","2","6","12","16","7","","1","0","1","1","0"
"POINT (8.626652136000081 52.002072339000101)","Unfall 185010 (2022) Kat:3, Licht: 2","185010","3","7","2","12","18","3","","2","0","1","0","0"
"POINT (8.566567330000050 52.021599901999998)","Unfall 185045 (2022) Kat:3, Licht: 0","185045","3","6","2","12","15","6","","0","0","1","0","0"
"POINT (8.576306957000041 52.036383752000098)","Unfall 185060 (2022) Kat:3, Licht: 0","185060","3","5","0","12","12","2","","0","1","1","0","0"
"POINT (8.537070267000050 52.029066755000002)","Unfall 185217 (2022) Kat:3, Licht: 2","185217","3","7","5","12","22","7","","2","0","1","0","0"
"POINT (8.538693594000049 52.036010521000001)","Unfall 185254 (2022) Kat:3, Licht: 2","185254","3","4","6","12","17","3","","2","0","1","1","0"
"POINT (8.465783198000054 51.971432735000064)","Unfall 22342 (2023) Kat:3, Licht: 2","22342","3","6","2","01","17","3","","2","0","1","0","0"
"POINT (8.529088006000052 52.041947938000078)","Unfall 22343 (2023) Kat:3, Licht: 0","22343","3","3","5","01","10","3","","0","0","1","0","0"
"POINT (8.528267413000037 52.030374051000081)","Unfall 22432 (2023) Kat:3, Licht: 2","22432","3","7","0","01","16","1","","2","1","0","0","0"
"POINT (8.527071672000034 52.021244654000043)","Unfall 23165 (2023) Kat:2, Licht: 0","23165","2","3","5","01","13","3","","0","0","1","0","0"
"POINT (8.490727351000032 51.980248108000069)","Unfall 24042 (2023) Kat:3, Licht: 2","24042","3","6","1","01","17","2","","2","0","1","0","0"
"POINT (8.524686813000073 52.017419491000055)","Unfall 24647 (2023) Kat:3, Licht: 0","24647","3","7","1","01","11","2","","0","0","1","0","0"
"POINT (8.623631055000033 52.055461735000051)","Unfall 25586 (2023) Kat:3, Licht: 2","25586","3","1","6","01","07","3","","2","0","1","1","0"
"POINT (8.605380658000058 52.040813823000065)","Unfall 25697 (2023) Kat:3, Licht: 2","25697","3","6","3","01","19","2","","2","0","1","0","0"
"POINT (8.581495832000030 51.945043864000070)","Unfall 25762 (2023) Kat:3, Licht: 0","25762","3","6","2","01","14","1","","0","0","1","0","0"
"POINT (8.607444381000050 51.993122738000068)","Unfall 25763 (2023) Kat:3, Licht: 0","25763","3","3","5","01","12","1","","0","1","1","0","0"
"POINT (8.554990641000074 52.071173311000052)","Unfall 25825 (2023) Kat:2, Licht: 2","25825","2","2","4","01","17","7","","2","0","1","0","0"
"POINT (8.626336061000075 52.007302024000069)","Unfall 25935 (2023) Kat:3, Licht: 0","25935","3","6","2","01","08","6","","0","0","1","0","0"
"POINT (8.515901394000025 52.017004379000070)","Unfall 25936 (2023) Kat:2, Licht: 2","25936","2","2","4","01","18","6","","2","0","1","0","0"
"POINT (8.554333255000074 52.035825212000077)","Unfall 26070 (2023) Kat:3, Licht: 2","26070","3","1","8","01","07","5","","2","1","0","0","0"
"POINT (8.552895978000038 51.921356085000070)","Unfall 26079 (2023) Kat:3, Licht: 2","26079","3","1","6","01","17","7","","2","0","1","1","0"
"POINT (8.519914914000026 51.963967551000053)","Unfall 26196 (2023) Kat:3, Licht: 2","26196","3","3","5","01","17","4","","2","1","1","0","0"
"POINT (8.572214987000052 51.953374732000043)","Unfall 26333 (2023) Kat:3, Licht: 2","26333","3","6","2","01","18","3","","2","0","1","0","0"
"POINT (8.574654185000043 51.951400118000038)","Unfall 26334 (2023) Kat:3, Licht: 1","26334","3","7","3","01","07","3","","1","0","1","0","0"
"POINT (8.574654185000043 51.951400118000038)","Unfall 26335 (2023) Kat:3, Licht: 0","26335","3","2","3","01","12","3","","0","1","1","0","0"
"POINT (8.598517537000021 52.012385146000042)","Unfall 26428 (2023) Kat:3, Licht: 2","26428","3","7","0","01","16","2","","2","1","0","0","0"
"POINT (8.521129416000065 51.943720596000048)","Unfall 26559 (2023) Kat:2, Licht: 0","26559","2","6","3","01","13","7","","0","0","1","0","0"
"POINT (8.619372038000051 52.013495287000069)","Unfall 26561 (2023) Kat:3, Licht: 2","26561","3","6","2","01","18","7","","2","0","1","0","0"
"POINT (8.543829619000064 52.040682344000061)","Unfall 26614 (2023) Kat:3, Licht: 2","26614","3","2","6","01","07","5","","2","0","1","1","0"
"POINT (8.478041099000052 51.972781534000035)","Unfall 26637 (2023) Kat:3, Licht: 0","26637","3","1","0","01","12","6","","0","0","0","0","1"
"POINT (8.489658189000068 51.980292268000028)","Unfall 26638 (2023) Kat:3, Licht: 2","26638","3","6","2","01","19","6","","2","0","1","0","0"
"POINT (8.633530238000048 52.018088311000042)","Unfall 26719 (2023) Kat:3, Licht: 0","26719","3","1","9","01","13","5","","0","0","1","0","0"
"POINT (8.597990260000074 52.039652296000042)","Unfall 26720 (2023) Kat:3, Licht: 0","26720","3","3","4","01","11","5","","0","0","1","0","0"
"POINT (8.613314645000059 52.056578429000069)","Unfall 26721 (2023) Kat:2, Licht: 0","26721","2","1","9","01","15","5","","0","0","0","0","1"
"POINT (8.533910646000038 51.991878704000044)","Unfall 26843 (2023) Kat:2, Licht: 2","26843","2","6","4","02","20","2","","2","0","1","0","0"
"POINT (8.559845355000050 52.033916624000028)","Unfall 26882 (2023) Kat:2, Licht: 2","26882","2","1","0","02","03","1","","2","1","0","0","0"
"POINT (8.552995659000032 52.022698037000055)","Unfall 27183 (2023) Kat:3, Licht: 1","27183","3","4","6","02","07","4","","1","0","1","1","0"
"POINT (8.527067516000045 52.017171018000056)","Unfall 27254 (2023) Kat:3, Licht: 2","27254","3","1","0","01","03","3","","2","1","0","0","0"
"POINT (8.543610489000059 52.030958724000072)","Unfall 27255 (2023) Kat:3, Licht: 2","27255","3","6","2","01","21","3","","2","0","1","0","0"
"POINT (8.553013274000023 52.025191968000058)","Unfall 27256 (2023) Kat:2, Licht: 0","27256","2","3","5","01","13","3","","0","0","1","0","0"
"POINT (8.597963869000068 52.039644598000052)","Unfall 27257 (2023) Kat:3, Licht: 2","27257","3","2","6","01","17","3","","2","0","1","1","0"
"POINT (8.605266601000039 52.040798202000076)","Unfall 27354 (2023) Kat:3, Licht: 0","27354","3","2","4","01","16","2","","0","0","1","0","0"
"POINT (8.580736512000044 52.038690147000068)","Unfall 27355 (2023) Kat:3, Licht: 0","27355","3","6","3","01","13","2","","0","0","1","0","0"
"POINT (8.461605623000025 52.000382817000059)","Unfall 27400 (2023) Kat:3, Licht: 1","27400","3","1","8","01","07","1","","1","0","1","0","0"
"POINT (8.574199689000068 51.951567839000063)","Unfall 27401 (2023) Kat:3, Licht: 0","27401","3","6","2","01","14","1","","0","0","1","0","0"
"POINT (8.605606945000034 52.032779483000070)","Unfall 27512 (2023) Kat:3, Licht: 1","27512","3","4","6","01","17","6","","1","1","0","1","0"
"POINT (8.635483613000076 52.010826852000037)","Unfall 27691 (2023) Kat:3, Licht: 0","27691","3","1","8","01","12","4","","0","0","1","0","0"
"POINT (8.509195158000068 51.976449296000055)","Unfall 27858 (2023) Kat:3, Licht: 0","27858","3","2","5","01","08","2","","0","0","1","0","0"
"POINT (8.524301915000024 52.023584251000045)","Unfall 27859 (2023) Kat:3, Licht: 0","27859","3","1","0","01","11","2","","0","0","1","0","0"
"POINT (8.603428166000072 52.028669938000064)","Unfall 27951 (2023) Kat:2, Licht: 2","27951","2","7","8","01","01","7","","2","0","1","0","0"
"POINT (8.512717118000069 51.959206529000028)","Unfall 28056 (2023) Kat:3, Licht: 2","28056","3","3","5","01","06","6","","2","1","1","0","0"
"POINT (8.587915608000060 51.997644110000067)","Unfall 28338 (2023) Kat:3, Licht: 2","28338","3","1","2","01","18","4","","2","0","1","0","0"
"POINT (8.562704920000044 52.034472584000071)","Unfall 28340 (2023) Kat:3, Licht: 0","28340","3","3","0","01","15","4","","0","1","0","0","0"
"POINT (8.463162086000068 51.969556112000078)","Unfall 28494 (2023) Kat:3, Licht: 2","28494","3","3","5","03","19","3","","2","0","1","0","0"
"POINT (8.635427346000029 52.048232279000047)","Unfall 28495 (2023) Kat:3, Licht: 0","28495","3","2","4","03","15","3","","0","0","1","0","0"
"POINT (8.554379091000044 52.028979564000053)","Unfall 28555 (2023) Kat:3, Licht: 0","28555","3","6","2","03","16","2","","0","0","1","0","0"
"POINT (8.538122837000060 52.048720043000060)","Unfall 28556 (2023) Kat:3, Licht: 0","28556","3","3","5","03","13","2","","0","0","1","0","0"
"POINT (8.602371764000054 52.040469236000035)","Unfall 28557 (2023) Kat:3, Licht: 1","28557","3","3","5","03","17","2","","1","1","1","0","0"
"POINT (8.607724890000043 52.069283210000037)","Unfall 28627 (2023) Kat:3, Licht: 0","28627","3","4","6","03","14","7","","0","0","1","1","0"
"POINT (8.600955533000047 52.058743398000047)","Unfall 28628 (2023) Kat:3, Licht: 0","28628","3","6","2","03","12","7","","0","0","1","0","0"
"POINT (8.529854061000037 52.028654845000062)","Unfall 28629 (2023) Kat:3, Licht: 0","28629","3","6","2","03","14","7","","0","0","1","0","0"
"POINT (8.558735451000075 52.003328735000082)","Unfall 28689 (2023) Kat:3, Licht: 0","28689","3","3","5","03","07","6","","0","0","1","0","1"
"POINT (8.555267028000060 52.022164294000049)","Unfall 28690 (2023) Kat:3, Licht: 0","28690","3","2","0","03","13","6","","0","1","1","0","0"
"POINT (8.539902729000062 52.081879327000081)","Unfall 28691 (2023) Kat:2, Licht: 0","28691","2","1","9","03","12","6","","0","0","1","0","0"
"POINT (8.592604996000034 51.996425092000038)","Unfall 28777 (2023) Kat:2, Licht: 0","28777","2","6","2","03","08","5","","0","0","1","0","0"
"POINT (8.583235186000024 51.961309243000073)","Unfall 28852 (2023) Kat:3, Licht: 2","28852","3","7","7","03","18","4","","2","0","1","0","1"
"POINT (8.467424208000068 52.078584037000041)","Unfall 28938 (2023) Kat:3, Licht: 0","28938","3","6","2","02","16","3","","0","0","1","0","0"
"POINT (8.619318259000067 52.013423995000039)","Unfall 29018 (2023) Kat:3, Licht: 1","29018","3","6","1","02","17","2","","1","0","1","0","0"
"POINT (8.521655901000031 52.096628580000072)","Unfall 29058 (2023) Kat:3, Licht: 0","29058","3","6","0","02","14","1","","0","0","0","0","1"
"POINT (8.543634074000067 52.030695953000077)","Unfall 29113 (2023) Kat:2, Licht: 2","29113","2","3","5","02","19","7","","2","0","1","0","0"
"POINT (8.558109933000026 52.055810823000058)","Unfall 29206 (2023) Kat:3, Licht: 0","29206","3","4","6","02","15","6","","0","0","1","1","0"
"POINT (8.585719802000028 52.049322465000046)","Unfall 29207 (2023) Kat:3, Licht: 0","29207","3","2","5","02","07","6","","0","1","1","0","0"
"POINT (8.602602051000076 52.026479520000066)","Unfall 29297 (2023) Kat:3, Licht: 0","29297","3","4","6","02","15","5","","0","0","1","1","0"
"POINT (8.468402596000033 51.992865029000029)","Unfall 29372 (2023) Kat:3, Licht: 1","29372","3","3","5","02","18","4","","1","0","1","0","0"
"POINT (8.551456730000041 51.995536501000061)","Unfall 29444 (2023) Kat:3, Licht: 0","29444","3","6","2","02","08","3","","0","0","1","0","0"
"POINT (8.542385386000035 52.008885063000037)","Unfall 29453 (2023) Kat:3, Licht: 0","29453","3","6","2","02","15","3","","0","0","1","0","0"
"POINT (8.545807915000069 52.044372090000081)","Unfall 29454 (2023) Kat:3, Licht: 0","29454","3","3","5","02","11","3","","0","0","1","0","0"
"POINT (8.608995061000030 51.931780813000046)","Unfall 29511 (2023) Kat:3, Licht: 0","29511","3","3","5","02","16","2","","0","0","1","0","0"
"POINT (8.619366463000063 52.013488643000073)","Unfall 29512 (2023) Kat:3, Licht: 1","29512","3","6","2","02","16","2","","1","0","1","0","0"
"POINT (8.529853656000057 52.027912792000052)","Unfall 29554 (2023) Kat:3, Licht: 2","29554","3","2","5","02","01","1","","2","1","1","0","0"
"POINT (8.569432517000052 51.955677387000037)","Unfall 29622 (2023) Kat:2, Licht: 2","29622","2","2","6","02","18","7","","2","0","1","1","0"
"POINT (8.551808906000076 52.032820080000079)","Unfall 29699 (2023) Kat:3, Licht: 0","29699","3","2","2","02","12","6","","0","0","1","0","0"
"POINT (8.576750663000041 52.051753706000056)","Unfall 29889 (2023) Kat:3, Licht: 0","29889","3","1","4","02","15","7","","0","0","1","0","0"
"POINT (8.539170829000057 52.049579734000076)","Unfall 29907 (2023) Kat:3, Licht: 0","29907","3","2","5","02","12","4","","0","1","1","0","0"
"POINT (8.590494890000059 52.052035521000050)","Unfall 30049 (2023) Kat:3, Licht: 0","30049","3","6","1","02","14","3","","0","0","1","0","0"
"POINT (8.525714345000040 52.018271681000044)","Unfall 30160 (2023) Kat:3, Licht: 2","30160","3","6","1","02","21","2","","2","0","1","0","0"
"POINT (8.552692178000029 52.023987998000052)","Unfall 30300 (2023) Kat:2, Licht: 2","30300","2","2","4","02","20","7","","2","0","1","0","0"
"POINT (8.566198097000040 52.054739521000045)","Unfall 30301 (2023) Kat:3, Licht: 2","30301","3","6","2","02","06","7","","2","0","1","0","0"
"POINT (8.549722422000059 52.021788600000036)","Unfall 30307 (2023) Kat:3, Licht: 0","30307","3","2","5","03","14","6","","0","1","1","0","0"
"POINT (8.627994431000047 52.043890768000040)","Unfall 30435 (2023) Kat:3, Licht: 0","30435","3","3","5","03","13","4","","0","1","1","0","0"
"POINT (8.540129704000037 51.937207712000031)","Unfall 30436 (2023) Kat:2, Licht: 1","30436","2","3","5","02","17","6","","1","0","1","0","0"
"POINT (8.627155413000025 51.987238166000054)","Unfall 30440 (2023) Kat:3, Licht: 2","30440","3","5","0","02","02","1","","2","0","1","0","0"
"POINT (8.560036908000029 52.037102045000040)","Unfall 30529 (2023) Kat:3, Licht: 0","30529","3","1","9","02","08","5","","0","0","1","0","0"
"POINT (8.529942552000023 52.027978888000064)","Unfall 30530 (2023) Kat:3, Licht: 2","30530","3","4","6","02","18","5","","2","0","1","1","0"
"POINT (8.612426546000052 52.038631881000072)","Unfall 30757 (2023) Kat:3, Licht: 2","30757","3","6","2","02","18","3","","2","0","1","0","0"
"POINT (8.602717975000076 52.026699290000067)","Unfall 30760 (2023) Kat:2, Licht: 2","30760","2","4","6","02","19","3","","2","0","0","1","1"
"POINT (8.533388587000047 52.098355057000049)","Unfall 30761 (2023) Kat:3, Licht: 2","30761","3","2","2","02","18","3","","2","0","1","0","0"
"POINT (8.526955422000071 52.022580113000060)","Unfall 30954 (2023) Kat:3, Licht: 2","30954","3","1","7","03","19","1","","2","1","0","0","0"
"POINT (8.417506235000076 51.963065514000050)","Unfall 31039 (2023) Kat:3, Licht: 2","31039","3","1","0","03","21","7","","2","0","1","0","0"
"POINT (8.574889339000038 52.027951725000037)","Unfall 31121 (2023) Kat:3, Licht: 2","31121","3","2","5","03","21","6","","2","1","1","0","0"
"POINT (8.559285854000052 52.013143299000035)","Unfall 31122 (2023) Kat:3, Licht: 2","31122","3","7","5","03","18","6","","2","1","1","0","0"
"POINT (8.463162086000068 51.969556112000078)","Unfall 31205 (2023) Kat:3, Licht: 0","31205","3","6","1","03","16","5","","0","0","1","0","0"