WKT,Name,OBJECTID,UKATEGORIE,UTYP1,UART,UMONAT,USTUNDE,UWOCHENTAG,STRZUSTAND,ULICHTVERH,ISTRAD,ISTPKW,ISTFUSS,ISTKRAD
"POINT (8.525026944000047 52.017184256000064)","Unfall 31289 (2023) Kat:3, Licht: 0","31289","3","6","2","03","16","4","","0","0","1","0","0"
"POINT (8.553903983000055 52.005328463000069)","Unfall 31290 (2023) Kat:3, Licht: 0","31290","3","6","1","03","08","4","","0","0","1","0","0"
"POINT (8.550911104000022 52.050862195000036)","Unfall 31291 (2023) Kat:3, Licht: 2","31291","3","3","2","03","20","4","","2","1","1","0","0"
"POINT (8.622077853000064 52.030277504000026)","Unfall 31371 (2023) Kat:3, Licht: 2","31371","3","4","2","03","20","3","","2","0","1","1","0"
"POINT (8.557591672000058 52.004743824000059)","Unfall 31372 (2023) Kat:3, Licht: 0","31372","3","7","4","03","09","3","","0","0","1","0","0"
"POINT (8.551589655000043 52.057290948000059)","Unfall 31373 (2023) Kat:2, Licht: 0","31373","2","3","5","03","12","3","","0","1","1","0","0"
"POINT (8.611359959000026 51.992344994000064)","Unfall 31453 (2023) Kat:3, Licht: 0","31453","3","2","3","03","16","2","","0","1","1","0","0"
"POINT (8.514628092000066 52.097387549000075)","Unfall 31454 (2023) Kat:3, Licht: 2","31454","3","2","6","03","19","2","","2","0","1","1","0"
"POINT (8.543378435000022 52.035926780000068)","Unfall 31455 (2023) Kat:3, Licht: 0","31455","3","5","3","03","06","2","","0","1","1","0","0"
"POINT (8.597352454000031 52.011833254000067)","Unfall 31578 (2023) Kat:2, Licht: 2","31578","2","4","6","03","19","7","","2","0","1","1","0"
"POINT (8.565280846000064 51.958901911000055)","Unfall 31689 (2023) Kat:3, Licht: 1","31689","3","6","2","03","18","6","","1","0","1","0","0"
"POINT (8.568589015000043 51.984939069000063)","Unfall 31690 (2023) Kat:3, Licht: 0","31690","3","1","4","03","15","6","","0","0","1","0","0"
"POINT (8.552414921000036 52.037178215000040)","Unfall 31785 (2023) Kat:3, Licht: 1","31785","3","3","5","03","16","5","","1","1","1","0","0"
"POINT (8.523451924000028 52.077783491000048)","Unfall 31787 (2023) Kat:3, Licht: 1","31787","3","3","5","03","17","5","","1","0","1","0","0"
"POINT (8.558806617000073 51.964563781000038)","Unfall 31810 (2023) Kat:3, Licht: 0","31810","3","2","5","03","06","3","","0","0","1","0","0"
"POINT (8.497443275000023 51.981516675000080)","Unfall 32018 (2023) Kat:3, Licht: 2","32018","3","1","4","04","01","2","","2","0","1","0","0"
"POINT (8.431198928000072 51.945868613000073)","Unfall 32019 (2023) Kat:2, Licht: 2","32019","2","1","8","04","05","2","","2","0","1","0","0"
"POINT (8.468330200000025 51.992844699000045)","Unfall 32020 (2023) Kat:1, Licht: 0","32020","1","1","8","04","13","2","","0","0","0","0","0"
"POINT (8.553995660000055 52.027248027000041)","Unfall 32021 (2023) Kat:3, Licht: 0","32021","3","1","8","04","06","2","","0","0","0","0","0"
"POINT (8.612505403000057 52.068064130000039)","Unfall 32022 (2023) Kat:3, Licht: 2","32022","3","1","8","04","03","2","","2","0","1","0","0"
"POINT (8.595251276000056 52.031379555000058)","Unfall 32065 (2023) Kat:3, Licht: 0","32065","3","6","1","04","18","1","","0","0","1","0","0"
"POINT (8.457010620000062 51.965182708000043)","Unfall 32114 (2023) Kat:2, Licht: 0","32114","2","2","4","04","09","7","","0","0","1","0","0"
"POINT (8.592399328000056 52.038995137000029)","Unfall 32148 (2023) Kat:2, Licht: 0","32148","2","2","5","04","15","6","","0","0","1","0","0"
"POINT (8.579489041000045 51.976226550000035)","Unfall 32312 (2023) Kat:3, Licht: 0","32312","3","1","8","04","13","4","","0","0","0","0","1"
"POINT (8.524744072000033 52.018015550000030)","Unfall 32313 (2023) Kat:3, Licht: 0","32313","3","6","2","04","12","4","","0","0","1","0","0"
"POINT (8.550686881000047 52.076084780000031)","Unfall 32314 (2023) Kat:2, Licht: 0","32314","2","3","5","04","18","4","","0","0","1","0","0"
"POINT (8.613453880000066 51.991745301000037)","Unfall 32414 (2023) Kat:3, Licht: 0","32414","3","2","5","04","16","3","","0","1","1","0","0"
"POINT (8.522585902000060 52.045219312000029)","Unfall 32553 (2023) Kat:3, Licht: 0","32553","3","2","5","04","12","1","","0","0","1","0","0"
"POINT (8.529853656000057 52.027912792000052)","Unfall 32554 (2023) Kat:3, Licht: 0","32554","3","3","5","04","13","1","","0","0","1","0","0"
"POINT (8.524201700000049 52.017637947000026)","Unfall 32627 (2023) Kat:3, Licht: 0","32627","3","6","0","04","12","7","","0","1","1","0","0"
"POINT (8.529853656000057 52.027912792000052)","Unfall 32628 (2023) Kat:3, Licht: 0","32628","3","3","5","04","16","7","","0","0","1","0","0"
"POINT (8.530996727000058 52.043533299000046)","Unfall 32629 (2023) Kat:3, Licht: 0","32629","3","6","2","04","15","7","","0","0","1","0","0"
"POINT (8.546020861000045 52.021280703000059)","Unfall 32719 (2023) Kat:3, Licht: 0","32719","3","3","5","03","07","6","","0","1","1","0","0"
"POINT (8.537955402000023 52.098550621000072)","Unfall 32720 (2023) Kat:3, Licht: 0","32720","3","5","1","03","09","6","","0","0","0","0","0"
"POINT (8.545833810000033 52.079414726000039)","Unfall 32721 (2023) Kat:1, Licht: 2","32721","1","1","8","03","21","6","","2","0","1","0","0"
"POINT (8.568967961000055 51.956039813000075)","Unfall 32835 (2023) Kat:2, Licht: 0","32835","2","1","0","03","12","5","","0","0","0","0","1"
"POINT (8.551576598000054 52.054028597000070)","Unfall 32932 (2023) Kat:3, Licht: 0","32932","3","3","5","03","15","4","","0","0","1","0","0"
"POINT (8.510606652000035 52.029955693000034)","Unfall 33043 (2023) Kat:3, Licht: 0","33043","3","6","3","03","14","6","","0","0","1","0","0"
"POINT (8.520423072000028 52.026779119000082)","Unfall 33154 (2023) Kat:3, Licht: 0","33154","3","7","0","03","16","2","","0","1","0","0","0"
"POINT (8.597996689000070 51.995909712000071)","Unfall 33155 (2023) Kat:2, Licht: 0","33155","2","2","6","03","13","2","","0","0","1","1","0"
"POINT (8.585719802000028 52.049322465000046)","Unfall 33156 (2023) Kat:3, Licht: 1","33156","3","3","5","03","07","2","","1","1","1","0","0"
"POINT (8.580814145000033 52.073811183000032)","Unfall 33218 (2023) Kat:3, Licht: 1","33218","3","1","9","03","20","1","","1","0","1","0","0"
"POINT (8.510113970000020 51.985229232000052)","Unfall 33288 (2023) Kat:3, Licht: 0","33288","3","7","0","03","16","7","","0","0","1","0","0"
"POINT (8.548152121000044 52.025342356000067)","Unfall 33411 (2023) Kat:3, Licht: 0","33411","3","3","5","03","17","6","","0","0","1","0","0"
"POINT (8.552693013000066 52.023978483000064)","Unfall 33413 (2023) Kat:2, Licht: 0","33413","2","2","4","03","07","6","","0","0","1","0","1"
"POINT (8.557162293000033 52.022315208000066)","Unfall 33579 (2023) Kat:3, Licht: 0","33579","3","3","5","03","11","4","","0","0","1","0","0"
"POINT (8.585972825000056 52.038482478000049)","Unfall 33692 (2023) Kat:3, Licht: 0","33692","3","6","2","03","08","3","","0","0","1","0","0"
"POINT (8.503180659000066 51.962934151000070)","Unfall 33740 (2023) Kat:3, Licht: 0","33740","3","3","5","05","13","5","","0","1","1","0","0"
"POINT (8.585972825000056 52.038482478000049)","Unfall 33741 (2023) Kat:3, Licht: 0","33741","3","6","2","05","15","5","","0","0","1","0","0"
"POINT (8.547047754000062 52.032281628000078)","Unfall 33854 (2023) Kat:3, Licht: 0","33854","3","2","4","05","06","4","","0","1","1","0","0"
"POINT (8.525941990000035 52.017255525000053)","Unfall 33855 (2023) Kat:3, Licht: 0","33855","3","3","0","05","16","4","","0","1","1","0","0"
"POINT (8.543560392000074 52.055847494000034)","Unfall 33856 (2023) Kat:2, Licht: 0","33856","2","2","6","05","10","4","","0","0","0","1","0"
"POINT (8.556154354000057 52.033170324000082)","Unfall 33930 (2023) Kat:3, Licht: 0","33930","3","2","3","05","12","3","","0","1","1","0","0"
"POINT (8.607095487000038 51.997690390000059)","Unfall 34093 (2023) Kat:3, Licht: 0","34093","3","6","2","04","12","1","","0","0","1","0","0"
"POINT (8.555464330000063 52.060439806000034)","Unfall 34094 (2023) Kat:3, Licht: 0","34094","3","1","0","04","17","1","","0","1","0","0","0"
"POINT (8.519510006000075 51.966099757000052)","Unfall 34244 (2023) Kat:3, Licht: 0","34244","3","3","0","04","12","6","","0","0","1","0","1"
"POINT (8.486731027000076 51.988056588000063)","Unfall 34245 (2023) Kat:3, Licht: 2","34245","3","6","4","04","21","6","","2","0","0","1","0"
"POINT (8.557162293000033 52.022315208000066)","Unfall 34246 (2023) Kat:3, Licht: 0","34246","3","3","5","04","12","6","","0","0","1","0","0"
"POINT (8.522297638000055 52.025838511000075)","Unfall 34252 (2023) Kat:3, Licht: 0","34252","3","5","1","05","15","5","","0","0","1","0","0"
"POINT (8.529247601000066 52.027556015000073)","Unfall 34347 (2023) Kat:3, Licht: 0","34347","3","6","2","04","10","5","","0","0","1","0","0"
"POINT (8.584064436000062 51.943408341000065)","Unfall 34423 (2023) Kat:3, Licht: 0","34423","3","1","9","04","18","4","","0","0","1","0","0"
"POINT (8.568585622000057 51.984914694000054)","Unfall 34424 (2023) Kat:3, Licht: 0","34424","3","1","9","04","16","4","","0","0","1","0","0"
"POINT (8.567090809000035 52.035470764000081)","Unfall 34425 (2023) Kat:3, Licht: 0","34425","3","2","5","04","07","4","","0","1","1","0","0"
"POINT (8.534181695000029 51.979002014000059)","Unfall 34522 (2023) Kat:3, Licht: 0","34522","3","1","0","04","18","3","","0","0","0","0","0"
"POINT (8.607526352000036 51.993096439000055)","Unfall 34689 (2023) Kat:2, Licht: 0","34689","2","7","7","04","12","1","","0","1","0","0","0"
"POINT (8.525674656000035 52.018231217000050)","Unfall 34783 (2023) Kat:3, Licht: 0","34783","3","6","2","04","16","7","","0","0","1","0","0"
"POINT (8.608816030000071 52.068985804000079)","Unfall 34784 (2023) Kat:3, Licht: 0","34784","3","6","2","04","15","7","","0","0","1","0","0"
"POINT (8.633998794000036 52.018255851000049)","Unfall 34891 (2023) Kat:3, Licht: 0","34891","3","6","2","04","15","6","","0","0","1","0","0"
"POINT (8.477443537000056 51.996714772000075)","Unfall 34895 (2023) Kat:3, Licht: 0","34895","3","2","5","04","19","6","","0","0","1","0","0"
"POINT (8.495385425000052 51.995647882000071)","Unfall 34896 (2023) Kat:3, Licht: 0","34896","3","4","6","04","18","6","","0","0","1","1","0"
"POINT (8.552610127000037 52.032987997000077)","Unfall 35011 (2023) Kat:3, Licht: 0","35011","3","6","3","04","17","5","","0","0","1","0","0"
"POINT (8.482496116000050 52.037670501000036)","Unfall 35012 (2023) Kat:3, Licht: 0","35012","3","2","2","04","13","5","","0","0","1","0","0"
"POINT (8.537211789000025 52.047984329000030)","Unfall 35013 (2023) Kat:3, Licht: 0","35013","3","5","1","04","10","5","","0","1","0","0","0"
"POINT (8.492554133000056 52.089845673000070)","Unfall 35015 (2023) Kat:1, Licht: 0","35015","1","1","9","04","08","5","","0","0","1","0","0"
"POINT (8.525791930000025 52.021771287000035)","Unfall 35017 (2023) Kat:3, Licht: 0","35017","3","1","0","04","18","5","","0","0","1","0","0"
"POINT (8.554893403000051 52.005162343000052)","Unfall 35229 (2023) Kat:3, Licht: 0","35229","3","7","4","04","19","3","","0","1","1","0","0"
"POINT (8.539119128000038 51.943304915000056)","Unfall 35334 (2023) Kat:3, Licht: 0","35334","3","6","2","05","08","4","","0","0","1","0","0"
"POINT (8.533779943000070 52.098385339000060)","Unfall 35406 (2023) Kat:3, Licht: 0","35406","3","6","2","04","17","2","","0","0","1","0","0"
"POINT (8.468964640000024 52.022869998000033)","Unfall 35407 (2023) Kat:3, Licht: 0","35407","3","6","2","04","08","2","","0","0","1","0","0"
"POINT (8.642977575000032 52.059765686000048)","Unfall 35726 (2023) Kat:2, Licht: 0","35726","2","1","0","04","10","5","","0","0","0","0","1"
"POINT (8.611840576000077 52.039134028000035)","Unfall 35727 (2023) Kat:3, Licht: 0","35727","3","6","2","04","16","5","","0","0","1","0","0"
"POINT (8.570837456000049 51.940853384000036)","Unfall 35842 (2023) Kat:3, Licht: 0","35842","3","2","5","04","12","4","","0","1","1","0","0"
"POINT (8.548263164000048 52.078425606000053)","Unfall 35843 (2023) Kat:3, Licht: 0","35843","3","3","1","04","18","4","","0","1","1","0","0"
"POINT (8.545064349000029 52.043809516000067)","Unfall 35844 (2023) Kat:3, Licht: 0","35844","3","2","0","04","13","4","","0","1","1","0","0"
"POINT (8.529150662000063 52.027374822000070)","Unfall 35935 (2023) Kat:3, Licht: 0","35935","3","4","6","04","07","3","","0","0","1","1","0"
"POINT (8.583116409000070 52.047365765000052)","Unfall 35936 (2023) Kat:1, Licht: 2","35936","1","7","9","04","21","3","","2","0","0","0","1"
"POINT (8.647346228000060 52.039809664000074)","Unfall 36055 (2023) Kat:3, Licht: 1","36055","3","6","8","05","21","2","","1","0","1","0","0"
"POINT (8.560741917000030 51.950172762000079)","Unfall 36056 (2023) Kat:3, Licht: 0","36056","3","6","2","05","15","2","","0","0","0","0","0"
"POINT (8.527737253000055 52.022114062000071)","Unfall 36057 (2023) Kat:3, Licht: 0","36057","3","3","5","05","18","2","","0","0","1","0","0"
"POINT (8.552603827000041 52.032986656000048)","Unfall 36058 (2023) Kat:3, Licht: 0","36058","3","3","4","05","11","2","","0","1","1","0","0"
"POINT (8.500327289000040 51.956005775000051)","Unfall 36230 (2023) Kat:2, Licht: 0","36230","2","1","0","05","20","7","","0","1","0","0","0"
"POINT (8.533014935000040 52.014768311000068)","Unfall 36231 (2023) Kat:3, Licht: 0","36231","3","3","5","05","15","7","","0","1","1","0","0"
"POINT (8.543211598000028 52.021401168000068)","Unfall 36354 (2023) Kat:2, Licht: 0","36354","2","5","0","05","17","6","","0","1","1","0","0"
"POINT (8.629445849000035 51.974747735000051)","Unfall 36355 (2023) Kat:2, Licht: 0","36355","2","1","9","05","17","6","","0","1","0","0","0"
"POINT (8.610084201000063 52.058068075000051)","Unfall 36356 (2023) Kat:2, Licht: 0","36356","2","4","6","05","12","6","","0","0","1","1","0"
"POINT (8.555659432000027 52.013381470000070)","Unfall 36468 (2023) Kat:2, Licht: 0","36468","2","3","5","05","15","5","","0","0","1","0","1"
"POINT (8.635804229000030 52.024222441000063)","Unfall 36577 (2023) Kat:3, Licht: 2","36577","3","1","9","05","21","4","","2","0","1","0","0"
"POINT (8.564028819000043 51.951225434000037)","Unfall 36579 (2023) Kat:2, Licht: 0","36579","2","7","3","05","11","4","","0","0","1","0","0"
"POINT (8.500609057000077 51.957267293000029)","Unfall 36583 (2023) Kat:3, Licht: 1","36583","3","1","9","05","18","4","","1","0","1","0","0"
"POINT (8.597990260000074 52.039652296000042)","Unfall 36584 (2023) Kat:3, Licht: 0","36584","3","7","4","05","18","4","","0","0","1","0","0"
"POINT (8.527771015000042 52.057307388000027)","Unfall 36659 (2023) Kat:3, Licht: 0","36659","3","1","4","05","12","1","","0","1","0","0","0"
"POINT (8.528700137000044 52.016694408000035)","Unfall 36675 (2023) Kat:3, Licht: 0","36675","3","5","0","05","12","3","","0","1","1","0","0"
"POINT (8.518569673000059 51.961553160000051)","Unfall 36686 (2023) Kat:3, Licht: 0","36686","3","5","0","05","12","1","","0","1","1","0","0"
"POINT (8.619503531000021 51.997443892000035)","Unfall 36796 (2023) Kat:3, Licht: 0","36796","3","1","9","05","15","2","","0","0","1","0","0"
"POINT (8.559232866000059 51.964779644000032)","Unfall 36799 (2023) Kat:3, Licht: 0","36799","3","2","3","05","11","2","","0","1","1","0","0"
"POINT (8.558714192000025 51.964676522000047)","Unfall 36800 (2023) Kat:3, Licht: 0","36800","3","6","2","05","13","2","","0","0","1","0","0"
"POINT (8.524513375000026 51.978843192000056)","Unfall 36982 (2023) Kat:2, Licht: 0","36982","2","5","1","05","13","7","","0","1","1","0","0"
"POINT (8.562414732000036 52.034415015000036)","Unfall 36983 (2023) Kat:3, Licht: 0","36983","3","7","3","05","12","7","","0","0","1","0","0"
"POINT (8.612488729000063 52.068039337000073)","Unfall 36984 (2023) Kat:3, Licht: 2","36984","3","3","5","05","04","7","","2","1","1","0","0"
"POINT (8.484399581000048 51.979689510000071)","Unfall 37113 (2023) Kat:3, Licht: 0","37113","3","6","2","05","19","6","","0","0","1","0","0"
"POINT (8.548536419000072 52.023436296000057)","Unfall 37190 (2023) Kat:3, Licht: 0","37190","3","3","5","05","09","3","","0","0","1","0","0"
"POINT (8.568628501000035 52.039081276000047)","Unfall 37191 (2023) Kat:3, Licht: 0","37191","3","4","0","05","16","3","","0","1","0","1","0"
"POINT (8.574654185000043 51.951400118000038)","Unfall 37474 (2023) Kat:2, Licht: 0","37474","2","4","6","05","15","7","","0","0","1","1","0"
"POINT (8.552922108000075 52.057016952000026)","Unfall 37475 (2023) Kat:3, Licht: 0","37475","3","6","3","05","11","7","","0","0","1","0","1"
"POINT (8.579150232000075 52.072161987000072)","Unfall 37476 (2023) Kat:3, Licht: 0","37476","3","2","2","05","11","7","","0","0","1","0","0"
"POINT (8.523308002000022 52.024624188000075)","Unfall 37477 (2023) Kat:3, Licht: 0","37477","3","3","5","05","08","7","","0","1","1","0","0"
"POINT (8.521887588000027 52.026100673000030)","Unfall 37639 (2023) Kat:3, Licht: 0","37639","3","2","5","05","18","3","","0","1","1","0","0"
"POINT (8.607419558000061 51.992441678000034)","Unfall 37712 (2023) Kat:3, Licht: 0","37712","3","7","6","05","12","5","","0","0","1","1","0"
"POINT (8.607728904000055 51.932117068000082)","Unfall 37891 (2023) Kat:3, Licht: 0","37891","3","2","3","05","14","3","","0","1","1","0","0"
"POINT (8.534565510000050 52.013558014000068)","Unfall 37892 (2023) Kat:3, Licht: 0","37892","3","6","2","05","10","3","","0","0","1","0","1"
"POINT (8.574645778000047 51.951408226000069)","Unfall 37914 (2023) Kat:3, Licht: 2","37914","3","2","3","05","23","7","","2","0","1","0","0"
"POINT (8.554349240000022 52.035828869000056)","Unfall 37997 (2023) Kat:3, Licht: 0","37997","3","3","5","05","15","2","","0","0","1","0","1"
"POINT (8.564798203000066 52.084687566000071)","Unfall 37998 (2023) Kat:3, Licht: 2","37998","3","1","8","05","21","2","","2","0","1","0","0"
"POINT (8.514024939000024 52.094334779000064)","Unfall 37999 (2023) Kat:3, Licht: 0","37999","3","2","5","05","17","2","","0","0","1","0","1"
"POINT (8.603531097000030 52.032640509000032)","Unfall 38282 (2023) Kat:3, Licht: 0","38282","3","2","2","05","13","6","","0","0","1","0","0"
"POINT (8.470358122000050 51.982106279000050)","Unfall 38404 (2023) Kat:3, Licht: 0","38404","3","7","6","05","16","5","","0","0","1","1","0"
"POINT (8.558610110000075 52.055719543000066)","Unfall 38406 (2023) Kat:2, Licht: 0","38406","2","2","5","05","16","5","","0","1","1","0","0"
"POINT (8.548108013000046 52.046344684000076)","Unfall 38407 (2023) Kat:3, Licht: 0","38407","3","6","4","05","12","5","","0","0","1","0","0"
"POINT (8.569757948000074 52.039344843000038)","Unfall 38538 (2023) Kat:3, Licht: 1","38538","3","6","2","05","20","7","","1","0","1","0","0"
"POINT (8.498881639000047 51.964446563000081)","Unfall 38553 (2023) Kat:3, Licht: 0","38553","3","6","8","05","19","4","","0","0","1","0","0"
"POINT (8.483938888000068 51.997486825000067)","Unfall 38554 (2023) Kat:3, Licht: 0","38554","3","6","0","05","18","4","","0","1","1","0","0"
"POINT (8.493588655000053 51.991887906000045)","Unfall 38555 (2023) Kat:3, Licht: 0","38555","3","2","5","05","17","4","","0","0","1","0","0"
"POINT (8.584020764000059 51.943427296000038)","Unfall 38556 (2023) Kat:3, Licht: 0","38556","3","6","2","05","16","4","","0","0","1","0","0"
"POINT (8.616116535000060 52.038520141000049)","Unfall 38700 (2023) Kat:2, Licht: 0","38700","2","1","8","05","14","3","","0","0","1","0","0"
"POINT (8.565320365000048 52.024182261000078)","Unfall 38811 (2023) Kat:3, Licht: 0","38811","3","2","3","06","13","5","","0","1","1","0","0"
"POINT (8.555752802000029 52.033093631000042)","Unfall 38812 (2023) Kat:2, Licht: 0","38812","2","6","2","06","07","5","","0","0","1","0","0"
"POINT (8.521554535000064 52.095444133000058)","Unfall 38813 (2023) Kat:3, Licht: 0","38813","3","4","0","06","13","5","","0","0","0","1","0"
"POINT (8.586057606000054 52.049521280000079)","Unfall 38814 (2023) Kat:3, Licht: 0","38814","3","1","1","06","17","5","","0","0","1","0","0"
"POINT (8.493224272000020 51.946431165000035)","Unfall 38933 (2023) Kat:3, Licht: 0","38933","3","3","5","06","07","4","","0","1","1","0","0"
"POINT (8.493548263000037 51.999339875000032)","Unfall 38934 (2023) Kat:3, Licht: 0","38934","3","6","2","06","18","4","","0","0","1","0","0"
"POINT (8.479864737000071 52.005692597000063)","Unfall 38935 (2023) Kat:3, Licht: 0","38935","3","1","9","06","13","4","","0","0","1","0","0"
"POINT (8.488737006000065 52.022717393000050)","Unfall 38936 (2023) Kat:2, Licht: 0","38936","2","1","0","06","17","4","","0","1","0","0","0"
"POINT (8.597573818000058 52.011850678000030)","Unfall 39062 (2023) Kat:3, Licht: 0","39062","3","4","6","06","14","3","","0","0","1","1","0"
"POINT (8.608246468000061 52.000599097000077)","Unfall 39063 (2023) Kat:3, Licht: 0","39063","3","3","8","06","16","3","","0","0","1","0","0"
"POINT (8.552949054000067 52.057071238000049)","Unfall 39146 (2023) Kat:2, Licht: 0","39146","2","6","1","06","15","5","","0","0","1","1","1"
"POINT (8.613065698000071 51.991854580000052)","Unfall 39270 (2023) Kat:3, Licht: 0","39270","3","2","4","06","20","1","","0","0","1","0","0"
"POINT (8.598529222000025 51.995970669000030)","Unfall 39272 (2023) Kat:3, Licht: 0","39272","3","7","2","06","14","1","","0","0","1","0","0"
"POINT (8.597990260000074 52.039652296000042)","Unfall 39362 (2023) Kat:3, Licht: 0","39362","3","2","5","06","14","7","","0","0","1","0","1"
"POINT (8.522458251000046 52.069004941000060)","Unfall 39485 (2023) Kat:2, Licht: 1","39485","2","7","8","06","21","6","","1","0","1","0","0"
"POINT (8.529853656000057 52.027912792000052)","Unfall 39486 (2023) Kat:3, Licht: 0","39486","3","3","0","06","15","6","","0","1","1","0","0"
"POINT (8.532524707000050 51.931178098000032)","Unfall 39704 (2023) Kat:3, Licht: 0","39704","3","6","2","06","15","4","","0","0","1","0","0"
"POINT (8.581737904000022 52.075296765000076)","Unfall 39706 (2023) Kat:3, Licht: 0","39706","3","3","5","06","12","4","","0","0","1","0","0"
"POINT (8.552561201000060 52.032977581000068)","Unfall 39739 (2023) Kat:3, Licht: 0","39739","3","6","2","06","13","5","","0","0","1","0","1"
"POINT (8.501378733000024 51.981927022000036)","Unfall 39977 (2023) Kat:3, Licht: 0","39977","3","2","2","06","16","2","","0","0","1","0","0"
"POINT (8.629456991000040 52.012283736000029)","Unfall 39978 (2023) Kat:3, Licht: 0","39978","3","6","3","06","11","2","","0","1","1","0","0"
"POINT (8.572299190000024 52.034652271000027)","Unfall 39979 (2023) Kat:3, Licht: 0","39979","3","2","6","06","05","2","","0","0","1","1","0"
"POINT (8.464074009000058 52.037767932000065)","Unfall 39982 (2023) Kat:3, Licht: 0","39982","3","3","5","06","07","2","","0","1","1","0","0"
"POINT (8.615676603000054 51.982328230000064)","Unfall 40043 (2023) Kat:3, Licht: 0","40043","3","6","2","06","07","3","","0","0","1","0","0"
"POINT (8.493224272000020 51.946431165000035)","Unfall 40096 (2023) Kat:3, Licht: 0","40096","3","3","5","06","15","1","","0","1","1","0","0"
"POINT (8.597488647000034 52.011843973000055)","Unfall 40242 (2023) Kat:3, Licht: 0","40242","3","3","5","06","13","7","","0","1","0","0","1"
"POINT (8.484619215000066 51.978835242000059)","Unfall 40243 (2023) Kat:3, Licht: 0","40243","3","1","2","06","20","7","","0","0","1","0","0"
"POINT (8.455686663000051 51.985028230000069)","Unfall 40394 (2023) Kat:3, Licht: 0","40394","3","6","3","06","16","6","","0","0","1","0","0"
"POINT (8.526449505000073 52.019586498000081)","Unfall 40554 (2023) Kat:3, Licht: 0","40554","3","3","5","06","13","5","","0","1","1","0","0"
"POINT (8.567990111000029 52.035660387000064)","Unfall 40735 (2023) Kat:3, Licht: 0","40735","3","6","2","05","07","4","","0","0","1","0","0"
"POINT (8.482692993000057 51.977216021000061)","Unfall 40889 (2023) Kat:3, Licht: 0","40889","3","6","2","05","16","3","","0","0","1","0","0"
"POINT (8.485887112000057 51.997629498000038)","Unfall 40891 (2023) Kat:3, Licht: 0","40891","3","2","3","05","15","3","","0","1","1","0","0"
"POINT (8.518929345000060 51.943764150000050)","Unfall 40976 (2023) Kat:3, Licht: 2","40976","3","1","9","06","01","7","","2","0","1","0","0"
"POINT (8.646036803000072 51.994192900000030)","Unfall 40977 (2023) Kat:3, Licht: 2","40977","3","2","5","06","01","7","","2","0","1","0","0"
"POINT (8.656924306000064 52.005757726000070)","Unfall 40978 (2023) Kat:3, Licht: 2","40978","3","6","4","06","01","7","","2","0","1","0","1"
"POINT (8.564862693000066 51.951470873000062)","Unfall 41062 (2023) Kat:2, Licht: 1","41062","2","1","0","06","05","6","","1","0","1","0","0"
"POINT (8.543199955000034 52.033416950000060)","Unfall 41065 (2023) Kat:3, Licht: 0","41065","3","6","2","06","07","6","","0","0","1","0","0"
"POINT (8.572047205000047 52.036555355000075)","Unfall 41067 (2023) Kat:3, Licht: 0","41067","3","3","5","06","09","6","","0","0","1","0","0"
"POINT (8.523277974000052 52.024682691000066)","Unfall 41068 (2023) Kat:3, Licht: 0","41068","3","3","5","06","18","6","","0","1","1","0","0"
"POINT (8.624325184000043 52.004924758000072)","Unfall 41173 (2023) Kat:2, Licht: 1","41173","2","1","3","06","19","5","","1","0","1","0","0"
"POINT (8.524093510000057 52.016986188000033)","Unfall 41176 (2023) Kat:3, Licht: 2","41176","3","6","2","06","23","5","","2","0","1","0","0"
"POINT (8.543301465000070 52.033440596000048)","Unfall 41177 (2023) Kat:3, Licht: 0","41177","3","4","6","06","08","5","","0","0","1","1","0"
"POINT (8.585719802000028 52.049322465000046)","Unfall 41178 (2023) Kat:2, Licht: 0","41178","2","6","2","06","17","5","","0","0","1","0","0"
"POINT (8.530815252000025 51.929039379000073)","Unfall 41318 (2023) Kat:3, Licht: 0","41318","3","1","1","06","16","4","","0","0","1","0","0"
"POINT (8.567602003000047 52.002505269000039)","Unfall 41319 (2023) Kat:3, Licht: 0","41319","3","2","4","06","14","4","","0","0","1","0","0"
"POINT (8.639370847000066 52.055494262000082)","Unfall 41320 (2023) Kat:3, Licht: 0","41320","3","3","5","06","17","4","","0","1","1","0","0"
"POINT (8.483712206000064 51.971876784000074)","Unfall 41453 (2023) Kat:3, Licht: 0","41453","3","6","2","06","16","3","","0","0","1","0","0"
"POINT (8.505119937000075 51.983465240000044)","Unfall 41454 (2023) Kat:3, Licht: 0","41454","3","2","5","06","17","3","","0","0","1","0","0"
"POINT (8.488874889000044 51.988425038000059)","Unfall 41455 (2023) Kat:2, Licht: 0","41455","2","1","8","06","18","3","","0","1","0","0","0"
"POINT (8.605335900000057 52.040807693000033)","Unfall 41456 (2023) Kat:3, Licht: 0","41456","3","2","5","06","17","3","","0","0","1","0","0"
"POINT (8.552913261000072 52.056999128000029)","Unfall 41457 (2023) Kat:3, Licht: 0","41457","3","6","1","06","07","3","","0","0","1","0","0"
"POINT (8.504498217000048 51.983218177000026)","Unfall 41579 (2023) Kat:3, Licht: 1","41579","3","3","0","06","22","2","","1","0","1","0","0"