WKT,Name,OBJECTID,UKATEGORIE,UTYP1,UART,UMONAT,USTUNDE,UWOCHENTAG,STRZUSTAND,ULICHTVERH,ISTRAD,ISTPKW,ISTFUSS,ISTKRAD
"POINT (8.534463251000034 51.935489590000032)","Unfall 41669 (2023) Kat:3, Licht: 0","41669","3","4","6","06","16","1","","0","0","1","1","0"
"POINT (8.493481057000054 51.993011018000061)","Unfall 41670 (2023) Kat:3, Licht: 2","41670","3","6","1","06","00","1","","2","0","1","0","0"
"POINT (8.612117006000062 52.068120154000042)","Unfall 41671 (2023) Kat:3, Licht: 0","41671","3","2","2","06","18","1","","0","0","1","0","0"
"POINT (8.553196380000031 52.022151137000037)","Unfall 41684 (2023) Kat:3, Licht: 0","41684","3","2","3","06","20","7","","0","1","1","0","0"
"POINT (8.546105008000040 52.007414811000046)","Unfall 41804 (2023) Kat:3, Licht: 0","41804","3","3","0","06","13","7","","0","1","1","0","0"
"POINT (8.643072889000052 52.059818221000057)","Unfall 41805 (2023) Kat:3, Licht: 0","41805","3","1","0","06","15","7","","0","0","0","0","1"
"POINT (8.521585224000034 51.943649417000074)","Unfall 42132 (2023) Kat:2, Licht: 0","42132","2","6","3","07","14","4","","0","0","1","0","0"
"POINT (8.561536386000057 52.034244920000049)","Unfall 42133 (2023) Kat:3, Licht: 0","42133","3","2","5","07","17","4","","0","1","1","0","0"
"POINT (8.540713507000021 52.011864109000044)","Unfall 42134 (2023) Kat:2, Licht: 0","42134","2","3","7","07","08","4","","0","0","0","0","0"
"POINT (8.547432741000023 52.021544059000064)","Unfall 42321 (2023) Kat:3, Licht: 1","42321","3","3","0","07","21","2","","1","1","0","0","0"
"POINT (8.535341170000038 51.993812481000077)","Unfall 42579 (2023) Kat:3, Licht: 0","42579","3","3","5","07","13","6","","0","0","1","0","1"
"POINT (8.557795249000037 52.004710040000077)","Unfall 42581 (2023) Kat:3, Licht: 0","42581","3","6","2","07","17","6","","0","0","1","0","0"
"POINT (8.554215110000030 52.005370232000075)","Unfall 42582 (2023) Kat:3, Licht: 0","42582","3","3","5","07","11","6","","0","0","1","0","0"
"POINT (8.558735653000042 52.003311278000069)","Unfall 42583 (2023) Kat:3, Licht: 0","42583","3","2","5","07","15","6","","0","1","1","0","0"
"POINT (8.617829697000047 52.076848657000028)","Unfall 42584 (2023) Kat:3, Licht: 0","42584","3","6","2","07","12","6","","0","0","1","0","0"
"POINT (8.606262084000036 51.968594574000065)","Unfall 42702 (2023) Kat:3, Licht: 0","42702","3","6","2","07","10","5","","0","0","1","0","1"
"POINT (8.521967750000044 52.016303031000064)","Unfall 42704 (2023) Kat:3, Licht: 0","42704","3","6","0","07","12","5","","0","0","0","0","0"
"POINT (8.514461660000052 52.097405392000042)","Unfall 42705 (2023) Kat:3, Licht: 0","42705","3","6","2","07","17","5","","0","0","1","0","0"
"POINT (8.522950874000060 52.041853516000060)","Unfall 42792 (2023) Kat:3, Licht: 0","42792","3","7","3","07","16","4","","0","0","1","0","0"
"POINT (8.452158188000055 52.048510878000059)","Unfall 42793 (2023) Kat:3, Licht: 0","42793","3","3","6","07","11","4","","0","0","1","1","0"
"POINT (8.554845402000069 52.030878230000042)","Unfall 42904 (2023) Kat:2, Licht: 0","42904","2","3","3","07","19","3","","0","1","1","0","0"
"POINT (8.532166513000050 52.015619772000036)","Unfall 42905 (2023) Kat:2, Licht: 2","42905","2","1","0","07","23","3","","2","0","0","0","1"
"POINT (8.551576598000054 52.054028597000070)","Unfall 42960 (2023) Kat:3, Licht: 0","42960","3","3","5","07","15","2","","0","1","1","0","0"
"POINT (8.526211009000065 52.019648002000054)","Unfall 43033 (2023) Kat:2, Licht: 0","43033","2","3","5","07","19","1","","0","1","1","0","0"
"POINT (8.562699107000071 52.023240130000033)","Unfall 43034 (2023) Kat:3, Licht: 0","43034","3","7","6","07","20","1","","0","0","1","1","0"
"POINT (8.578463004000071 52.044341139000039)","Unfall 43035 (2023) Kat:3, Licht: 0","43035","3","6","0","07","12","1","","0","0","1","0","0"
"POINT (8.522954971000047 52.041762752000068)","Unfall 43120 (2023) Kat:2, Licht: 0","43120","2","3","5","07","18","2","","0","1","1","0","0"
"POINT (8.489053700000056 51.988494125000045)","Unfall 43130 (2023) Kat:3, Licht: 0","43130","3","2","3","07","16","7","","0","1","0","0","0"
"POINT (8.577652010000065 51.999950700000056)","Unfall 43131 (2023) Kat:3, Licht: 1","43131","3","6","2","07","21","7","","1","0","1","0","0"
"POINT (8.543972561000032 52.042051384000047)","Unfall 43132 (2023) Kat:2, Licht: 0","43132","2","2","4","07","08","7","","0","0","1","0","0"
"POINT (8.573549780000064 52.041456719000053)","Unfall 43167 (2023) Kat:3, Licht: 0","43167","3","6","1","07","05","7","","0","0","1","0","0"
"POINT (8.524013074000038 51.951909185000034)","Unfall 43246 (2023) Kat:2, Licht: 0","43246","2","2","4","06","15","6","","0","0","1","0","1"
"POINT (8.509397773000046 51.981865357000061)","Unfall 43248 (2023) Kat:3, Licht: 0","43248","3","3","5","06","07","6","","0","1","1","0","0"
"POINT (8.635641394000061 52.049202607000041)","Unfall 43249 (2023) Kat:2, Licht: 0","43249","2","6","2","06","15","6","","0","0","1","0","1"
"POINT (8.633605441000043 52.018962140000042)","Unfall 43324 (2023) Kat:3, Licht: 0","43324","3","6","3","06","09","5","","0","0","1","0","0"
"POINT (8.559192115000030 52.004433387000063)","Unfall 43351 (2023) Kat:3, Licht: 0","43351","3","6","1","07","17","5","","0","0","1","0","0"
"POINT (8.556281304000038 52.005030183000031)","Unfall 43413 (2023) Kat:3, Licht: 0","43413","3","3","5","06","07","4","","0","1","1","0","0"
"POINT (8.546020861000045 52.021280703000059)","Unfall 43414 (2023) Kat:3, Licht: 0","43414","3","3","5","06","16","4","","0","1","1","0","0"
"POINT (8.522480891000043 52.045808752000028)","Unfall 43415 (2023) Kat:3, Licht: 0","43415","3","1","0","06","19","4","","0","1","0","0","0"
"POINT (8.588205125000059 52.045212668000033)","Unfall 43416 (2023) Kat:3, Licht: 0","43416","3","3","5","06","09","4","","0","0","1","0","0"
"POINT (8.643647732000034 52.007117896000068)","Unfall 43517 (2023) Kat:2, Licht: 0","43517","2","1","8","06","20","3","","0","0","1","0","0"
"POINT (8.550285500000030 52.005902916000082)","Unfall 43518 (2023) Kat:3, Licht: 0","43518","3","4","6","06","11","3","","0","0","0","1","0"
"POINT (8.481900235000069 51.997195032000036)","Unfall 43638 (2023) Kat:3, Licht: 2","43638","3","1","0","06","22","2","","2","1","0","0","0"
"POINT (8.636879891000035 52.017286529000046)","Unfall 43907 (2023) Kat:3, Licht: 1","43907","3","1","8","08","20","4","","1","0","1","0","0"
"POINT (8.505023253000047 52.107309480000026)","Unfall 43908 (2023) Kat:1, Licht: 2","43908","1","4","6","08","00","4","","2","0","1","1","0"
"POINT (8.572099721000029 52.001326799000026)","Unfall 44120 (2023) Kat:3, Licht: 0","44120","3","7","5","07","20","1","","0","0","1","0","0"
"POINT (8.525087677000045 52.097310994000054)","Unfall 44121 (2023) Kat:3, Licht: 0","44121","3","2","5","07","12","1","","0","1","1","0","0"
"POINT (8.546038171000021 52.057659361000049)","Unfall 44306 (2023) Kat:2, Licht: 0","44306","2","1","0","07","09","6","","0","0","0","0","1"
"POINT (8.547606560000077 52.028235155000061)","Unfall 44402 (2023) Kat:3, Licht: 0","44402","3","1","9","07","07","5","","0","0","1","0","0"
"POINT (8.536664866000024 52.012604214000078)","Unfall 44404 (2023) Kat:3, Licht: 0","44404","3","2","5","07","10","5","","0","0","1","0","0"
"POINT (8.539542228000073 52.061209582000060)","Unfall 44405 (2023) Kat:3, Licht: 0","44405","3","1","9","07","16","5","","0","0","1","0","0"
"POINT (8.543638734000069 52.030644892000055)","Unfall 44427 (2023) Kat:3, Licht: 0","44427","3","1","2","08","18","4","","0","0","1","0","0"
"POINT (8.594429900000023 52.011565353000037)","Unfall 44732 (2023) Kat:3, Licht: 0","44732","3","6","3","07","16","2","","0","0","1","0","0"
"POINT (8.602975054000069 51.967196534000038)","Unfall 44869 (2023) Kat:3, Licht: 0","44869","3","6","9","07","06","7","","0","0","1","0","0"
"POINT (8.588869637000073 52.043985199000076)","Unfall 44870 (2023) Kat:3, Licht: 0","44870","3","6","4","07","10","7","","0","0","1","0","0"
"POINT (8.598003572000039 52.039634530000058)","Unfall 44973 (2023) Kat:2, Licht: 0","44973","2","2","5","07","19","6","","0","0","1","0","0"
"POINT (8.552391892000060 52.037192868000034)","Unfall 45169 (2023) Kat:3, Licht: 0","45169","3","2","4","07","09","4","","0","1","1","0","0"
"POINT (8.614204833000031 52.037213568000027)","Unfall 45406 (2023) Kat:3, Licht: 2","45406","3","3","5","07","23","2","","2","0","1","0","0"
"POINT (8.543639183000039 52.038564780000058)","Unfall 45407 (2023) Kat:3, Licht: 0","45407","3","2","4","07","07","2","","0","0","1","0","1"
"POINT (8.561784647000025 52.034292998000069)","Unfall 45499 (2023) Kat:3, Licht: 0","45499","3","6","3","07","19","1","","0","0","1","0","0"
"POINT (8.453253903000075 52.049344415000064)","Unfall 45500 (2023) Kat:3, Licht: 0","45500","3","2","5","07","20","1","","0","1","1","0","0"
"POINT (8.524396853000042 52.017208866000033)","Unfall 45589 (2023) Kat:3, Licht: 0","45589","3","6","2","07","17","7","","0","0","1","0","0"
"POINT (8.553335236000066 52.022159655000053)","Unfall 45590 (2023) Kat:3, Licht: 0","45590","3","6","2","07","11","7","","0","0","1","0","1"
"POINT (8.549175949000073 52.048291940000070)","Unfall 45591 (2023) Kat:3, Licht: 0","45591","3","1","0","07","17","7","","0","0","0","0","1"
"POINT (8.492651059000025 51.999141269000063)","Unfall 45757 (2023) Kat:3, Licht: 0","45757","3","2","3","08","15","3","","0","1","1","0","0"
"POINT (8.520226624000031 51.961420473000032)","Unfall 45779 (2023) Kat:3, Licht: 0","45779","3","3","5","07","10","7","","0","0","1","0","0"
"POINT (8.569849662000024 52.039366245000053)","Unfall 45858 (2023) Kat:3, Licht: 1","45858","3","3","5","07","20","5","","1","0","1","0","0"
"POINT (8.522944194000047 52.042339530000049)","Unfall 45860 (2023) Kat:3, Licht: 0","45860","3","1","0","07","15","5","","0","1","0","0","0"
"POINT (8.623162427000068 52.028499876000069)","Unfall 45990 (2023) Kat:2, Licht: 0","45990","2","3","5","08","07","2","","0","0","1","0","0"
"POINT (8.505650140000057 52.109279112000081)","Unfall 45991 (2023) Kat:3, Licht: 0","45991","3","6","2","08","16","2","","0","0","1","0","0"
"POINT (8.606907609000075 51.997673639000027)","Unfall 46074 (2023) Kat:2, Licht: 0","46074","2","6","2","08","13","1","","0","0","1","0","0"
"POINT (8.544686575000071 52.008028080000031)","Unfall 46075 (2023) Kat:3, Licht: 2","46075","3","6","3","08","01","1","","2","0","1","0","1"
"POINT (8.516971963000060 51.943546768000033)","Unfall 46172 (2023) Kat:3, Licht: 0","46172","3","3","5","08","16","7","","0","0","1","0","0"
"POINT (8.485804384000062 52.036728555000082)","Unfall 46224 (2023) Kat:3, Licht: 1","46224","3","3","5","08","21","7","","1","1","1","0","0"
"POINT (8.538325840000027 51.943435937000061)","Unfall 46299 (2023) Kat:2, Licht: 0","46299","2","6","2","08","08","6","","0","0","1","0","0"
"POINT (8.584050442000034 51.943414415000063)","Unfall 46301 (2023) Kat:3, Licht: 0","46301","3","6","2","08","09","6","","0","0","1","0","0"
"POINT (8.465880424000034 51.971501666000052)","Unfall 46302 (2023) Kat:3, Licht: 0","46302","3","3","5","08","08","6","","0","1","1","0","0"
"POINT (8.527663633000031 51.993442908000077)","Unfall 46303 (2023) Kat:3, Licht: 0","46303","3","3","5","08","16","6","","0","1","1","0","0"
"POINT (8.528320188000066 51.953583562000063)","Unfall 46304 (2023) Kat:2, Licht: 0","46304","2","6","3","08","08","6","","0","1","0","0","0"
"POINT (8.469352070000070 52.043029745000069)","Unfall 46305 (2023) Kat:3, Licht: 0","46305","3","2","5","08","15","6","","0","0","1","0","0"
"POINT (8.561850817000050 52.055395183000030)","Unfall 46455 (2023) Kat:3, Licht: 0","46455","3","1","5","08","17","5","","0","1","0","0","0"
"POINT (8.529853656000057 52.027912792000052)","Unfall 46456 (2023) Kat:3, Licht: 0","46456","3","1","5","08","14","5","","0","0","1","0","0"
"POINT (8.573047440000039 52.027061534000040)","Unfall 46590 (2023) Kat:3, Licht: 0","46590","3","5","1","08","12","4","","0","1","1","0","0"
"POINT (8.552949054000067 52.057071238000049)","Unfall 46591 (2023) Kat:3, Licht: 1","46591","3","3","5","08","05","4","","1","1","1","0","0"
"POINT (8.496436518000053 52.059106845000031)","Unfall 46592 (2023) Kat:3, Licht: 0","46592","3","1","0","08","16","4","","0","1","0","0","0"
"POINT (8.527531476000036 51.993413732000079)","Unfall 46643 (2023) Kat:3, Licht: 0","46643","3","6","2","08","17","2","","0","0","1","0","0"
"POINT (8.549589784000034 52.049204009000050)","Unfall 46820 (2023) Kat:3, Licht: 0","46820","3","2","5","08","13","2","","0","1","1","0","0"
"POINT (8.586597482000059 51.962347268000030)","Unfall 46904 (2023) Kat:3, Licht: 1","46904","3","1","9","08","16","1","","1","0","1","0","0"
"POINT (8.509158064000076 51.976389534000077)","Unfall 46909 (2023) Kat:2, Licht: 0","46909","2","3","0","08","12","1","","0","1","1","0","0"
"POINT (8.557535502000064 51.999277723000034)","Unfall 46910 (2023) Kat:3, Licht: 0","46910","3","3","5","08","11","1","","0","1","1","0","0"
"POINT (8.616189504000033 51.989780917000076)","Unfall 47010 (2023) Kat:3, Licht: 0","47010","3","6","3","08","17","7","","0","0","1","0","0"
"POINT (8.563202243000035 51.950902028000030)","Unfall 47011 (2023) Kat:2, Licht: 1","47011","2","1","8","08","19","7","","1","0","1","0","0"
"POINT (8.612318125000058 52.005633453000030)","Unfall 47133 (2023) Kat:3, Licht: 0","47133","3","3","4","08","14","2","","0","0","1","0","0"
"POINT (8.602852237000036 52.060063136000053)","Unfall 47134 (2023) Kat:3, Licht: 0","47134","3","6","2","08","16","2","","0","0","1","0","0"
"POINT (8.543887848000054 52.079817048000052)","Unfall 47135 (2023) Kat:3, Licht: 0","47135","3","3","5","08","15","2","","0","1","1","0","0"
"POINT (8.517275211000026 52.014182885000082)","Unfall 47205 (2023) Kat:3, Licht: 0","47205","3","1","9","08","18","1","","0","0","0","0","1"
"POINT (8.553163031000054 52.036701534000031)","Unfall 47302 (2023) Kat:2, Licht: 0","47302","2","3","5","08","16","7","","0","0","1","0","0"
"POINT (8.636630242000024 52.027154853000070)","Unfall 47430 (2023) Kat:2, Licht: 2","47430","2","6","2","08","02","6","","2","0","1","0","0"
"POINT (8.525698447000025 52.018255472000078)","Unfall 47433 (2023) Kat:3, Licht: 0","47433","3","6","3","08","10","6","","0","1","0","0","0"
"POINT (8.527867765000053 52.097680263000029)","Unfall 47434 (2023) Kat:3, Licht: 0","47434","3","3","5","08","18","6","","0","1","1","0","0"
"POINT (8.555640131000075 52.060943191000035)","Unfall 47435 (2023) Kat:3, Licht: 0","47435","3","3","5","08","12","6","","0","1","1","0","0"
"POINT (8.602028698000026 52.070515115000035)","Unfall 47436 (2023) Kat:3, Licht: 0","47436","3","3","5","08","19","6","","0","1","1","0","0"
"POINT (8.598004172000060 52.039656654000055)","Unfall 47437 (2023) Kat:3, Licht: 0","47437","3","2","5","08","11","6","","0","0","1","0","0"
"POINT (8.609958974000051 52.068685122000034)","Unfall 47438 (2023) Kat:3, Licht: 0","47438","3","3","5","08","09","6","","0","0","1","0","0"
"POINT (8.544254088000059 52.043172207000055)","Unfall 47439 (2023) Kat:1, Licht: 0","47439","1","2","3","08","16","6","","0","1","1","0","0"
"POINT (8.523303977000069 52.039077570000075)","Unfall 47567 (2023) Kat:3, Licht: 0","47567","3","3","5","08","13","5","","0","1","1","0","0"
"POINT (8.583052112000075 51.943943487000070)","Unfall 47699 (2023) Kat:3, Licht: 2","47699","3","6","3","08","22","4","","2","0","1","0","1"
"POINT (8.546871186000033 52.040669536000053)","Unfall 47701 (2023) Kat:3, Licht: 0","47701","3","7","0","08","17","4","","0","0","1","0","1"
"POINT (8.569626597000024 51.939616556000033)","Unfall 47811 (2023) Kat:2, Licht: 2","47811","2","2","6","08","23","3","","2","0","0","1","0"
"POINT (8.606436855000027 52.072302094000065)","Unfall 47936 (2023) Kat:2, Licht: 0","47936","2","2","5","08","18","2","","0","0","1","0","1"
"POINT (8.565867906000051 52.024376736000079)","Unfall 48032 (2023) Kat:3, Licht: 0","48032","3","3","6","08","15","1","","0","0","1","1","0"
"POINT (8.613784840000051 51.991644889000042)","Unfall 48130 (2023) Kat:3, Licht: 0","48130","3","6","3","08","14","7","","0","1","1","0","0"
"POINT (8.614907367000058 52.071974552000029)","Unfall 48131 (2023) Kat:3, Licht: 2","48131","3","6","4","08","23","7","","2","1","0","0","0"
"POINT (8.555166385000064 51.930260888000078)","Unfall 48286 (2023) Kat:3, Licht: 2","48286","3","1","0","08","23","6","","2","0","0","0","0"
"POINT (8.571285254000031 52.036371975000066)","Unfall 48287 (2023) Kat:3, Licht: 0","48287","3","2","5","08","13","6","","0","1","1","0","0"
"POINT (8.543564909000054 52.055858062000027)","Unfall 48288 (2023) Kat:3, Licht: 2","48288","3","1","8","08","23","6","","2","0","1","0","0"
"POINT (8.516907301000060 52.016527659000076)","Unfall 48407 (2023) Kat:3, Licht: 0","48407","3","2","4","08","13","5","","0","0","1","0","0"
"POINT (8.563909386000034 52.034733394000057)","Unfall 48409 (2023) Kat:3, Licht: 0","48409","3","3","5","08","18","5","","0","0","1","0","0"
"POINT (8.552614495000057 52.032988927000076)","Unfall 48410 (2023) Kat:3, Licht: 0","48410","3","3","5","08","15","5","","0","0","1","0","1"
"POINT (8.569326096000054 51.985815471000080)","Unfall 48411 (2023) Kat:3, Licht: 2","48411","3","3","5","08","22","5","","2","0","1","0","0"
"POINT (8.511302152000042 51.940963970000041)","Unfall 48691 (2023) Kat:3, Licht: 0","48691","3","6","2","08","13","3","","0","0","1","0","0"
"POINT (8.522053343000039 52.016310024000063)","Unfall 48692 (2023) Kat:3, Licht: 0","48692","3","6","2","08","07","3","","0","0","1","0","0"
"POINT (8.600384537000025 51.994642167000052)","Unfall 48845 (2023) Kat:3, Licht: 0","48845","3","4","6","09","07","3","","0","0","0","1","0"
"POINT (8.525081042000068 52.092423886000063)","Unfall 48970 (2023) Kat:3, Licht: 0","48970","3","5","3","09","15","2","","0","0","1","0","0"
"POINT (8.548169675000054 52.025250251000045)","Unfall 49306 (2023) Kat:3, Licht: 0","49306","3","2","3","09","16","6","","0","1","1","0","0"
"POINT (8.525860916000056 52.032716278000066)","Unfall 49307 (2023) Kat:3, Licht: 0","49307","3","2","5","09","09","6","","0","1","1","0","0"
"POINT (8.468872676000046 52.023082148000071)","Unfall 49308 (2023) Kat:3, Licht: 0","49308","3","1","2","09","07","6","","0","0","1","0","0"
"POINT (8.523501589000034 52.036584645000062)","Unfall 49309 (2023) Kat:3, Licht: 1","49309","3","2","3","09","20","6","","1","1","1","0","0"
"POINT (8.607472529000063 51.991030131000059)","Unfall 49473 (2023) Kat:3, Licht: 0","49473","3","3","5","09","08","5","","0","1","1","0","0"
"POINT (8.553560763000064 52.036447637000038)","Unfall 49474 (2023) Kat:3, Licht: 0","49474","3","3","0","09","13","5","","0","1","1","0","0"
"POINT (8.493484007000063 51.993028144000050)","Unfall 49617 (2023) Kat:3, Licht: 0","49617","3","3","5","09","15","4","","0","0","1","0","0"
"POINT (8.613011994000033 51.991870369000026)","Unfall 49618 (2023) Kat:3, Licht: 0","49618","3","2","5","09","12","4","","0","1","1","0","0"
"POINT (8.544179366000037 52.057975017000047)","Unfall 49619 (2023) Kat:3, Licht: 0","49619","3","6","2","09","07","4","","0","0","1","0","0"
"POINT (8.558640146000073 52.002668484000026)","Unfall 49786 (2023) Kat:3, Licht: 0","49786","3","7","0","09","13","3","","0","0","0","1","0"
"POINT (8.592297250000058 52.038982545000067)","Unfall 49787 (2023) Kat:3, Licht: 0","49787","3","2","5","09","12","3","","0","1","1","0","0"
"POINT (8.603510628000038 52.060511165000037)","Unfall 49892 (2023) Kat:3, Licht: 0","49892","3","6","2","09","17","4","","0","0","1","0","0"
"POINT (8.546910003000050 51.944855912000037)","Unfall 49954 (2023) Kat:2, Licht: 2","49954","2","1","9","09","20","2","","2","0","0","0","1"
"POINT (8.607488774000046 51.990648936000071)","Unfall 49955 (2023) Kat:3, Licht: 0","49955","3","2","4","09","14","2","","0","1","1","0","0"
"POINT (8.543647597000074 52.038699104000045)","Unfall 49956 (2023) Kat:3, Licht: 0","49956","3","3","5","09","11","2","","0","0","1","0","0"
"POINT (8.543756178000024 52.058043813000040)","Unfall 49958 (2023) Kat:3, Licht: 0","49958","3","7","0","09","17","2","","0","1","0","0","0"
"POINT (8.582513033000055 51.922015373000079)","Unfall 50059 (2023) Kat:3, Licht: 0","50059","3","4","6","09","09","7","","0","0","1","1","0"
"POINT (8.493209703000048 51.999407785000074)","Unfall 50082 (2023) Kat:3, Licht: 0","50082","3","6","2","09","15","1","","0","0","1","0","0"
"POINT (8.614178105000065 52.037268817000040)","Unfall 50083 (2023) Kat:3, Licht: 2","50083","3","6","1","09","02","1","","2","0","1","0","0"
"POINT (8.543371235000052 52.035853124000027)","Unfall 50123 (2023) Kat:3, Licht: 0","50123","3","5","1","09","16","2","","0","1","1","0","0"
"POINT (8.574645778000047 51.951408226000069)","Unfall 50180 (2023) Kat:3, Licht: 1","50180","3","2","5","09","19","7","","1","0","1","0","1"
"POINT (8.513267266000071 52.029206253000041)","Unfall 50184 (2023) Kat:3, Licht: 0","50184","3","2","5","09","19","4","","0","1","1","0","0"
"POINT (8.497421282000062 52.058150704000070)","Unfall 50308 (2023) Kat:3, Licht: 0","50308","3","3","5","09","16","6","","0","1","1","0","0"
"POINT (8.620630011000060 52.041057859000034)","Unfall 50451 (2023) Kat:3, Licht: 0","50451","3","6","2","08","15","5","","0","0","1","0","0"
"POINT (8.587311131000035 51.962380067000026)","Unfall 50617 (2023) Kat:2, Licht: 0","50617","2","6","2","08","10","4","","0","0","1","0","0"
"POINT (8.555294143000026 52.032234147000054)","Unfall 50618 (2023) Kat:2, Licht: 1","50618","2","6","3","08","19","4","","1","0","1","0","1"
"POINT (8.576236356000038 52.038347183000042)","Unfall 50619 (2023) Kat:3, Licht: 0","50619","3","7","0","08","13","4","","0","0","0","1","0"
"POINT (8.497782942000072 51.950151722000044)","Unfall 50763 (2023) Kat:3, Licht: 0","50763","3","3","5","08","16","3","","0","1","1","0","0"
"POINT (8.537881489000029 52.087481380000042)","Unfall 50766 (2023) Kat:3, Licht: 0","50766","3","3","5","08","08","3","","0","1","1","0","0"
"POINT (8.566520869000044 52.054639792000046)","Unfall 51092 (2023) Kat:3, Licht: 0","51092","3","3","5","09","15","5","","0","1","1","0","0"
"POINT (8.523741524000059 52.023934599000029)","Unfall 51195 (2023) Kat:3, Licht: 0","51195","3","3","5","09","08","4","","0","1","1","0","0"
"POINT (8.613568827000051 52.069780642000069)","Unfall 51196 (2023) Kat:2, Licht: 0","51196","2","7","8","09","12","4","","0","0","1","0","0"
"POINT (8.585833548000039 52.049199196000075)","Unfall 51197 (2023) Kat:3, Licht: 0","51197","3","6","1","09","18","4","","0","0","1","0","0"
"POINT (8.520222780000040 51.961979286000030)","Unfall 51303 (2023) Kat:3, Licht: 0","51303","3","2","3","09","14","3","","0","1","1","0","0"
"POINT (8.574714251000046 52.037725337000040)","Unfall 51304 (2023) Kat:3, Licht: 0","51304","3","4","6","09","11","3","","0","0","1","1","0"
"POINT (8.557480367000039 51.998958273000028)","Unfall 51305 (2023) Kat:3, Licht: 0","51305","3","5","1","09","13","3","","0","0","1","0","0"
"POINT (8.563444684000046 51.950995627000054)","Unfall 51435 (2023) Kat:3, Licht: 0","51435","3","1","8","09","17","2","","0","0","1","0","0"
"POINT (8.504771025000025 51.966096670000070)","Unfall 51436 (2023) Kat:3, Licht: 0","51436","3","3","5","09","16","2","","0","1","1","0","0"
"POINT (8.520089118000044 52.016281463000041)","Unfall 51530 (2023) Kat:3, Licht: 2","51530","3","6","3","09","20","1","","2","0","1","0","0"
"POINT (8.554030402000024 52.033283724000057)","Unfall 51531 (2023) Kat:3, Licht: 0","51531","3","2","5","09","14","1","","0","1","1","0","0"
"POINT (8.555632796000054 52.060922409000057)","Unfall 51653 (2023) Kat:3, Licht: 0","51653","3","7","3","09","17","7","","0","0","1","0","0"
"POINT (8.600784478000037 52.058631385000069)","Unfall 51720 (2023) Kat:3, Licht: 0","51720","3","6","2","09","17","2","","0","0","1","0","0"
"POINT (8.556881867000072 51.948780003000081)","Unfall 51803 (2023) Kat:2, Licht: 0","51803","2","6","2","09","14","6","","0","0","1","0","0"
"POINT (8.335241834000044 51.858783417000041)","Unfall 51804 (2023) Kat:2, Licht: 0","51804","2","6","2","09","18","6","","0","0","1","0","0"
"POINT (8.556845403000068 51.931586360000040)","Unfall 51806 (2023) Kat:1, Licht: 0","51806","1","4","6","09","14","6","","0","0","1","1","0"
"POINT (8.553155928000024 52.022046636000027)","Unfall 51807 (2023) Kat:3, Licht: 0","51807","3","1","1","09","14","6","","0","1","1","0","0"
"POINT (8.531975844000044 52.015579478000063)","Unfall 51808 (2023) Kat:3, Licht: 0","51808","3","1","2","09","16","6","","0","0","1","0","0"
"POINT (8.553413027000033 52.073399746000064)","Unfall 51809 (2023) Kat:3, Licht: 0","51809","3","3","5","09","12","6","","0","1","0","0","0"
"POINT (8.476887427000065 52.040557662000026)","Unfall 51863 (2023) Kat:3, Licht: 0","51863","3","7","2","09","16","3","","0","0","1","0","0"
"POINT (8.600940408000042 52.058733411000048)","Unfall 51881 (2023) Kat:3, Licht: 0","51881","3","2","4","09","07","6","","0","0","1","0","0"
"POINT (8.457000011000048 51.965175212000076)","Unfall 51937 (2023) Kat:2, Licht: 0","51937","2","2","3","09","15","5","","0","1","0","0","0"
"POINT (8.547794363000037 52.027448329000038)","Unfall 51938 (2023) Kat:3, Licht: 0","51938","3","6","2","09","16","5","","0","0","1","0","0"
"POINT (8.549279400000046 52.057520452000063)","Unfall 51939 (2023) Kat:3, Licht: 2","51939","3","2","5","09","20","5","","2","1","1","0","0"
"POINT (8.633521723000058 52.018741785000032)","Unfall 52078 (2023) Kat:2, Licht: 0","52078","2","6","2","09","12","4","","0","0","1","0","0"
"POINT (8.523740837000048 52.016734395000071)","Unfall 52080 (2023) Kat:3, Licht: 0","52080","3","1","1","09","15","4","","0","0","1","0","0"
"POINT (8.574637472000063 52.041933315000051)","Unfall 52081 (2023) Kat:3, Licht: 2","52081","3","6","0","09","20","4","","2","0","1","0","0"
"POINT (8.529738092000059 52.016409815000031)","Unfall 52083 (2023) Kat:3, Licht: 0","52083","3","3","5","09","17","4","","0","1","1","0","0"
"POINT (8.519891577000067 52.016145298000026)","Unfall 52117 (2023) Kat:3, Licht: 0","52117","3","6","2","10","08","2","","0","0","1","0","0"
"POINT (8.519504323000035 51.966132351000056)","Unfall 52166 (2023) Kat:3, Licht: 0","52166","3","3","5","10","16","1","","0","1","1","0","0"
"POINT (8.554248149000045 52.035805500000038)","Unfall 52167 (2023) Kat:3, Licht: 2","52167","3","7","0","10","02","1","","2","0","0","0","0"
"POINT (8.559845625000037 52.037260966000076)","Unfall 52249 (2023) Kat:3, Licht: 2","52249","3","1","0","10","01","7","","2","0","0","0","0"