WKT,Name,OBJECTID,UKATEGORIE,UTYP1,UART,UMONAT,USTUNDE,UWOCHENTAG,STRZUSTAND,ULICHTVERH,ISTRAD,ISTPKW,ISTFUSS,ISTKRAD
"POINT (8.504729211000040 51.979669635000050)","Unfall 52349 (2023) Kat:3, Licht: 0","52349","3","6","8","10","13","6","","0","0","1","0","0"
"POINT (8.543409710000049 52.036324486000069)","Unfall 52424 (2023) Kat:3, Licht: 1","52424","3","7","0","10","18","5","","1","1","1","0","0"
"POINT (8.517811279000057 52.014412538000045)","Unfall 52499 (2023) Kat:3, Licht: 0","52499","3","1","2","10","17","4","","0","0","1","0","0"
"POINT (8.510521750000066 52.029980368000054)","Unfall 52500 (2023) Kat:3, Licht: 0","52500","3","2","5","10","09","4","","0","1","1","0","0"
"POINT (8.599183640000035 51.994951195000056)","Unfall 52634 (2023) Kat:3, Licht: 0","52634","3","1","0","10","15","2","","0","0","0","0","0"
"POINT (8.468187232000048 51.992805022000027)","Unfall 52720 (2023) Kat:2, Licht: 2","52720","2","1","8","10","21","1","","2","0","0","0","1"
"POINT (8.543271831000027 52.030606815000056)","Unfall 52721 (2023) Kat:3, Licht: 0","52721","3","7","4","10","14","1","","0","1","0","0","0"
"POINT (8.531903634000059 52.015782894000040)","Unfall 52849 (2023) Kat:3, Licht: 0","52849","3","7","6","10","13","5","","0","0","0","1","1"
"POINT (8.466384973000061 51.980808517000071)","Unfall 52914 (2023) Kat:3, Licht: 0","52914","3","7","0","09","16","6","","0","1","0","0","0"
"POINT (8.523224614000071 52.016485221000039)","Unfall 53047 (2023) Kat:3, Licht: 0","53047","3","2","2","09","15","5","","0","0","1","0","0"
"POINT (8.540069984000070 52.050289427000052)","Unfall 53048 (2023) Kat:3, Licht: 2","53048","3","4","6","09","19","5","","2","1","0","1","0"
"POINT (8.523486629000047 52.037572364000027)","Unfall 53049 (2023) Kat:3, Licht: 0","53049","3","3","3","09","07","5","","0","1","1","0","0"
"POINT (8.588122867000038 52.030827335000026)","Unfall 53170 (2023) Kat:3, Licht: 0","53170","3","2","5","09","07","4","","0","0","1","0","1"
"POINT (8.602510788000075 52.059830780000027)","Unfall 53171 (2023) Kat:3, Licht: 1","53171","3","5","1","09","06","4","","1","1","0","0","0"
"POINT (8.473888613000042 52.056173651000051)","Unfall 53184 (2023) Kat:2, Licht: 2","53184","2","1","8","10","23","5","","2","0","0","0","1"
"POINT (8.538398979000021 52.098557248000077)","Unfall 53420 (2023) Kat:2, Licht: 0","53420","2","5","1","09","17","7","","0","0","1","0","0"
"POINT (8.564166137000029 52.012297826000065)","Unfall 53447 (2023) Kat:3, Licht: 0","53447","3","7","1","10","09","6","","0","0","1","0","1"
"POINT (8.535349497000027 51.993820021000033)","Unfall 53468 (2023) Kat:3, Licht: 0","53468","3","3","5","09","13","2","","0","0","1","0","0"
"POINT (8.595790942000065 52.055240978000029)","Unfall 53469 (2023) Kat:3, Licht: 0","53469","3","6","2","09","17","2","","0","0","1","0","1"
"POINT (8.506485458000043 51.970650582000076)","Unfall 53601 (2023) Kat:3, Licht: 0","53601","3","6","4","09","14","1","","0","1","0","0","0"
"POINT (8.475345003000029 52.007253616000071)","Unfall 53602 (2023) Kat:3, Licht: 0","53602","3","1","0","09","16","1","","0","1","0","0","0"
"POINT (8.553957051000054 52.027615832000038)","Unfall 53604 (2023) Kat:2, Licht: 0","53604","2","1","8","09","07","1","","0","0","1","0","0"
"POINT (8.510108629000058 52.097720138000057)","Unfall 53605 (2023) Kat:3, Licht: 0","53605","3","6","0","09","16","1","","0","1","1","0","0"
"POINT (8.496743760000072 51.981322422000062)","Unfall 53706 (2023) Kat:3, Licht: 0","53706","3","6","2","09","17","7","","0","0","1","0","1"
"POINT (8.457125005000023 51.965263536000066)","Unfall 53829 (2023) Kat:3, Licht: 0","53829","3","6","2","10","09","6","","0","0","1","0","0"
"POINT (8.488313949000030 52.035712232000037)","Unfall 53830 (2023) Kat:2, Licht: 2","53830","2","1","8","10","23","6","","2","0","0","0","1"
"POINT (8.614209404000064 52.037244137000073)","Unfall 53930 (2023) Kat:3, Licht: 0","53930","3","1","5","10","13","5","","0","0","1","0","0"
"POINT (8.637870872000065 51.982931743000051)","Unfall 54026 (2023) Kat:3, Licht: 2","54026","3","2","5","10","18","4","","2","0","1","0","1"
"POINT (8.529806917000030 52.027960066000048)","Unfall 54027 (2023) Kat:3, Licht: 1","54027","3","4","6","10","17","4","","1","0","1","1","0"
"POINT (8.497803574000045 51.950168331000043)","Unfall 54132 (2023) Kat:3, Licht: 0","54132","3","3","5","10","17","3","","0","1","1","0","0"
"POINT (8.524988912000026 52.017187839000030)","Unfall 54133 (2023) Kat:3, Licht: 2","54133","3","2","3","10","07","3","","2","1","1","0","0"
"POINT (8.581723554000064 52.075271341000075)","Unfall 54134 (2023) Kat:3, Licht: 2","54134","3","3","5","10","07","3","","2","0","1","0","0"
"POINT (8.537342935000027 52.012386627000069)","Unfall 54206 (2023) Kat:3, Licht: 2","54206","3","6","2","10","18","3","","2","0","1","0","0"
"POINT (8.500292359000071 51.955835817000036)","Unfall 54269 (2023) Kat:3, Licht: 0","54269","3","6","4","10","10","2","","0","0","1","0","0"
"POINT (8.542734916000029 52.016470827000035)","Unfall 54270 (2023) Kat:3, Licht: 0","54270","3","2","5","10","10","2","","0","1","1","0","0"
"POINT (8.529125279000027 52.027720225000053)","Unfall 54271 (2023) Kat:3, Licht: 0","54271","3","6","2","10","09","2","","0","0","1","0","0"
"POINT (8.624050659000034 52.004941944000052)","Unfall 54416 (2023) Kat:3, Licht: 0","54416","3","1","8","10","08","7","","0","0","1","0","0"
"POINT (8.537689022000052 52.012225364000074)","Unfall 54417 (2023) Kat:3, Licht: 0","54417","3","6","2","10","10","7","","0","0","1","0","0"
"POINT (8.615214805000051 51.977316087000077)","Unfall 54550 (2023) Kat:3, Licht: 0","54550","3","6","2","10","16","6","","0","0","1","0","0"
"POINT (8.509355151000022 51.981118008000067)","Unfall 54553 (2023) Kat:2, Licht: 2","54553","2","4","6","10","18","6","","2","0","1","1","0"
"POINT (8.565602933000037 52.024283007000065)","Unfall 54554 (2023) Kat:3, Licht: 0","54554","3","2","0","10","16","6","","0","0","0","0","1"
"POINT (8.571494030000053 52.036195275000068)","Unfall 54555 (2023) Kat:3, Licht: 0","54555","3","6","2","10","13","6","","0","0","1","0","0"
"POINT (8.585890450000022 52.049423811000054)","Unfall 54556 (2023) Kat:3, Licht: 2","54556","3","6","2","10","07","6","","2","0","1","0","0"
"POINT (8.521853017000069 51.943574861000059)","Unfall 54704 (2023) Kat:3, Licht: 1","54704","3","1","2","10","07","5","","1","0","1","0","0"
"POINT (8.522984189000056 52.041242587000056)","Unfall 54705 (2023) Kat:2, Licht: 0","54705","2","3","3","10","16","5","","0","1","0","0","0"
"POINT (8.530711040000028 52.090685118000067)","Unfall 54706 (2023) Kat:3, Licht: 0","54706","3","6","2","10","11","5","","0","0","1","0","1"
"POINT (8.602081477000070 52.036813138000070)","Unfall 54812 (2023) Kat:3, Licht: 0","54812","3","7","0","10","12","4","","0","1","1","0","0"
"POINT (8.526923098000054 51.953034942000045)","Unfall 54935 (2023) Kat:3, Licht: 2","54935","3","3","5","10","05","3","","2","0","1","0","0"
"POINT (8.612489073000063 52.038578298000061)","Unfall 54936 (2023) Kat:3, Licht: 0","54936","3","6","2","10","13","3","","0","0","1","0","0"
"POINT (8.627615228000025 51.987124928000071)","Unfall 55144 (2023) Kat:3, Licht: 0","55144","3","7","1","10","09","1","","0","0","1","0","0"
"POINT (8.494539796000026 52.066895126000077)","Unfall 55145 (2023) Kat:3, Licht: 0","55145","3","6","2","10","14","1","","0","0","1","0","0"
"POINT (8.519543695000038 51.943953530000044)","Unfall 55224 (2023) Kat:2, Licht: 0","55224","2","1","8","10","09","7","","0","0","1","0","0"
"POINT (8.506276884000044 51.970529611000075)","Unfall 55348 (2023) Kat:3, Licht: 0","55348","3","3","5","10","13","6","","0","1","1","0","0"
"POINT (8.619999198000073 51.999196256000062)","Unfall 55479 (2023) Kat:3, Licht: 0","55479","3","1","8","10","11","5","","0","0","1","0","0"
"POINT (8.581280442000036 51.945034237000073)","Unfall 55480 (2023) Kat:3, Licht: 2","55480","3","6","2","10","20","5","","2","0","1","0","0"
"POINT (8.482718591000037 51.979672235000066)","Unfall 55636 (2023) Kat:1, Licht: 2","55636","1","4","6","10","05","4","","2","0","1","1","0"
"POINT (8.594185046000064 52.039156533000039)","Unfall 55799 (2023) Kat:3, Licht: 0","55799","3","6","2","10","12","3","","0","0","1","0","0"
"POINT (8.458965001000024 51.999570447000053)","Unfall 55938 (2023) Kat:3, Licht: 2","55938","3","3","5","11","06","5","","2","1","1","0","0"
"POINT (8.543894963000071 52.079822470000067)","Unfall 55939 (2023) Kat:3, Licht: 0","55939","3","3","5","11","13","5","","0","1","1","0","0"
"POINT (8.565596591000030 52.038361154000029)","Unfall 56019 (2023) Kat:3, Licht: 2","56019","3","4","6","11","17","4","","2","0","1","1","0"
"POINT (8.601538404000053 52.037964655000053)","Unfall 56020 (2023) Kat:3, Licht: 0","56020","3","1","6","11","14","4","","0","0","1","1","0"
"POINT (8.520251643000051 52.016261622000059)","Unfall 56127 (2023) Kat:3, Licht: 0","56127","3","6","3","11","16","3","","0","0","1","0","0"
"POINT (8.524136103000046 52.017591481000068)","Unfall 56128 (2023) Kat:3, Licht: 0","56128","3","6","3","11","12","3","","0","0","1","0","0"
"POINT (8.607431477000034 51.992309619000082)","Unfall 56238 (2023) Kat:3, Licht: 0","56238","3","3","0","11","07","2","","0","1","1","0","0"
"POINT (8.520713988000068 51.943899039000030)","Unfall 56307 (2023) Kat:3, Licht: 2","56307","3","1","9","11","06","1","","2","0","1","0","0"
"POINT (8.532001335000075 52.015726047000044)","Unfall 56308 (2023) Kat:3, Licht: 2","56308","3","6","2","11","17","1","","2","0","1","0","0"
"POINT (8.554357051000068 52.028850362000071)","Unfall 56469 (2023) Kat:3, Licht: 0","56469","3","6","2","11","15","6","","0","0","1","0","0"
"POINT (8.549706448000052 52.021786952000070)","Unfall 56470 (2023) Kat:3, Licht: 2","56470","3","5","1","11","19","6","","2","0","1","0","0"
"POINT (8.614678808000065 52.071595905000038)","Unfall 56471 (2023) Kat:3, Licht: 0","56471","3","3","7","11","14","6","","0","0","1","0","0"
"POINT (8.523506781000037 52.036622860000080)","Unfall 56472 (2023) Kat:3, Licht: 0","56472","3","2","5","11","14","6","","0","1","1","0","0"
"POINT (8.524185062000072 52.034069116000069)","Unfall 56473 (2023) Kat:3, Licht: 0","56473","3","2","2","11","16","6","","0","1","1","0","0"
"POINT (8.465661359000023 51.978511075000029)","Unfall 56580 (2023) Kat:1, Licht: 0","56580","1","1","1","11","16","5","","0","0","1","0","0"
"POINT (8.559461131000035 52.004370151000046)","Unfall 56658 (2023) Kat:3, Licht: 2","56658","3","2","5","11","01","4","","2","1","1","0","0"
"POINT (8.553255664000062 52.020726398000079)","Unfall 56784 (2023) Kat:3, Licht: 2","56784","3","4","6","10","18","3","","2","1","0","1","0"
"POINT (8.515147820000038 52.088971871000069)","Unfall 56920 (2023) Kat:3, Licht: 0","56920","3","2","4","11","15","7","","0","0","1","0","0"
"POINT (8.529065898000056 51.926410992000058)","Unfall 56937 (2023) Kat:2, Licht: 2","56937","2","1","8","10","20","2","","2","0","1","0","0"
"POINT (8.555475555000044 52.005066943000031)","Unfall 56938 (2023) Kat:3, Licht: 1","56938","3","4","6","10","06","2","","1","0","1","1","0"
"POINT (8.522947159000068 52.041935825000053)","Unfall 56939 (2023) Kat:2, Licht: 1","56939","2","7","2","10","17","2","","1","0","1","0","1"
"POINT (8.484404574000052 52.037125360000061)","Unfall 57032 (2023) Kat:3, Licht: 2","57032","3","3","5","10","17","3","","2","1","1","0","0"
"POINT (8.608988122000028 51.931782657000042)","Unfall 57118 (2023) Kat:3, Licht: 2","57118","3","3","5","10","20","7","","2","1","1","0","0"
"POINT (8.552693970000064 52.023967599000059)","Unfall 57119 (2023) Kat:3, Licht: 0","57119","3","3","5","10","16","7","","0","1","1","0","0"
"POINT (8.522279133000040 52.025851534000026)","Unfall 57120 (2023) Kat:3, Licht: 0","57120","3","7","9","10","14","7","","0","0","1","0","0"
"POINT (8.499656608000066 52.000864079000053)","Unfall 57198 (2023) Kat:3, Licht: 2","57198","3","1","1","11","01","7","","2","0","1","0","0"
"POINT (8.526454360000059 52.019540754000047)","Unfall 57199 (2023) Kat:3, Licht: 2","57199","3","7","5","11","18","7","","2","1","1","0","0"
"POINT (8.577205390000074 52.028688871000043)","Unfall 57312 (2023) Kat:2, Licht: 2","57312","2","2","6","11","21","6","","2","0","1","1","0"
"POINT (8.566912239000033 52.035433111000032)","Unfall 57313 (2023) Kat:3, Licht: 0","57313","3","7","3","11","14","6","","0","1","1","0","0"
"POINT (8.525572183000065 52.032889341000043)","Unfall 57314 (2023) Kat:3, Licht: 2","57314","3","3","5","11","19","6","","2","0","1","0","0"
"POINT (8.524809439000023 52.038385607000066)","Unfall 57315 (2023) Kat:3, Licht: 0","57315","3","2","5","11","08","6","","0","1","1","0","0"
"POINT (8.486603461000072 51.997707612000056)","Unfall 57319 (2023) Kat:3, Licht: 0","57319","3","3","6","11","10","7","","0","0","1","1","0"
"POINT (8.549715314000025 52.049483797000050)","Unfall 57419 (2023) Kat:3, Licht: 2","57419","3","2","6","11","17","5","","2","0","1","1","0"
"POINT (8.605380658000058 52.040813823000065)","Unfall 57507 (2023) Kat:3, Licht: 0","57507","3","2","5","11","15","4","","0","0","1","0","0"
"POINT (8.513703671000030 52.096875871000066)","Unfall 57602 (2023) Kat:2, Licht: 0","57602","2","7","0","11","10","3","","0","1","0","0","0"
"POINT (8.575409872000023 52.069123189000038)","Unfall 57713 (2023) Kat:2, Licht: 0","57713","2","7","8","11","13","2","","0","0","1","0","0"
"POINT (8.601113785000052 52.058854239000027)","Unfall 57891 (2023) Kat:3, Licht: 2","57891","3","6","2","11","18","7","","2","0","1","0","0"
"POINT (8.598377222000067 52.070940206000046)","Unfall 58004 (2023) Kat:3, Licht: 2","58004","3","7","0","11","23","6","","2","0","0","1","0"
"POINT (8.554910988000074 52.059543259000066)","Unfall 58005 (2023) Kat:3, Licht: 0","58005","3","3","5","11","15","6","","0","1","1","0","0"
"POINT (8.573601980000035 52.041319600000065)","Unfall 58082 (2023) Kat:3, Licht: 0","58082","3","5","2","11","10","4","","0","0","1","0","0"
"POINT (8.549164275000066 52.048321146000035)","Unfall 58092 (2023) Kat:3, Licht: 1","58092","3","3","5","11","17","5","","1","1","1","0","0"
"POINT (8.490540482000029 52.000813952000044)","Unfall 58374 (2023) Kat:3, Licht: 2","58374","3","7","8","11","22","3","","2","0","1","0","0"
"POINT (8.561555697000074 52.034248659000070)","Unfall 58375 (2023) Kat:3, Licht: 0","58375","3","6","2","11","07","3","","0","0","1","0","0"
"POINT (8.555518148000033 52.022175070000060)","Unfall 58376 (2023) Kat:3, Licht: 0","58376","3","3","5","11","10","3","","0","0","1","0","0"
"POINT (8.566894817000048 52.063124969000057)","Unfall 58548 (2023) Kat:3, Licht: 2","58548","3","3","5","11","20","7","","2","0","1","0","0"
"POINT (8.609281006000060 51.969950540000070)","Unfall 58591 (2023) Kat:2, Licht: 0","58591","2","1","8","11","10","1","","0","0","1","0","0"
"POINT (8.558735386000023 52.003334313000039)","Unfall 58654 (2023) Kat:3, Licht: 1","58654","3","3","0","11","14","7","","1","0","1","0","0"
"POINT (8.526408630000049 52.057377754000072)","Unfall 58812 (2023) Kat:3, Licht: 0","58812","3","7","0","11","14","6","","0","0","1","0","0"
"POINT (8.462929826000050 52.058853859000067)","Unfall 58820 (2023) Kat:2, Licht: 0","58820","2","1","8","11","13","6","","0","1","0","0","0"
"POINT (8.598362326000029 51.995951566000031)","Unfall 58957 (2023) Kat:3, Licht: 0","58957","3","6","1","12","15","3","","0","0","1","0","0"
"POINT (8.490221570000074 51.998313574000065)","Unfall 59034 (2023) Kat:3, Licht: 1","59034","3","4","6","12","16","2","","1","0","1","1","0"
"POINT (8.543169722000073 52.033477647000041)","Unfall 59035 (2023) Kat:2, Licht: 2","59035","2","2","5","12","17","2","","2","0","1","0","0"
"POINT (8.588122867000038 52.030827335000026)","Unfall 59036 (2023) Kat:3, Licht: 2","59036","3","3","5","12","17","2","","2","0","1","0","1"
"POINT (8.515460322000024 52.028608438000049)","Unfall 59090 (2023) Kat:3, Licht: 0","59090","3","2","6","12","13","1","","0","0","1","1","0"
"POINT (8.652597229000037 52.045200000000079)","Unfall 59284 (2023) Kat:3, Licht: 0","59284","3","1","9","12","10","5","","0","0","0","0","0"
"POINT (8.509323164000023 52.008876831000066)","Unfall 59289 (2023) Kat:3, Licht: 2","59289","3","6","2","12","16","5","","2","0","1","0","0"
"POINT (8.657758828000055 52.053839632000063)","Unfall 59295 (2023) Kat:3, Licht: 0","59295","3","6","2","12","11","5","","0","0","1","0","0"
"POINT (8.570179726000049 51.954560707000041)","Unfall 59398 (2023) Kat:2, Licht: 2","59398","2","6","3","12","17","4","","2","0","1","0","0"
"POINT (8.534883756000056 51.951504575000058)","Unfall 59517 (2023) Kat:3, Licht: 2","59517","3","3","5","12","06","3","","2","1","1","0","0"
"POINT (8.548903476000021 52.021754026000053)","Unfall 59608 (2023) Kat:3, Licht: 0","59608","3","3","5","12","12","2","","0","0","1","0","0"
"POINT (8.521716331000050 52.095232288000034)","Unfall 59609 (2023) Kat:3, Licht: 2","59609","3","4","6","12","07","2","","2","0","1","1","0"
"POINT (8.553132750000032 52.057021263000081)","Unfall 59610 (2023) Kat:3, Licht: 1","59610","3","3","5","12","07","2","","1","1","1","0","0"
"POINT (8.474752357000057 51.974398291000057)","Unfall 59664 (2023) Kat:2, Licht: 0","59664","2","1","9","12","08","1","","0","0","1","0","0"
"POINT (8.542689736000057 52.015530835000050)","Unfall 59665 (2023) Kat:3, Licht: 0","59665","3","7","6","12","16","1","","0","0","1","1","0"
"POINT (8.559161645000074 52.004552520000061)","Unfall 59746 (2023) Kat:3, Licht: 0","59746","3","7","2","12","14","7","","0","0","1","0","0"
"POINT (8.549732024000036 52.006123329000047)","Unfall 59747 (2023) Kat:3, Licht: 2","59747","3","3","6","12","17","7","","2","0","1","1","0"
"POINT (8.636210669000036 52.026005773000065)","Unfall 59844 (2023) Kat:3, Licht: 0","59844","3","6","2","12","13","6","","0","0","1","0","0"
"POINT (8.470458461000021 51.955284554000059)","Unfall 59847 (2023) Kat:3, Licht: 2","59847","3","4","6","12","07","6","","2","0","1","1","0"
"POINT (8.514911744000074 51.987758756000062)","Unfall 59848 (2023) Kat:2, Licht: 1","59848","2","2","6","12","17","6","","1","0","0","1","0"
"POINT (8.594716092000056 52.011601535000068)","Unfall 59849 (2023) Kat:3, Licht: 0","59849","3","6","2","12","13","6","","0","0","1","0","0"
"POINT (8.567806031000032 52.002340243000049)","Unfall 59850 (2023) Kat:3, Licht: 2","59850","3","2","6","12","17","6","","2","0","1","1","0"
"POINT (8.598057597000036 52.015180946000044)","Unfall 59851 (2023) Kat:3, Licht: 2","59851","3","5","1","12","19","6","","2","0","1","0","0"
"POINT (8.610219376000032 52.033132156000079)","Unfall 59962 (2023) Kat:3, Licht: 0","59962","3","6","2","12","10","5","","0","0","1","0","0"
"POINT (8.526976124000043 52.017051748000029)","Unfall 59973 (2023) Kat:3, Licht: 0","59973","3","4","6","12","09","6","","0","1","0","1","0"
"POINT (8.597996689000070 51.995909712000071)","Unfall 59991 (2023) Kat:3, Licht: 0","59991","3","7","0","12","15","5","","0","0","1","0","0"
"POINT (8.571831625000073 52.026524379000080)","Unfall 59992 (2023) Kat:3, Licht: 2","59992","3","4","6","12","19","5","","2","0","1","1","0"
"POINT (8.547658599000044 52.057583538000074)","Unfall 59993 (2023) Kat:2, Licht: 0","59993","2","3","5","12","12","5","","0","1","1","0","0"
"POINT (8.538646866000022 51.940218915000059)","Unfall 60082 (2023) Kat:3, Licht: 1","60082","3","7","9","12","15","4","","1","0","1","0","0"
"POINT (8.615220508000050 51.988071793000074)","Unfall 60083 (2023) Kat:3, Licht: 0","60083","3","6","3","12","14","4","","0","0","1","0","0"
"POINT (8.558735263000074 52.003344864000042)","Unfall 60084 (2023) Kat:3, Licht: 0","60084","3","3","5","12","09","4","","0","0","1","0","0"
"POINT (8.520098229000041 51.943814886000041)","Unfall 60228 (2023) Kat:3, Licht: 0","60228","3","6","3","12","11","3","","0","0","1","0","0"
"POINT (8.542302358000029 51.974983692000080)","Unfall 60368 (2023) Kat:3, Licht: 0","60368","3","6","2","12","08","2","","0","0","1","0","0"
"POINT (8.606809718000022 51.997662800000057)","Unfall 60369 (2023) Kat:2, Licht: 2","60369","2","1","0","12","06","2","","2","0","0","0","1"
"POINT (8.559732192000070 52.037032693000072)","Unfall 60413 (2023) Kat:3, Licht: 0","60413","3","7","5","12","14","6","","0","0","1","0","0"
"POINT (8.597810046000063 51.995773939000060)","Unfall 60492 (2023) Kat:3, Licht: 0","60492","3","6","2","12","13","7","","0","0","1","0","0"
"POINT (8.556120652000061 52.062861175000080)","Unfall 60596 (2023) Kat:3, Licht: 0","60596","3","6","4","12","07","6","","0","1","0","0","0"
"POINT (8.558287358000030 51.949287044000073)","Unfall 60726 (2023) Kat:3, Licht: 0","60726","3","6","2","11","16","5","","0","0","1","0","0"
"POINT (8.571955547000073 52.035314312000082)","Unfall 60727 (2023) Kat:3, Licht: 2","60727","3","6","2","11","18","5","","2","0","1","0","0"
"POINT (8.533635570000058 51.933872042000075)","Unfall 60860 (2023) Kat:3, Licht: 2","60860","3","6","3","11","05","4","","2","0","1","0","0"
"POINT (8.534714631000043 51.935451481000030)","Unfall 60861 (2023) Kat:2, Licht: 0","60861","2","6","2","11","15","4","","0","0","1","0","0"
"POINT (8.477436960000034 51.979826541000079)","Unfall 60895 (2023) Kat:2, Licht: 0","60895","2","6","6","12","14","3","","0","0","1","1","0"
"POINT (9.060854435000067 52.220213562000026)","Unfall 61162 (2023) Kat:3, Licht: 2","61162","3","6","9","12","03","1","","2","0","1","0","0"
"POINT (8.459271176000073 51.966785334000065)","Unfall 61221 (2023) Kat:3, Licht: 2","61221","3","6","2","11","18","2","","2","0","1","0","0"
"POINT (8.607140544000060 51.997818122000069)","Unfall 61222 (2023) Kat:2, Licht: 0","61222","2","2","5","11","11","2","","0","0","1","0","0"
"POINT (8.528759063000052 52.029895508000038)","Unfall 61223 (2023) Kat:3, Licht: 2","61223","3","2","6","11","18","2","","2","0","1","1","0"
"POINT (8.605622161000042 51.988403531000074)","Unfall 61725 (2023) Kat:3, Licht: 0","61725","3","1","8","12","15","6","","0","0","1","0","0"
"POINT (8.485743039000056 52.036745946000053)","Unfall 61781 (2023) Kat:3, Licht: 2","61781","3","6","1","12","20","5","","2","0","1","0","0"
"POINT (8.584841361000031 52.010618780000073)","Unfall 61876 (2023) Kat:3, Licht: 2","61876","3","7","0","12","02","3","","2","0","1","0","0"
"POINT (8.544921937000026 52.041878360000055)","Unfall 61926 (2023) Kat:3, Licht: 0","61926","3","1","9","12","12","2","","0","0","0","0","1"
"POINT (8.565667983000026 51.967583039000033)","Unfall 62044 (2023) Kat:3, Licht: 2","62044","3","3","5","12","18","7","","2","0","1","0","0"
"POINT (8.559238944000072 52.022514437000041)","Unfall 62045 (2023) Kat:2, Licht: 2","62045","2","4","6","12","19","7","","2","0","1","1","0"
"POINT (8.625853426000049 51.992719350000073)","Unfall 62153 (2023) Kat:3, Licht: 2","62153","3","6","3","12","06","6","","2","0","1","0","0"
"POINT (8.558735466000030 52.003327378000051)","Unfall 62154 (2023) Kat:3, Licht: 0","62154","3","3","5","12","15","6","","0","0","1","0","0"
"POINT (8.523846899000034 52.023842465000030)","Unfall 62155 (2023) Kat:2, Licht: 1","62155","2","2","6","12","16","6","","1","0","1","1","0"
"POINT (8.622737434000044 52.003391703000034)","Unfall 62297 (2023) Kat:3, Licht: 2","62297","3","6","2","12","19","5","","2","0","1","0","0"
"POINT (8.492760945000043 51.980431088000046)","Unfall 62299 (2023) Kat:3, Licht: 2","62299","3","2","5","12","19","5","","2","0","1","0","0"
"POINT (8.611215114000061 52.004017898000029)","Unfall 62300 (2023) Kat:3, Licht: 2","62300","3","7","0","12","21","5","","2","1","0","0","0"
"POINT (8.606221443000038 52.029496347000077)","Unfall 62421 (2023) Kat:3, Licht: 2","62421","3","1","6","12","16","4","","2","0","1","1","0"
"POINT (8.626347718000034 51.987437067000030)","Unfall 62423 (2023) Kat:2, Licht: 2","62423","2","2","6","12","17","4","","2","0","0","1","0"
"POINT (8.564572304000023 52.038116539000043)","Unfall 62424 (2023) Kat:3, Licht: 2","62424","3","7","5","12","17","4","","2","0","1","0","0"
"POINT (8.503186212000060 52.031113130000051)","Unfall 62425 (2023) Kat:3, Licht: 2","62425","3","5","1","12","16","4","","2","0","1","0","0"
"POINT (8.605431222000050 52.040822943000080)","Unfall 62426 (2023) Kat:3, Licht: 2","62426","3","2","4","12","21","4","","2","0","1","0","0"
"POINT (8.516855616000043 52.028248271000052)","Unfall 62427 (2023) Kat:2, Licht: 2","62427","2","1","8","12","22","4","","2","0","0","0","0"
"POINT (8.588819620000038 52.000008502000071)","Unfall 170487 (2023) Kat:3, Licht: 0","170487","3","4","6","01","16","2","","0","0","1","1","0"
"POINT (8.500820438000062 52.048514875000080)","Unfall 170488 (2023) Kat:2, Licht: 2","170488","2","4","6","01","18","2","","2","0","1","1","0"
"POINT (8.534237475000054 52.021627194000075)","Unfall 170642 (2023) Kat:3, Licht: 1","170642","3","3","5","01","07","4","","1","0","1","0","1"
"POINT (8.531601075000026 52.027334295000060)","Unfall 170672 (2023) Kat:3, Licht: 2","170672","3","2","4","01","17","5","","2","1","1","0","0"
"POINT (8.497173156000031 51.984238718000029)","Unfall 170743 (2023) Kat:2, Licht: 1","170743","2","4","6","01","17","4","","1","0","1","1","0"
"POINT (8.528343617000075 52.012232515000051)","Unfall 170822 (2023) Kat:3, Licht: 0","170822","3","7","6","01","15","3","","0","0","1","1","0"
"POINT (8.591154833000076 51.948455358000047)","Unfall 170823 (2023) Kat:2, Licht: 0","170823","2","7","6","01","13","3","","0","0","0","1","0"
"POINT (8.516246569000032 51.986943938000081)","Unfall 170825 (2023) Kat:3, Licht: 0","170825","3","1","0","01","08","3","","0","1","0","0","0"
"POINT (8.501408953000066 52.036703539000030)","Unfall 170913 (2023) Kat:3, Licht: 2","170913","3","6","2","01","16","4","","2","0","1","0","0"
"POINT (8.585359747000041 51.925460147000081)","Unfall 171097 (2023) Kat:3, Licht: 0","171097","3","5","1","01","10","3","","0","0","1","0","0"
"POINT (8.636306315000070 52.047901001000071)","Unfall 171098 (2023) Kat:3, Licht: 1","171098","3","3","5","01","16","3","","1","1","1","0","0"
"POINT (8.561086660000058 52.008913444000029)","Unfall 171099 (2023) Kat:3, Licht: 2","171099","3","4","6","01","18","3","","2","0","1","1","0"
"POINT (8.544074939000041 52.046364115000074)","Unfall 171130 (2023) Kat:2, Licht: 0","171130","2","4","6","01","15","2","","0","0","1","1","0"
"POINT (8.538159949000033 52.033359671000028)","Unfall 171582 (2023) Kat:3, Licht: 1","171582","3","2","5","02","08","4","","1","1","1","0","0"
"POINT (8.593846830000075 51.950198292000039)","Unfall 171596 (2023) Kat:3, Licht: 0","171596","3","4","6","02","08","6","","0","0","1","1","0"
"POINT (8.529106589000037 52.023025141000062)","Unfall 171650 (2023) Kat:2, Licht: 0","171650","2","2","5","02","12","3","","0","1","1","0","0"