WKT,Name,OBJECTID,UKATEGORIE,UTYP1,UART,UMONAT,USTUNDE,UWOCHENTAG,STRZUSTAND,ULICHTVERH,ISTRAD,ISTPKW,ISTFUSS,ISTKRAD
"POINT (8.533021791000067 52.023251507000055)","Unfall 181817 (2023) Kat:2, Licht: 2","181817","2","1","9","07","23","7","","2","0","1","0","0"
"POINT (8.515415434000033 52.002045145000068)","Unfall 181846 (2023) Kat:3, Licht: 0","181846","3","6","0","07","13","4","","0","0","0","0","0"
"POINT (8.506635413000026 52.046221434000074)","Unfall 182075 (2023) Kat:3, Licht: 0","182075","3","2","0","08","16","5","","0","1","1","0","0"
"POINT (8.563038680000034 52.027550112000029)","Unfall 182180 (2023) Kat:3, Licht: 0","182180","3","1","5","08","13","3","","0","0","1","0","0"
"POINT (8.607387615000050 51.953885570000068)","Unfall 182227 (2023) Kat:3, Licht: 0","182227","3","7","6","07","17","2","","0","0","0","1","0"
"POINT (8.525500055000066 52.026219240000046)","Unfall 182269 (2023) Kat:3, Licht: 0","182269","3","2","4","07","16","1","","0","0","1","0","1"
"POINT (8.594145369000046 51.950415214000031)","Unfall 182303 (2023) Kat:3, Licht: 0","182303","3","4","6","07","10","7","","0","0","1","1","0"
"POINT (8.507956149000051 51.988182372000040)","Unfall 182304 (2023) Kat:3, Licht: 0","182304","3","7","6","07","17","7","","0","1","0","1","0"
"POINT (8.512269131000039 52.051538939000068)","Unfall 182421 (2023) Kat:2, Licht: 0","182421","2","2","2","07","08","5","","0","0","1","0","0"
"POINT (8.523136033000071 52.048990259000050)","Unfall 182422 (2023) Kat:2, Licht: 0","182422","2","3","5","07","17","5","","0","0","1","0","0"
"POINT (8.532977717000051 52.012829111000030)","Unfall 182469 (2023) Kat:3, Licht: 0","182469","3","1","0","07","16","4","","0","0","0","0","0"
"POINT (8.538187227000037 52.021371855000041)","Unfall 182470 (2023) Kat:2, Licht: 0","182470","2","1","1","07","20","4","","0","1","1","0","0"
"POINT (8.547888642000032 52.035297011000068)","Unfall 182516 (2023) Kat:3, Licht: 0","182516","3","3","5","07","09","3","","0","1","1","0","0"
"POINT (8.571851227000025 52.000109030000033)","Unfall 182559 (2023) Kat:3, Licht: 0","182559","3","3","5","07","13","2","","0","1","1","0","0"
"POINT (8.520822906000035 51.981149735000031)","Unfall 182601 (2023) Kat:3, Licht: 0","182601","3","6","2","07","18","1","","0","0","1","0","0"
"POINT (8.652781317000063 52.050823678000029)","Unfall 182630 (2023) Kat:3, Licht: 0","182630","3","7","6","08","17","2","","0","0","1","1","0"
"POINT (8.586941947000071 51.940859749000026)","Unfall 182706 (2023) Kat:3, Licht: 1","182706","3","3","5","07","21","6","","1","0","1","0","0"
"POINT (8.556434756000044 52.039532365000071)","Unfall 182755 (2023) Kat:3, Licht: 0","182755","3","7","7","08","18","5","","0","0","0","1","1"
"POINT (8.571505551000030 52.031076928000061)","Unfall 182768 (2023) Kat:3, Licht: 0","182768","3","6","4","07","15","5","","0","1","0","0","0"
"POINT (8.486500923000051 52.039440597000066)","Unfall 182827 (2023) Kat:2, Licht: 0","182827","2","3","0","07","15","4","","0","1","1","0","0"
"POINT (8.498683335000067 51.996757240000079)","Unfall 182878 (2023) Kat:3, Licht: 2","182878","3","7","0","08","21","2","","2","1","0","0","0"
"POINT (8.498671699000056 51.996741568000061)","Unfall 182879 (2023) Kat:2, Licht: 2","182879","2","7","0","08","21","2","","2","1","0","0","0"
"POINT (8.538853660000029 52.020837835000066)","Unfall 182880 (2023) Kat:2, Licht: 2","182880","2","4","6","08","20","2","","2","0","1","1","0"
"POINT (8.533031582000035 52.023239587000035)","Unfall 182984 (2023) Kat:3, Licht: 0","182984","3","1","0","08","06","7","","0","0","1","0","0"
"POINT (8.539741887000048 52.028836551000040)","Unfall 182985 (2023) Kat:3, Licht: 0","182985","3","5","0","08","12","7","","0","1","0","0","0"
"POINT (8.520444027000053 52.012138878000030)","Unfall 183050 (2023) Kat:3, Licht: 0","183050","3","2","5","08","13","6","","0","1","1","0","0"
"POINT (8.539070592000030 52.040125652000029)","Unfall 183051 (2023) Kat:3, Licht: 0","183051","3","5","1","08","07","6","","0","1","1","0","0"
"POINT (8.538159985000050 52.033337026000027)","Unfall 183101 (2023) Kat:3, Licht: 0","183101","3","1","8","08","20","6","","0","1","0","0","0"
"POINT (8.565494858000022 52.036524678000035)","Unfall 183132 (2023) Kat:3, Licht: 2","183132","3","1","0","08","03","5","","2","1","1","0","0"
"POINT (8.585967901000060 51.940222084000027)","Unfall 183198 (2023) Kat:3, Licht: 0","183198","3","7","0","08","18","4","","0","0","0","0","0"
"POINT (8.527180899000030 52.055792820000079)","Unfall 183199 (2023) Kat:2, Licht: 0","183199","2","2","5","08","12","4","","0","1","1","0","0"
"POINT (8.498694011000055 51.984766474000025)","Unfall 183283 (2023) Kat:2, Licht: 0","183283","2","3","5","08","15","3","","0","0","1","0","0"
"POINT (8.532155137000075 52.002584879000040)","Unfall 183372 (2023) Kat:3, Licht: 0","183372","3","6","6","08","07","2","","0","0","1","1","0"
"POINT (8.514865885000063 52.094631289000063)","Unfall 183465 (2023) Kat:3, Licht: 0","183465","3","6","3","08","17","3","","0","1","1","0","0"
"POINT (8.515903296000033 52.024268022000058)","Unfall 183500 (2023) Kat:3, Licht: 2","183500","3","3","5","08","21","7","","2","1","1","0","0"
"POINT (8.531984957000077 52.022660225000038)","Unfall 183586 (2023) Kat:3, Licht: 2","183586","3","4","6","08","23","6","","2","0","1","1","0"
"POINT (8.533970657000054 52.022017707000032)","Unfall 183698 (2023) Kat:3, Licht: 0","183698","3","7","6","08","19","5","","0","0","1","1","0"
"POINT (8.530077811000069 52.021457619000046)","Unfall 183699 (2023) Kat:3, Licht: 0","183699","3","1","4","08","07","5","","0","1","1","0","0"
"POINT (8.533970079000028 52.022018403000061)","Unfall 183700 (2023) Kat:3, Licht: 0","183700","3","7","6","08","19","5","","0","0","1","1","0"
"POINT (8.516860004000023 52.037042415000030)","Unfall 183976 (2023) Kat:3, Licht: 2","183976","3","3","5","09","23","7","","2","1","1","0","0"
"POINT (8.532433459000060 52.040817269000058)","Unfall 184065 (2023) Kat:3, Licht: 0","184065","3","3","5","09","16","6","","0","0","1","0","0"
"POINT (8.480929379000031 52.057587682000076)","Unfall 184066 (2023) Kat:3, Licht: 0","184066","3","1","0","09","11","6","","0","0","1","1","0"
"POINT (8.587141409000026 51.955279566000058)","Unfall 184147 (2023) Kat:2, Licht: 0","184147","2","1","0","08","13","5","","0","0","0","0","1"
"POINT (8.514368957000045 51.979918935000057)","Unfall 184226 (2023) Kat:3, Licht: 0","184226","3","2","3","08","13","4","","0","1","1","0","0"
"POINT (8.502810888000056 52.036607568000079)","Unfall 184300 (2023) Kat:3, Licht: 2","184300","3","7","9","08","21","3","","2","0","0","0","1"
"POINT (8.515119439000046 52.036024308000037)","Unfall 184301 (2023) Kat:3, Licht: 0","184301","3","3","5","08","15","3","","0","1","1","0","0"
"POINT (8.511202021000031 52.039542592000032)","Unfall 184302 (2023) Kat:2, Licht: 0","184302","2","2","2","08","19","3","","0","1","0","0","1"
"POINT (8.515114912000058 52.095551644000068)","Unfall 184303 (2023) Kat:3, Licht: 2","184303","3","4","6","08","21","3","","2","0","0","1","0"
"POINT (8.537923276000072 52.033505442000035)","Unfall 184304 (2023) Kat:3, Licht: 0","184304","3","6","3","08","09","3","","0","1","1","0","0"
"POINT (8.562939922000055 52.032064690000027)","Unfall 184367 (2023) Kat:3, Licht: 0","184367","3","3","5","08","11","2","","0","1","1","0","0"
"POINT (8.607782852000071 52.068164803000059)","Unfall 184413 (2023) Kat:3, Licht: 0","184413","3","3","5","08","19","1","","0","0","1","0","1"
"POINT (8.597568644000035 52.015280603000065)","Unfall 184577 (2023) Kat:3, Licht: 0","184577","3","3","0","08","16","6","","0","1","1","0","0"
"POINT (8.542130301000043 52.033183612000073)","Unfall 184578 (2023) Kat:3, Licht: 2","184578","3","1","8","08","22","6","","2","0","1","0","0"
"POINT (8.530921820000060 52.022626755000033)","Unfall 184579 (2023) Kat:3, Licht: 0","184579","3","6","2","08","20","6","","0","0","1","0","0"
"POINT (8.532088425000040 52.034564355000043)","Unfall 184580 (2023) Kat:3, Licht: 0","184580","3","6","6","08","07","6","","0","1","0","1","0"
"POINT (8.560128239000051 52.045574393000038)","Unfall 184581 (2023) Kat:3, Licht: 2","184581","3","1","2","08","18","6","","2","0","1","0","0"
"POINT (8.514064092000069 52.007812746000070)","Unfall 184668 (2023) Kat:3, Licht: 0","184668","3","1","2","08","17","5","","0","0","1","0","1"
"POINT (8.516885041000023 52.009541456000079)","Unfall 184769 (2023) Kat:3, Licht: 0","184769","3","2","0","08","12","4","","0","0","1","0","1"
"POINT (8.554995802000064 52.023240922000070)","Unfall 184771 (2023) Kat:3, Licht: 1","184771","3","5","1","08","05","4","","1","1","1","0","0"
"POINT (8.577700034000031 52.023516496000070)","Unfall 184823 (2023) Kat:3, Licht: 0","184823","3","7","6","08","15","3","","0","0","1","1","0"
"POINT (8.575806113000056 52.020787967000047)","Unfall 184867 (2023) Kat:3, Licht: 0","184867","3","6","0","08","17","3","","0","0","1","0","1"
"POINT (8.521603142000060 52.020926486000064)","Unfall 185026 (2023) Kat:3, Licht: 0","185026","3","1","8","09","13","5","","0","0","0","0","1"
"POINT (8.533201344000076 52.017132306000065)","Unfall 185085 (2023) Kat:3, Licht: 0","185085","3","3","5","09","09","4","","0","1","1","0","0"
"POINT (8.535389259000056 52.027167160000033)","Unfall 185086 (2023) Kat:3, Licht: 0","185086","3","6","2","09","11","4","","0","0","1","0","0"
"POINT (8.522973344000036 52.030233622000026)","Unfall 185087 (2023) Kat:3, Licht: 0","185087","3","1","1","09","08","4","","0","0","1","0","0"
"POINT (8.589283203000036 52.008953025000039)","Unfall 185160 (2023) Kat:3, Licht: 0","185160","3","6","2","09","14","3","","0","0","1","0","0"
"POINT (8.519094371000051 52.008559356000035)","Unfall 185246 (2023) Kat:2, Licht: 0","185246","2","5","6","09","09","2","","0","0","1","1","0"
"POINT (8.544836904000022 52.012347738000074)","Unfall 185247 (2023) Kat:3, Licht: 0","185247","3","1","7","09","15","2","","0","1","0","0","0"
"POINT (8.565976148000061 52.022712339000066)","Unfall 185290 (2023) Kat:3, Licht: 0","185290","3","1","0","09","17","1","","0","1","0","0","0"
"POINT (8.529229782000073 52.022589746000051)","Unfall 185291 (2023) Kat:3, Licht: 0","185291","3","6","0","09","18","1","","0","1","0","0","1"
"POINT (8.562112975000048 52.001481171000080)","Unfall 185292 (2023) Kat:3, Licht: 2","185292","3","7","4","09","20","1","","2","0","1","0","0"
"POINT (8.559004953000056 52.052166855000053)","Unfall 185373 (2023) Kat:3, Licht: 0","185373","3","7","6","09","12","7","","0","0","0","1","0"
"POINT (8.607880709000028 52.006480315000033)","Unfall 185475 (2023) Kat:3, Licht: 0","185475","3","6","2","09","18","6","","0","0","1","0","0"
"POINT (8.501481540000043 52.047357922000060)","Unfall 185476 (2023) Kat:2, Licht: 0","185476","2","5","0","09","11","6","","0","1","1","0","0"
"POINT (8.520942563000062 52.012870557000042)","Unfall 185589 (2023) Kat:3, Licht: 0","185589","3","6","2","09","15","5","","0","0","1","0","0"
"POINT (8.516462730000057 52.037145489000068)","Unfall 185701 (2023) Kat:3, Licht: 0","185701","3","2","3","09","14","4","","0","1","1","0","0"
"POINT (8.528655091000076 52.025159505000033)","Unfall 185819 (2023) Kat:3, Licht: 0","185819","3","3","5","09","17","3","","0","1","1","0","0"
"POINT (8.540587241000026 52.024036727000066)","Unfall 185820 (2023) Kat:3, Licht: 0","185820","3","7","0","09","09","3","","0","1","0","0","0"
"POINT (8.564081770000030 51.999703086000068)","Unfall 185821 (2023) Kat:2, Licht: 0","185821","2","7","9","09","10","3","","0","0","1","0","0"
"POINT (8.537956969000049 52.015626257000065)","Unfall 185930 (2023) Kat:3, Licht: 0","185930","3","5","0","09","19","2","","0","1","1","0","0"
"POINT (8.539758022000058 52.032515977000060)","Unfall 186002 (2023) Kat:3, Licht: 0","186002","3","3","5","09","14","5","","0","1","1","0","0"
"POINT (8.538469610000050 52.032652611000060)","Unfall 186003 (2023) Kat:3, Licht: 0","186003","3","6","4","09","18","5","","0","1","0","0","0"
"POINT (8.540432310000028 52.023112742000080)","Unfall 186075 (2023) Kat:3, Licht: 0","186075","3","2","0","09","08","4","","0","1","0","0","0"
"POINT (8.654704401000060 52.048039726000070)","Unfall 186076 (2023) Kat:3, Licht: 0","186076","3","3","5","09","15","4","","0","1","0","0","0"
"POINT (8.589010265000070 52.004409123000073)","Unfall 186077 (2023) Kat:3, Licht: 2","186077","3","1","1","09","22","4","","2","0","1","0","0"
"POINT (8.589389273000052 52.007111839000061)","Unfall 186078 (2023) Kat:3, Licht: 0","186078","3","3","5","09","09","4","","0","0","1","0","1"
"POINT (8.582057412000040 51.937822939000057)","Unfall 186220 (2023) Kat:2, Licht: 0","186220","2","7","4","09","13","2","","0","0","1","0","0"
"POINT (8.510065519000023 52.052699231000076)","Unfall 186221 (2023) Kat:3, Licht: 0","186221","3","3","5","09","07","2","","0","1","1","0","0"
"POINT (8.610586203000025 52.027976599000056)","Unfall 186280 (2023) Kat:3, Licht: 0","186280","3","7","0","09","18","1","","0","1","0","0","0"
"POINT (8.551188127000046 52.020542811000041)","Unfall 186334 (2023) Kat:3, Licht: 0","186334","3","2","2","09","15","7","","0","0","1","0","1"
"POINT (8.521440305000056 52.012776175000056)","Unfall 186490 (2023) Kat:3, Licht: 0","186490","3","1","5","09","16","5","","0","1","0","0","0"
"POINT (8.539760279000063 52.027116723000063)","Unfall 186491 (2023) Kat:3, Licht: 0","186491","3","6","2","09","17","5","","0","0","1","0","0"
"POINT (8.495795789000056 51.945502084000054)","Unfall 186560 (2023) Kat:3, Licht: 0","186560","3","6","1","09","13","4","","0","1","1","0","0"
"POINT (8.588832010000033 52.002820053000050)","Unfall 186561 (2023) Kat:3, Licht: 0","186561","3","2","6","09","09","4","","0","0","1","1","0"
"POINT (8.522081029000049 52.028460649000067)","Unfall 186562 (2023) Kat:3, Licht: 0","186562","3","3","5","09","17","4","","0","1","1","0","0"
"POINT (8.579821039000024 51.923142997000070)","Unfall 186649 (2023) Kat:2, Licht: 0","186649","2","6","2","09","16","3","","0","0","0","0","1"
"POINT (8.526983069000039 52.036775334000026)","Unfall 186650 (2023) Kat:3, Licht: 0","186650","3","6","6","09","14","3","","0","1","0","1","0"
"POINT (8.566739621000067 52.006316780000077)","Unfall 186739 (2023) Kat:3, Licht: 0","186739","3","5","1","09","17","2","","0","1","0","0","0"
"POINT (8.532467239000027 52.040061013000070)","Unfall 186740 (2023) Kat:2, Licht: 0","186740","2","3","5","09","16","2","","0","1","1","0","0"
"POINT (8.504333245000055 52.044412166000029)","Unfall 186741 (2023) Kat:3, Licht: 0","186741","3","3","5","09","16","2","","0","1","1","0","0"
"POINT (8.603781586000025 52.050182730000074)","Unfall 186742 (2023) Kat:3, Licht: 2","186742","3","3","5","09","05","2","","2","1","1","0","0"
"POINT (8.489032901000030 52.041102937000062)","Unfall 186801 (2023) Kat:2, Licht: 2","186801","2","5","6","09","01","1","","2","0","1","1","0"
"POINT (8.516383657000063 52.095334699000034)","Unfall 186927 (2023) Kat:3, Licht: 0","186927","3","2","4","09","12","5","","0","0","0","0","1"
"POINT (8.498681724000051 51.996755070000063)","Unfall 186960 (2023) Kat:3, Licht: 0","186960","3","7","0","09","13","6","","0","0","0","1","0"
"POINT (8.539874777000023 52.024610759000041)","Unfall 186961 (2023) Kat:3, Licht: 0","186961","3","2","4","09","16","6","","0","1","1","0","0"
"POINT (8.492347062000022 51.986514537000062)","Unfall 187100 (2023) Kat:3, Licht: 0","187100","3","1","0","10","11","7","","0","0","0","0","0"
"POINT (8.451254685000038 51.970085345000030)","Unfall 187156 (2023) Kat:3, Licht: 0","187156","3","1","8","10","11","6","","0","1","1","0","0"
"POINT (8.561771439000040 52.010685498000043)","Unfall 187157 (2023) Kat:3, Licht: 0","187157","3","6","2","10","12","6","","0","0","1","0","0"
"POINT (8.499389643000029 51.996284409000054)","Unfall 187226 (2023) Kat:3, Licht: 0","187226","3","2","6","10","11","5","","0","0","1","1","0"
"POINT (8.504494053000030 52.044111118000046)","Unfall 187227 (2023) Kat:2, Licht: 0","187227","2","6","0","10","11","5","","0","1","1","0","0"
"POINT (8.538858726000058 52.015844846000050)","Unfall 187289 (2023) Kat:3, Licht: 0","187289","3","7","4","10","11","4","","0","0","1","0","0"
"POINT (8.541353798000046 52.006661822000069)","Unfall 187454 (2023) Kat:3, Licht: 0","187454","3","4","6","10","11","1","","0","1","0","1","0"
"POINT (8.521019400000057 52.012753963000080)","Unfall 187508 (2023) Kat:1, Licht: 0","187508","1","4","6","10","12","7","","0","0","0","1","0"
"POINT (8.533897837000040 52.037782601000060)","Unfall 187511 (2023) Kat:3, Licht: 0","187511","3","3","5","10","13","2","","0","0","1","0","0"
"POINT (8.515550697000037 52.008733228000040)","Unfall 187558 (2023) Kat:2, Licht: 0","187558","2","1","0","10","16","6","","0","1","0","0","0"
"POINT (8.507861460000072 52.043063163000056)","Unfall 187559 (2023) Kat:3, Licht: 0","187559","3","2","7","10","07","6","","0","0","1","0","0"
"POINT (8.563158597000040 52.008666064000067)","Unfall 187613 (2023) Kat:3, Licht: 0","187613","3","6","5","10","17","5","","0","0","1","0","0"
"POINT (8.561801101000071 52.010722066000028)","Unfall 187689 (2023) Kat:2, Licht: 0","187689","2","1","4","10","18","4","","0","0","1","0","0"
"POINT (8.552680556000041 52.002991600000030)","Unfall 187730 (2023) Kat:3, Licht: 2","187730","3","7","1","10","00","3","","2","0","1","0","1"
"POINT (8.533465660000047 52.030674186000056)","Unfall 187849 (2023) Kat:3, Licht: 0","187849","3","3","5","10","13","1","","0","1","1","0","0"
"POINT (8.506904435000024 51.989120729000035)","Unfall 187989 (2023) Kat:2, Licht: 0","187989","2","1","0","09","11","6","","0","0","0","0","1"
"POINT (8.532452351000074 52.036090802000047)","Unfall 187990 (2023) Kat:3, Licht: 0","187990","3","7","6","09","17","6","","0","0","1","1","0"
"POINT (8.565401815000030 52.028548219000072)","Unfall 188069 (2023) Kat:3, Licht: 2","188069","3","7","0","10","18","3","","2","1","1","0","0"
"POINT (8.519605688000070 52.007550637000065)","Unfall 188144 (2023) Kat:3, Licht: 0","188144","3","3","6","10","11","2","","0","0","1","1","0"
"POINT (8.517806092000058 51.981899026000065)","Unfall 188145 (2023) Kat:3, Licht: 0","188145","3","2","0","10","12","2","","0","1","1","0","0"
"POINT (8.562525553000057 52.019319983000059)","Unfall 188146 (2023) Kat:3, Licht: 2","188146","3","5","1","10","17","2","","2","1","1","0","0"
"POINT (8.534386099000074 52.020245584000065)","Unfall 188147 (2023) Kat:3, Licht: 0","188147","3","2","5","10","12","2","","0","1","1","0","0"
"POINT (8.563013350000062 52.027539554000043)","Unfall 188148 (2023) Kat:3, Licht: 0","188148","3","2","6","10","12","2","","0","0","1","1","0"
"POINT (8.519834963000051 52.011416054000051)","Unfall 188180 (2023) Kat:3, Licht: 2","188180","3","1","9","10","23","1","","2","0","0","0","0"
"POINT (8.597430689000021 52.042237513000032)","Unfall 188224 (2023) Kat:3, Licht: 0","188224","3","3","5","10","15","7","","0","1","1","0","0"
"POINT (8.535293305000039 52.034079286000065)","Unfall 188225 (2023) Kat:2, Licht: 2","188225","2","7","0","10","02","7","","2","0","0","0","0"
"POINT (8.527817335000066 52.026958763000039)","Unfall 188294 (2023) Kat:3, Licht: 1","188294","3","4","6","10","17","6","","1","0","1","1","0"
"POINT (8.536157552000077 52.029512629000067)","Unfall 188356 (2023) Kat:2, Licht: 2","188356","2","1","8","10","19","5","","2","0","1","1","0"
"POINT (8.538204548000067 52.033658590000073)","Unfall 188357 (2023) Kat:2, Licht: 2","188357","2","1","0","10","05","5","","2","0","0","0","0"
"POINT (8.541665744000056 52.047113412000044)","Unfall 188445 (2023) Kat:3, Licht: 1","188445","3","3","5","10","17","4","","1","0","1","0","0"
"POINT (8.522691151000060 52.015689207000037)","Unfall 188517 (2023) Kat:3, Licht: 2","188517","3","6","4","10","07","3","","2","1","0","0","0"
"POINT (8.602408585000035 52.055875580000077)","Unfall 188518 (2023) Kat:3, Licht: 0","188518","3","5","0","10","07","3","","0","0","1","0","0"
"POINT (8.533597760000021 52.026181263000069)","Unfall 188565 (2023) Kat:3, Licht: 0","188565","3","6","3","10","15","5","","0","1","1","0","0"
"POINT (8.506390673000055 52.034720682000057)","Unfall 188585 (2023) Kat:3, Licht: 0","188585","3","2","6","10","07","2","","0","0","1","1","0"
"POINT (8.580473143000063 52.018644823000045)","Unfall 188817 (2023) Kat:3, Licht: 2","188817","3","3","5","10","17","3","","2","1","1","0","0"
"POINT (8.502647924000030 51.969616609000070)","Unfall 188829 (2023) Kat:3, Licht: 0","188829","3","1","0","10","07","5","","0","1","1","0","0"
"POINT (8.535199854000041 52.026226409000060)","Unfall 188918 (2023) Kat:3, Licht: 1","188918","3","1","0","10","17","4","","1","1","0","1","0"
"POINT (8.494535126000073 51.987597438000080)","Unfall 189009 (2023) Kat:2, Licht: 2","189009","2","1","4","10","19","3","","2","0","1","0","0"
"POINT (8.504906158000040 52.000598646000071)","Unfall 189123 (2023) Kat:2, Licht: 2","189123","2","6","0","11","18","6","","2","0","1","0","0"
"POINT (8.496977225000023 51.992612424000072)","Unfall 189159 (2023) Kat:3, Licht: 1","189159","3","3","5","11","07","5","","1","1","1","0","0"
"POINT (8.533068390000039 52.027350199000068)","Unfall 189160 (2023) Kat:3, Licht: 2","189160","3","2","4","11","17","5","","2","0","1","0","0"
"POINT (8.546319497000070 52.011897181000052)","Unfall 189221 (2023) Kat:2, Licht: 0","189221","2","1","7","11","11","4","","0","1","0","0","0"
"POINT (8.509183065000059 52.004789066000058)","Unfall 189281 (2023) Kat:3, Licht: 0","189281","3","2","3","11","14","3","","0","1","1","0","0"
"POINT (8.585611961000041 51.992517751000037)","Unfall 189282 (2023) Kat:3, Licht: 1","189282","3","3","5","11","07","3","","1","0","1","0","0"
"POINT (8.500692033000064 51.988716489000069)","Unfall 189358 (2023) Kat:3, Licht: 0","189358","3","4","7","11","13","2","","0","0","1","1","0"
"POINT (8.534045214000059 52.023558904000026)","Unfall 189359 (2023) Kat:3, Licht: 0","189359","3","2","5","11","14","2","","0","1","1","0","0"
"POINT (8.564377646000025 52.026006855000048)","Unfall 189519 (2023) Kat:3, Licht: 0","189519","3","3","5","11","08","2","","0","0","1","0","0"
"POINT (8.517397878000054 51.985782316000041)","Unfall 189569 (2023) Kat:3, Licht: 0","189569","3","1","0","11","09","5","","0","1","0","0","0"
"POINT (8.619246127000054 52.005671754000048)","Unfall 189572 (2023) Kat:3, Licht: 0","189572","3","3","5","11","06","5","","0","0","1","0","1"
"POINT (8.528163412000026 52.032646363000026)","Unfall 189574 (2023) Kat:3, Licht: 2","189574","3","1","0","11","01","5","","2","0","0","0","0"
"POINT (8.494146149000073 52.057017946000030)","Unfall 189575 (2023) Kat:2, Licht: 0","189575","2","1","0","11","09","5","","0","1","0","0","0"
"POINT (8.491082138000024 51.988920427000039)","Unfall 189639 (2023) Kat:3, Licht: 2","189639","3","5","1","11","19","4","","2","0","1","0","0"
"POINT (8.491432517000021 51.965744071000074)","Unfall 189640 (2023) Kat:3, Licht: 2","189640","3","1","0","11","18","4","","2","1","1","0","0"
"POINT (8.479925974000025 51.963396819000081)","Unfall 189707 (2023) Kat:3, Licht: 0","189707","3","1","8","11","11","3","","0","0","1","0","0"
"POINT (8.590213931000051 52.066799679000042)","Unfall 189789 (2023) Kat:3, Licht: 0","189789","3","1","0","11","11","2","","0","1","0","0","0"
"POINT (8.527180980000026 52.055790559000059)","Unfall 190016 (2023) Kat:3, Licht: 2","190016","3","7","6","11","18","5","","2","0","1","1","0"
"POINT (8.539744640000038 52.028078003000076)","Unfall 190277 (2023) Kat:3, Licht: 2","190277","3","5","0","12","18","2","","2","1","1","0","0"
"POINT (8.502625316000035 51.969639879000056)","Unfall 190379 (2023) Kat:3, Licht: 0","190379","3","7","2","12","11","6","","0","0","1","0","0"
"POINT (8.588760085000047 51.947284235000041)","Unfall 190568 (2023) Kat:3, Licht: 0","190568","3","1","0","11","08","3","","0","1","0","0","0"
"POINT (8.563719355000046 52.027837640000030)","Unfall 190569 (2023) Kat:3, Licht: 2","190569","3","6","4","11","23","3","","2","0","1","0","0"
"POINT (8.529173079000032 52.022919470000033)","Unfall 190652 (2023) Kat:3, Licht: 0","190652","3","3","5","11","15","2","","0","0","1","0","0"
"POINT (8.565201447000049 52.024758608000070)","Unfall 190689 (2023) Kat:3, Licht: 1","190689","3","6","4","11","07","4","","1","0","1","0","0"
"POINT (8.518581008000069 52.096406026000068)","Unfall 190746 (2023) Kat:3, Licht: 0","190746","3","4","6","11","13","7","","0","0","1","1","0"
"POINT (8.502745366000056 51.984438493000027)","Unfall 190816 (2023) Kat:3, Licht: 0","190816","3","2","6","11","07","6","","0","0","1","1","0"
"POINT (8.561082707000025 52.008902031000048)","Unfall 190817 (2023) Kat:3, Licht: 0","190817","3","6","2","11","10","6","","0","0","1","0","0"
"POINT (8.521009339000045 52.032907771000055)","Unfall 190818 (2023) Kat:3, Licht: 2","190818","3","2","5","11","22","6","","2","0","1","0","0"
"POINT (8.545524721000049 52.049107776000028)","Unfall 191100 (2023) Kat:3, Licht: 2","191100","3","7","1","11","18","2","","2","0","1","0","0"
"POINT (8.504145115000028 52.044424215000049)","Unfall 191219 (2023) Kat:3, Licht: 2","191219","3","3","5","12","17","6","","2","1","1","0","0"
"POINT (8.559731047000071 52.026179199000069)","Unfall 191249 (2023) Kat:3, Licht: 0","191249","3","6","1","12","13","5","","0","0","0","0","1"
"POINT (8.537943945000052 52.033103229000062)","Unfall 191311 (2023) Kat:3, Licht: 2","191311","3","7","2","12","18","2","","2","0","1","0","0"
"POINT (8.534432474000027 52.020747805000042)","Unfall 191354 (2023) Kat:2, Licht: 2","191354","2","7","0","12","03","7","","2","0","0","0","0"
"POINT (8.539682852000055 52.023246757000038)","Unfall 191396 (2023) Kat:3, Licht: 0","191396","3","3","0","12","14","6","","0","1","1","0","0"
"POINT (8.529838947000030 52.021970037000074)","Unfall 191439 (2023) Kat:3, Licht: 2","191439","3","2","6","12","16","5","","2","0","1","1","0"
"POINT (8.588793317000068 51.999692027000037)","Unfall 191483 (2023) Kat:3, Licht: 2","191483","3","7","0","12","16","4","","2","0","1","0","0"
"POINT (8.548540002000038 52.023418577000029)","Unfall 191654 (2023) Kat:3, Licht: 2","191654","3","3","5","12","06","1","","2","0","1","0","0"
"POINT (8.538278298000023 52.032119092000073)","Unfall 191741 (2023) Kat:3, Licht: 0","191741","3","3","5","12","11","6","","0","1","1","0","0"
"POINT (8.536894702000041 52.040251414000068)","Unfall 191797 (2023) Kat:3, Licht: 0","191797","3","6","2","12","10","7","","0","1","1","0","0"
"POINT (8.528962309000065 52.023633006000068)","Unfall 191810 (2023) Kat:3, Licht: 2","191810","3","2","5","12","16","5","","2","0","1","0","0"