WKT,Name,OBJECTID,UKATEGORIE,UTYP1,UART,UMONAT,USTUNDE,UWOCHENTAG,STRZUSTAND,ULICHTVERH,ISTRAD,ISTPKW,ISTFUSS,ISTKRAD
"POINT (8.523720269000023 52.076686959000028)","Unfall 191811 (2023) Kat:3, Licht: 2","191811","3","2","2","12","05","5","","2","0","1","0","0"
"POINT (8.539664459000051 52.032564948000072)","Unfall 191903 (2023) Kat:3, Licht: 0","191903","3","3","5","12","11","3","","0","0","1","0","0"
"POINT (8.539408035000065 52.037867226000060)","Unfall 191914 (2023) Kat:3, Licht: 0","191914","3","6","2","12","10","4","","0","0","1","0","0"
"POINT (8.536799508000058 52.019719506000058)","Unfall 192053 (2023) Kat:3, Licht: 0","192053","3","1","1","12","11","7","","0","0","1","0","0"
"POINT (8.582319468000037 51.945251961000054)","Unfall 192190 (2023) Kat:3, Licht: 0","192190","3","3","5","12","15","5","","0","0","1","0","0"
"POINT (8.545375569000043 52.056122500000072)","Unfall 192192 (2023) Kat:3, Licht: 0","192192","3","6","2","12","15","5","","0","0","1","0","1"
"POINT (8.516583789000038 52.037086936000037)","Unfall 192193 (2023) Kat:3, Licht: 2","192193","3","7","0","12","20","5","","2","1","0","0","0"
"POINT (8.478423877000068 52.040695181000046)","Unfall 263716 (2023) Kat:3, Licht: 1","263716","3","3","0","01","07","5","","1","1","1","0","0"
"POINT (8.511073108000062 51.985965567000051)","Unfall 263781 (2023) Kat:3, Licht: 0","263781","3","1","0","03","14","7","","0","1","0","0","0"
"POINT (8.443120903000022 51.982595111000080)","Unfall 263857 (2023) Kat:3, Licht: 0","263857","3","7","0","04","18","1","","0","1","0","0","0"
"POINT (8.569965014000047 52.054328491000035)","Unfall 263965 (2023) Kat:3, Licht: 0","263965","3","7","0","05","11","5","","0","1","0","0","0"
"POINT (8.542985756000064 52.063544943000068)","Unfall 264057 (2023) Kat:3, Licht: 0","264057","3","6","4","06","12","5","","0","1","0","0","1"
"POINT (8.512015932000054 51.960579424000059)","Unfall 264174 (2023) Kat:3, Licht: 0","264174","3","1","8","06","20","6","","0","1","0","0","0"
"POINT (8.493353235000029 52.034838949000061)","Unfall 264205 (2023) Kat:3, Licht: 0","264205","3","1","8","06","13","3","","0","1","0","0","0"
"POINT (8.483709324000074 52.009645687000045)","Unfall 264223 (2023) Kat:2, Licht: 0","264223","2","1","0","06","17","6","","0","1","0","0","0"
"POINT (8.594064339000056 52.031929287000082)","Unfall 264320 (2023) Kat:3, Licht: 0","264320","3","7","0","07","21","2","","0","1","0","0","0"
"POINT (8.469276449000063 52.009506344000044)","Unfall 264346 (2023) Kat:3, Licht: 0","264346","3","5","1","07","18","6","","0","1","1","0","0"
"POINT (8.496869912000022 52.039765579000061)","Unfall 264439 (2023) Kat:2, Licht: 0","264439","2","7","0","08","11","3","","0","1","0","0","0"
"POINT (8.545744993000028 52.024695668000049)","Unfall 264440 (2023) Kat:3, Licht: 0","264440","3","7","5","08","16","3","","0","1","0","0","0"
"POINT (8.594368434000046 52.037059310000075)","Unfall 264559 (2023) Kat:3, Licht: 0","264559","3","1","4","08","18","3","","0","1","0","0","0"
"POINT (8.601353858000039 52.036835584000073)","Unfall 264623 (2023) Kat:2, Licht: 1","264623","2","6","8","09","19","1","","1","1","0","0","0"
"POINT (8.577758905000053 52.004727055000046)","Unfall 264792 (2023) Kat:3, Licht: 0","264792","3","7","0","10","16","2","","0","1","0","1","0"
"POINT (8.533377702000053 52.022873298000036)","Unfall 264867 (2023) Kat:3, Licht: 0","264867","3","3","5","12","09","4","","0","1","0","0","0"
"POINT (8.401008498000067 51.958587952000073)","Unfall 22397 (2024) Kat:3, Licht: 0","22397","3","1","0","01","13","7","","0","1","0","0","0"
"POINT (8.468344355000056 51.992847818000030)","Unfall 22447 (2024) Kat:3, Licht: 2","22447","3","3","5","01","21","6","","2","0","1","0","0"
"POINT (8.555247858000030 51.996588263000035)","Unfall 22448 (2024) Kat:3, Licht: 0","22448","3","3","5","01","11","6","","0","0","1","0","0"
"POINT (8.554641929000070 52.035894073000065)","Unfall 22508 (2024) Kat:3, Licht: 2","22508","3","2","6","01","20","5","","2","0","1","1","0"
"POINT (8.558743315000072 52.003491473000054)","Unfall 22509 (2024) Kat:3, Licht: 0","22509","3","2","0","01","13","5","","0","1","1","0","0"
"POINT (8.535612445000027 52.013099083000043)","Unfall 22563 (2024) Kat:3, Licht: 1","22563","3","1","1","01","15","4","","1","0","1","0","1"
"POINT (8.527408583000067 52.021884746000069)","Unfall 22564 (2024) Kat:3, Licht: 1","22564","3","3","5","01","07","4","","1","0","1","0","0"
"POINT (8.622782624000024 52.003445051000028)","Unfall 22653 (2024) Kat:3, Licht: 2","22653","3","1","2","01","02","3","","2","0","1","0","0"
"POINT (8.554128280000043 52.035777736000057)","Unfall 22689 (2024) Kat:3, Licht: 2","22689","3","4","6","01","06","2","","2","0","1","1","0"
"POINT (8.612785643000052 52.068492060000040)","Unfall 22861 (2024) Kat:3, Licht: 0","22861","3","6","1","01","11","4","","0","0","1","0","0"
"POINT (8.460769001000074 52.011738082000079)","Unfall 24559 (2024) Kat:3, Licht: 2","24559","3","3","0","01","21","4","","2","0","1","0","0"
"POINT (8.539730706000057 52.030365087000064)","Unfall 24718 (2024) Kat:3, Licht: 0","24718","3","2","5","01","11","7","","0","0","1","0","0"
"POINT (8.465267823000033 51.971067344000062)","Unfall 25223 (2024) Kat:2, Licht: 2","25223","2","2","6","01","18","7","","2","0","1","1","0"
"POINT (8.557924594000042 52.033530369000061)","Unfall 25297 (2024) Kat:3, Licht: 2","25297","3","6","2","01","18","6","","2","0","1","0","0"
"POINT (8.549903718000053 52.008463946000063)","Unfall 25368 (2024) Kat:3, Licht: 0","25368","3","4","6","01","16","5","","0","0","1","1","0"
"POINT (8.598790986000040 52.070918403000064)","Unfall 25369 (2024) Kat:2, Licht: 0","25369","2","2","6","01","15","5","","0","0","1","1","0"
"POINT (8.478865416000076 52.074383172000068)","Unfall 25370 (2024) Kat:3, Licht: 2","25370","3","6","4","01","18","5","","2","0","1","0","0"
"POINT (8.516974382000058 51.944437916000027)","Unfall 25540 (2024) Kat:2, Licht: 2","25540","2","1","8","01","06","3","","2","0","0","0","0"
"POINT (8.504807923000044 51.983341251000070)","Unfall 25635 (2024) Kat:3, Licht: 0","25635","3","7","0","01","14","2","","0","0","0","0","0"
"POINT (8.527624918000072 52.017088137000030)","Unfall 25636 (2024) Kat:3, Licht: 0","25636","3","4","6","01","15","2","","0","0","1","1","0"
"POINT (8.545807915000069 52.044372090000081)","Unfall 25637 (2024) Kat:3, Licht: 2","25637","3","3","5","01","07","2","","2","0","1","0","0"
"POINT (8.585400405000030 51.961822849000043)","Unfall 25697 (2024) Kat:3, Licht: 1","25697","3","6","8","01","13","1","","1","0","1","0","0"
"POINT (8.639356341000052 52.055483320000064)","Unfall 25698 (2024) Kat:3, Licht: 2","25698","3","3","5","01","02","1","","2","0","1","0","0"
"POINT (8.504838130000053 52.006189135000056)","Unfall 25729 (2024) Kat:3, Licht: 2","25729","3","7","9","01","22","1","","2","0","1","0","0"
"POINT (8.574446700000067 51.951338295000028)","Unfall 25999 (2024) Kat:3, Licht: 2","25999","3","6","2","01","20","5","","2","0","1","0","0"
"POINT (8.572160359000065 52.001426522000031)","Unfall 26000 (2024) Kat:3, Licht: 0","26000","3","2","4","01","13","5","","0","0","1","0","0"
"POINT (8.586188637000021 52.049408048000032)","Unfall 26001 (2024) Kat:2, Licht: 2","26001","2","6","4","01","22","5","","2","1","1","0","0"
"POINT (8.459432811000056 51.966900686000031)","Unfall 26015 (2024) Kat:3, Licht: 2","26015","3","3","0","01","17","2","","2","1","1","0","0"
"POINT (8.551659952000023 52.013170238000043)","Unfall 26087 (2024) Kat:2, Licht: 2","26087","2","4","6","01","17","4","","2","0","1","1","0"
"POINT (8.543675140000062 52.039000741000052)","Unfall 26088 (2024) Kat:3, Licht: 1","26088","3","6","2","01","16","4","","1","0","1","0","0"
"POINT (8.575586283000064 52.038099839000040)","Unfall 26181 (2024) Kat:3, Licht: 0","26181","3","6","2","01","14","3","","0","0","1","0","0"
"POINT (8.550021893000064 52.008690725000065)","Unfall 26183 (2024) Kat:3, Licht: 0","26183","3","2","5","01","14","3","","0","1","1","0","0"
"POINT (8.636211508000031 52.026008072000081)","Unfall 26261 (2024) Kat:3, Licht: 0","26261","3","1","2","01","13","2","","0","0","1","0","0"
"POINT (8.565386569000054 52.024206101000061)","Unfall 26315 (2024) Kat:3, Licht: 2","26315","3","2","6","01","18","1","","2","0","1","1","0"
"POINT (8.593608678000066 52.071258363000027)","Unfall 26363 (2024) Kat:3, Licht: 2","26363","3","6","1","02","19","1","","2","0","1","0","0"
"POINT (8.528144805000068 51.925461822000045)","Unfall 26484 (2024) Kat:2, Licht: 2","26484","2","6","3","02","02","6","","2","0","1","0","0"
"POINT (8.517164934000050 52.014100459000076)","Unfall 26486 (2024) Kat:3, Licht: 0","26486","3","1","9","02","09","6","","0","0","1","0","0"
"POINT (8.558218896000028 52.001691302000040)","Unfall 26556 (2024) Kat:3, Licht: 0","26556","3","2","5","02","07","5","","0","1","1","0","0"
"POINT (8.498582222000039 52.095363289000034)","Unfall 26558 (2024) Kat:3, Licht: 2","26558","3","1","8","02","20","5","","2","0","1","0","0"
"POINT (8.519532779000031 52.057520171000078)","Unfall 26559 (2024) Kat:3, Licht: 2","26559","3","6","2","02","17","5","","2","0","1","0","0"
"POINT (8.552891095000064 52.056954472000029)","Unfall 26560 (2024) Kat:3, Licht: 2","26560","3","2","4","02","18","5","","2","0","1","0","0"
"POINT (8.598476136000045 51.965781591000052)","Unfall 26643 (2024) Kat:2, Licht: 2","26643","2","1","9","02","06","4","","2","0","1","0","0"
"POINT (8.645085025000071 52.038510371000029)","Unfall 26717 (2024) Kat:3, Licht: 0","26717","3","1","2","02","07","3","","0","0","1","0","0"
"POINT (8.466089730000022 51.970165852000036)","Unfall 26718 (2024) Kat:3, Licht: 0","26718","3","3","5","02","09","3","","0","1","1","0","0"
"POINT (8.639705567000021 52.055779662000077)","Unfall 26719 (2024) Kat:3, Licht: 0","26719","3","6","2","02","15","3","","0","0","1","0","0"
"POINT (8.485828992000052 52.036721396000075)","Unfall 26720 (2024) Kat:3, Licht: 2","26720","3","3","5","02","19","3","","2","1","1","0","0"
"POINT (8.556126433000031 52.062705264000044)","Unfall 26721 (2024) Kat:3, Licht: 2","26721","3","3","5","02","06","3","","2","0","1","0","0"
"POINT (8.633377360000054 51.972895947000040)","Unfall 26808 (2024) Kat:3, Licht: 2","26808","3","1","8","02","22","2","","2","0","1","0","0"
"POINT (8.598020925000071 52.039661900000056)","Unfall 26809 (2024) Kat:3, Licht: 0","26809","3","2","4","02","10","2","","0","0","1","0","0"
"POINT (8.548442588000057 52.006712165000067)","Unfall 26867 (2024) Kat:3, Licht: 2","26867","3","2","6","02","19","1","","2","0","1","1","0"
"POINT (8.559016288000066 52.004477353000027)","Unfall 26869 (2024) Kat:2, Licht: 0","26869","2","1","2","02","14","1","","0","0","1","0","1"
"POINT (8.524296932000027 52.017135517000042)","Unfall 27008 (2024) Kat:3, Licht: 2","27008","3","6","2","02","06","6","","2","0","1","0","0"
"POINT (8.628293370000051 51.991184409000027)","Unfall 27097 (2024) Kat:3, Licht: 0","27097","3","1","2","02","15","5","","0","0","1","0","0"
"POINT (8.554910812000060 52.031120899000030)","Unfall 27098 (2024) Kat:3, Licht: 2","27098","3","3","5","02","05","5","","2","1","1","0","0"
"POINT (8.520496961000049 52.026743743000054)","Unfall 27099 (2024) Kat:3, Licht: 0","27099","3","7","7","02","13","5","","0","1","0","0","0"
"POINT (8.543202373000042 52.036465588000056)","Unfall 27100 (2024) Kat:3, Licht: 2","27100","3","3","1","02","06","5","","2","1","1","0","0"
"POINT (8.476832539000043 52.006686445000071)","Unfall 27246 (2024) Kat:3, Licht: 2","27246","3","2","5","01","05","3","","2","0","1","0","0"
"POINT (8.537585406000062 51.939105557000062)","Unfall 27477 (2024) Kat:3, Licht: 0","27477","3","6","2","01","14","7","","0","0","1","0","0"
"POINT (8.511419670000066 51.946501636000050)","Unfall 27478 (2024) Kat:3, Licht: 2","27478","3","1","8","01","01","7","","2","0","1","0","0"
"POINT (8.555077147000077 52.035991027000080)","Unfall 27479 (2024) Kat:2, Licht: 2","27479","2","1","9","01","06","7","","2","0","1","0","0"
"POINT (8.465621404000046 51.970605769000031)","Unfall 27585 (2024) Kat:3, Licht: 0","27585","3","2","0","01","15","6","","0","1","1","0","0"
"POINT (8.639106087000073 52.055294554000056)","Unfall 27586 (2024) Kat:3, Licht: 0","27586","3","6","2","01","14","6","","0","0","1","0","0"
"POINT (8.514022748000059 52.094351882000069)","Unfall 27587 (2024) Kat:3, Licht: 2","27587","3","3","5","01","17","6","","2","0","1","0","0"
"POINT (8.598450685000046 51.995850318000066)","Unfall 27698 (2024) Kat:3, Licht: 0","27698","3","1","2","01","10","5","","0","0","1","0","0"
"POINT (8.658746715000063 52.056705939000040)","Unfall 27927 (2024) Kat:3, Licht: 0","27927","3","1","8","01","08","3","","0","0","0","0","0"
"POINT (8.508840158000055 51.976614937000079)","Unfall 27928 (2024) Kat:3, Licht: 2","27928","3","6","1","01","18","3","","2","0","1","0","0"
"POINT (8.580204865000042 51.955556266000031)","Unfall 27929 (2024) Kat:3, Licht: 2","27929","3","3","5","01","17","3","","2","0","1","0","0"
"POINT (8.598518730000023 52.018792963000067)","Unfall 27930 (2024) Kat:2, Licht: 2","27930","2","4","6","01","18","3","","2","0","1","1","0"
"POINT (8.416850169000043 51.961539586000072)","Unfall 28068 (2024) Kat:2, Licht: 0","28068","2","7","0","01","12","1","","0","1","0","0","0"
"POINT (8.509156679000057 51.976461708000045)","Unfall 28179 (2024) Kat:3, Licht: 0","28179","3","7","2","03","13","6","","0","0","1","0","0"
"POINT (8.553254978000041 51.962637292000068)","Unfall 28335 (2024) Kat:3, Licht: 1","28335","3","3","5","03","06","4","","1","1","1","0","0"
"POINT (8.553139324000028 52.036716648000038)","Unfall 28336 (2024) Kat:3, Licht: 0","28336","3","5","1","03","16","4","","0","1","1","0","0"
"POINT (8.604574652000053 52.032712344000061)","Unfall 28399 (2024) Kat:3, Licht: 0","28399","3","3","5","03","10","3","","0","0","1","0","0"
"POINT (8.578736485000036 52.038748376000058)","Unfall 28400 (2024) Kat:3, Licht: 0","28400","3","3","5","03","07","3","","0","1","1","0","0"
"POINT (8.543333392000022 52.032302767000033)","Unfall 28465 (2024) Kat:3, Licht: 0","28465","3","6","2","03","12","2","","0","0","1","0","0"
"POINT (8.478000091000069 51.980238054000040)","Unfall 28477 (2024) Kat:3, Licht: 2","28477","3","2","5","03","05","4","","2","1","1","0","0"
"POINT (8.615256016000046 51.975885671000071)","Unfall 28623 (2024) Kat:3, Licht: 2","28623","3","1","2","03","22","7","","2","0","1","0","0"
"POINT (8.557806560000074 51.942396580000036)","Unfall 28626 (2024) Kat:3, Licht: 0","28626","3","2","5","03","12","7","","0","0","0","0","0"
"POINT (8.479171537000070 51.951931290000061)","Unfall 28627 (2024) Kat:1, Licht: 2","28627","1","1","9","03","23","7","","2","0","1","0","0"
"POINT (8.555427694000059 51.942411367000034)","Unfall 28628 (2024) Kat:3, Licht: 2","28628","3","1","8","03","03","7","","2","0","1","0","0"
"POINT (8.602290661000040 52.059678528000063)","Unfall 28629 (2024) Kat:3, Licht: 0","28629","3","7","1","03","14","7","","0","0","1","0","0"
"POINT (8.526127182000039 52.019154314000048)","Unfall 28673 (2024) Kat:3, Licht: 1","28673","3","7","0","03","07","3","","1","1","0","0","0"
"POINT (8.531425104000050 52.016025636000052)","Unfall 28739 (2024) Kat:3, Licht: 0","28739","3","3","5","03","08","6","","0","1","1","0","0"
"POINT (8.638082484000051 52.030371797000043)","Unfall 28835 (2024) Kat:3, Licht: 0","28835","3","6","3","02","14","5","","0","0","1","0","0"
"POINT (8.543168928000057 52.033114341000044)","Unfall 28897 (2024) Kat:3, Licht: 0","28897","3","6","2","02","11","4","","0","0","1","0","0"
"POINT (8.612252529000045 52.067631638000080)","Unfall 28914 (2024) Kat:2, Licht: 0","28914","2","2","5","03","07","3","","0","0","1","0","0"
"POINT (8.572407012000042 52.011150598000029)","Unfall 29011 (2024) Kat:3, Licht: 0","29011","3","2","5","02","09","3","","0","0","1","0","0"
"POINT (8.519515361000060 52.027153836000082)","Unfall 29101 (2024) Kat:3, Licht: 0","29101","3","3","5","02","16","2","","0","1","1","0","0"
"POINT (8.555596666000042 52.060820057000058)","Unfall 29218 (2024) Kat:3, Licht: 0","29218","3","2","3","02","17","4","","0","1","1","0","0"
"POINT (8.536508650000030 52.012784445000079)","Unfall 29232 (2024) Kat:2, Licht: 0","29232","2","1","0","02","17","7","","0","0","1","0","0"
"POINT (8.477215988000069 51.996690336000029)","Unfall 29397 (2024) Kat:3, Licht: 0","29397","3","2","4","02","11","5","","0","1","1","0","0"
"POINT (8.559516971000050 52.013119364000033)","Unfall 29399 (2024) Kat:2, Licht: 2","29399","2","2","5","02","06","5","","2","1","0","0","0"
"POINT (8.534733484000071 52.013456254000062)","Unfall 29400 (2024) Kat:3, Licht: 0","29400","3","6","0","02","08","5","","0","0","1","0","1"
"POINT (8.565582436000057 52.024275755000076)","Unfall 29479 (2024) Kat:3, Licht: 2","29479","3","4","6","02","21","4","","2","0","1","1","0"
"POINT (8.515451400000074 52.012819051000065)","Unfall 29512 (2024) Kat:3, Licht: 0","29512","3","7","0","03","13","3","","0","1","0","0","1"
"POINT (8.462279564000028 51.979485984000064)","Unfall 29547 (2024) Kat:3, Licht: 0","29547","3","3","5","02","10","3","","0","0","1","0","0"
"POINT (8.559959231000050 52.004364531000078)","Unfall 29548 (2024) Kat:3, Licht: 0","29548","3","6","1","02","08","3","","0","0","1","0","0"
"POINT (8.600995567000041 52.058771438000065)","Unfall 29551 (2024) Kat:3, Licht: 2","29551","3","3","5","02","05","3","","2","0","1","0","0"
"POINT (8.527984494000066 52.022056650000081)","Unfall 29653 (2024) Kat:2, Licht: 2","29653","2","2","6","02","19","2","","2","0","1","1","0"
"POINT (8.607732131000034 51.969254482000053)","Unfall 29656 (2024) Kat:3, Licht: 0","29656","3","6","3","02","17","3","","0","0","1","0","0"
"POINT (8.514126594000061 51.987108302000081)","Unfall 29784 (2024) Kat:3, Licht: 2","29784","3","1","0","03","19","7","","2","0","0","0","0"
"POINT (8.515268820000074 51.940801545000056)","Unfall 29804 (2024) Kat:2, Licht: 0","29804","2","6","2","02","14","7","","0","0","1","0","0"
"POINT (8.516109335000067 52.013112886000044)","Unfall 29805 (2024) Kat:3, Licht: 0","29805","3","6","2","02","13","7","","0","0","1","0","0"
"POINT (8.605343618000063 52.040808750000053)","Unfall 29807 (2024) Kat:3, Licht: 0","29807","3","2","5","02","17","7","","0","1","1","0","0"
"POINT (8.598464812000032 52.018687602000057)","Unfall 29817 (2024) Kat:3, Licht: 0","29817","3","4","6","02","16","2","","0","0","1","1","0"
"POINT (8.518012770000041 52.014449816000081)","Unfall 29992 (2024) Kat:3, Licht: 0","29992","3","7","2","02","15","5","","0","0","1","0","0"
"POINT (8.606827116000034 51.997665010000048)","Unfall 29993 (2024) Kat:3, Licht: 2","29993","3","6","2","02","22","5","","2","0","1","0","0"
"POINT (8.565508011000077 52.024249429000065)","Unfall 29996 (2024) Kat:3, Licht: 0","29996","3","2","5","02","13","5","","0","1","1","0","0"
"POINT (8.558735711000054 52.003306317000067)","Unfall 29997 (2024) Kat:3, Licht: 0","29997","3","2","3","02","08","5","","0","0","1","0","0"
"POINT (8.543588681000074 52.037848072000031)","Unfall 29998 (2024) Kat:3, Licht: 0","29998","3","3","0","02","09","5","","0","0","1","0","0"
"POINT (8.515386240000055 51.942405891000078)","Unfall 30053 (2024) Kat:3, Licht: 2","30053","3","3","2","03","19","5","","2","0","1","0","0"
"POINT (8.544060574000071 52.029854891000070)","Unfall 30137 (2024) Kat:3, Licht: 0","30137","3","6","2","02","15","4","","0","0","1","0","0"
"POINT (8.516477353000028 52.071645334000038)","Unfall 30138 (2024) Kat:3, Licht: 0","30138","3","1","1","02","15","4","","0","0","1","0","0"
"POINT (8.523260516000050 52.096958379000057)","Unfall 30139 (2024) Kat:2, Licht: 2","30139","2","4","6","02","07","4","","2","0","1","1","0"
"POINT (8.548506128000042 52.023586130000069)","Unfall 30283 (2024) Kat:3, Licht: 0","30283","3","6","2","03","10","6","","0","0","1","0","0"
"POINT (8.543781152000065 52.079735758000027)","Unfall 30316 (2024) Kat:2, Licht: 0","30316","2","3","5","02","10","4","","0","1","1","0","0"
"POINT (8.484439810000026 51.979690451000067)","Unfall 30417 (2024) Kat:2, Licht: 0","30417","2","2","5","03","11","5","","0","0","1","0","1"
"POINT (8.524338051000029 52.017165700000078)","Unfall 30418 (2024) Kat:3, Licht: 2","30418","3","6","2","03","21","5","","2","0","1","0","0"
"POINT (8.499817565000058 51.982138114000065)","Unfall 30528 (2024) Kat:2, Licht: 0","30528","2","1","9","03","14","4","","0","0","1","0","0"
"POINT (8.634814705000053 52.046908842000050)","Unfall 30529 (2024) Kat:3, Licht: 2","30529","3","7","0","03","19","4","","2","1","0","0","0"
"POINT (8.572481801000038 52.001231845000063)","Unfall 30732 (2024) Kat:2, Licht: 0","30732","2","7","0","03","14","2","","0","0","1","0","0"
"POINT (8.489878132000058 51.980068672000073)","Unfall 30795 (2024) Kat:3, Licht: 0","30795","3","2","5","03","14","1","","0","0","1","0","0"
"POINT (8.572306018000063 52.034638513000061)","Unfall 30854 (2024) Kat:2, Licht: 0","30854","2","3","5","03","15","7","","0","0","1","0","0"
"POINT (8.528771419000066 52.029883157000029)","Unfall 30855 (2024) Kat:3, Licht: 2","30855","3","4","6","03","23","7","","2","0","1","1","0"
"POINT (8.595096792000049 51.995852967000076)","Unfall 31071 (2024) Kat:3, Licht: 0","31071","3","3","0","03","08","5","","0","1","1","0","0"
"POINT (8.543165702000067 52.033408972000075)","Unfall 31183 (2024) Kat:3, Licht: 0","31183","3","3","5","03","15","4","","0","1","1","0","0"
"POINT (8.522471448000033 52.045861863000027)","Unfall 31184 (2024) Kat:3, Licht: 0","31184","3","3","3","03","16","4","","0","1","1","0","0"
"POINT (8.636225663000062 51.987469754000074)","Unfall 31295 (2024) Kat:3, Licht: 1","31295","3","1","9","03","06","3","","1","0","1","0","0"
"POINT (8.637785668000049 52.053321022000034)","Unfall 31412 (2024) Kat:3, Licht: 0","31412","3","7","8","03","08","2","","0","0","0","0","0"
"POINT (8.553037041000039 52.022532053000077)","Unfall 31476 (2024) Kat:3, Licht: 2","31476","3","1","0","03","05","1","","2","0","0","0","0"
"POINT (8.509401297000068 51.981884048000040)","Unfall 31579 (2024) Kat:3, Licht: 0","31579","3","2","4","04","17","4","","0","0","1","0","1"
"POINT (8.541377890000035 51.975591254000051)","Unfall 31580 (2024) Kat:3, Licht: 0","31580","3","6","3","04","13","4","","0","0","1","0","1"
"POINT (8.600586682000028 52.038282262000052)","Unfall 31581 (2024) Kat:3, Licht: 0","31581","3","2","0","04","11","4","","0","1","1","0","0"
"POINT (8.613771431000032 52.037568715000077)","Unfall 31582 (2024) Kat:3, Licht: 0","31582","3","1","2","04","09","4","","0","0","1","0","0"
"POINT (8.574775397000053 51.951487159000067)","Unfall 31662 (2024) Kat:3, Licht: 0","31662","3","1","0","04","16","3","","0","0","0","0","1"
"POINT (8.486979432000055 52.003232730000036)","Unfall 31767 (2024) Kat:3, Licht: 0","31767","3","1","9","04","18","2","","0","0","1","0","0"
"POINT (8.446952838000072 51.957927927000071)","Unfall 31768 (2024) Kat:3, Licht: 0","31768","3","6","2","04","07","2","","0","0","1","0","0"
"POINT (8.523283605000074 52.024671719000082)","Unfall 31769 (2024) Kat:2, Licht: 0","31769","2","7","0","04","13","2","","0","1","1","0","0"
"POINT (8.564235083000028 52.012289915000053)","Unfall 31847 (2024) Kat:2, Licht: 2","31847","2","1","0","04","22","1","","2","1","0","0","0"
"POINT (8.574431296000057 51.951352608000036)","Unfall 31964 (2024) Kat:3, Licht: 0","31964","3","6","3","04","14","7","","0","0","1","0","0"
"POINT (8.565572560000021 52.038490538000076)","Unfall 31965 (2024) Kat:3, Licht: 2","31965","3","1","0","04","06","7","","2","1","0","0","0"
"POINT (8.578776148000031 52.051231640000026)","Unfall 32210 (2024) Kat:2, Licht: 0","32210","2","1","8","04","13","4","","0","0","1","0","0"
"POINT (8.603364846000034 52.028411358000028)","Unfall 32304 (2024) Kat:3, Licht: 0","32304","3","3","5","04","15","3","","0","1","0","0","0"
"POINT (8.598283074000051 52.056933370000081)","Unfall 32305 (2024) Kat:3, Licht: 1","32305","3","6","2","04","20","3","","1","0","1","0","0"
"POINT (8.430914048000034 51.967348525000034)","Unfall 32395 (2024) Kat:3, Licht: 0","32395","3","6","5","03","14","1","","0","1","1","0","0"
"POINT (8.545133233000058 52.029365285000040)","Unfall 32396 (2024) Kat:3, Licht: 0","32396","3","1","0","03","06","1","","0","0","0","0","0"
"POINT (8.653629108000075 52.006049702000041)","Unfall 32476 (2024) Kat:2, Licht: 0","32476","2","1","9","03","07","7","","0","0","1","0","0"
"POINT (8.509397773000046 51.981865357000061)","Unfall 32517 (2024) Kat:3, Licht: 0","32517","3","7","5","03","11","6","","0","0","1","0","0"
"POINT (8.594054094000057 52.011473658000057)","Unfall 32680 (2024) Kat:3, Licht: 0","32680","3","7","0","03","15","4","","0","1","1","0","0"
"POINT (8.543918741000027 52.079840586000046)","Unfall 32710 (2024) Kat:3, Licht: 0","32710","3","3","5","03","16","6","","0","1","1","0","0"
"POINT (8.571507614000041 51.953979031000074)","Unfall 32886 (2024) Kat:3, Licht: 0","32886","3","1","0","03","10","2","","0","0","0","0","1"
"POINT (8.607471902000043 51.991044840000029)","Unfall 32888 (2024) Kat:3, Licht: 0","32888","3","3","5","03","17","2","","0","1","1","0","0"
"POINT (8.609767279000039 52.032474622000052)","Unfall 32889 (2024) Kat:3, Licht: 0","32889","3","2","4","03","18","2","","0","0","1","0","1"
"POINT (8.553471665000075 52.036504570000034)","Unfall 32891 (2024) Kat:3, Licht: 0","32891","3","7","5","03","09","2","","0","0","1","0","0"
"POINT (8.654122941000026 52.047707431000049)","Unfall 33028 (2024) Kat:3, Licht: 0","33028","3","1","9","03","15","7","","0","0","1","0","0"
"POINT (8.557013299000062 52.013316250000059)","Unfall 33030 (2024) Kat:3, Licht: 2","33030","3","6","2","03","19","7","","2","0","1","0","0"
"POINT (8.518502585000022 52.014815941000052)","Unfall 33151 (2024) Kat:3, Licht: 0","33151","3","6","2","03","15","6","","0","0","1","0","0"
"POINT (8.519679548000056 51.943771688000027)","Unfall 33261 (2024) Kat:2, Licht: 2","33261","2","1","9","05","23","4","","2","0","0","0","1"
"POINT (8.494982948000029 51.991362224000056)","Unfall 33262 (2024) Kat:3, Licht: 0","33262","3","6","0","05","17","4","","0","0","1","0","0"
"POINT (8.612481050000042 52.068027922000056)","Unfall 33263 (2024) Kat:2, Licht: 2","33263","2","2","4","05","22","4","","2","0","1","0","0"
"POINT (8.515651623000053 52.079136773000073)","Unfall 33264 (2024) Kat:3, Licht: 0","33264","3","2","2","05","12","4","","0","1","1","0","0"
"POINT (8.474288058000070 51.977495825000062)","Unfall 33375 (2024) Kat:2, Licht: 0","33375","2","6","2","04","17","3","","0","0","1","0","1"