WKT,Name,OBJECTID,UKATEGORIE,UTYP1,UART,UMONAT,USTUNDE,UWOCHENTAG,STRZUSTAND,ULICHTVERH,ISTRAD,ISTPKW,ISTFUSS,ISTKRAD
"POINT (8.530548588000045 52.028371538000044)","Unfall 44297 (2024) Kat:3, Licht: 0","44297","3","1","0","07","07","3","","0","1","0","0","0"
"POINT (8.598809596000024 52.019363083000030)","Unfall 44396 (2024) Kat:2, Licht: 0","44396","2","1","9","07","21","2","","0","0","1","1","0"
"POINT (8.481267107000065 51.997129724000047)","Unfall 44415 (2024) Kat:3, Licht: 0","44415","3","7","6","07","16","1","","0","0","1","1","0"
"POINT (8.555130965000046 52.005216995000069)","Unfall 44479 (2024) Kat:3, Licht: 0","44479","3","7","0","07","14","1","","0","0","1","0","0"
"POINT (8.569996132000028 51.935101921000069)","Unfall 44670 (2024) Kat:2, Licht: 1","44670","2","6","0","07","21","6","","1","0","1","0","0"
"POINT (8.554053329000055 52.033287734000055)","Unfall 44671 (2024) Kat:3, Licht: 0","44671","3","3","0","07","15","6","","0","0","1","0","0"
"POINT (8.554147011000055 52.013571399000057)","Unfall 44673 (2024) Kat:3, Licht: 0","44673","3","2","5","07","10","6","","0","1","1","0","0"
"POINT (8.549255018000053 52.057522391000077)","Unfall 44675 (2024) Kat:3, Licht: 0","44675","3","2","5","07","15","6","","0","1","1","0","0"
"POINT (8.564166137000029 52.012297826000065)","Unfall 44773 (2024) Kat:3, Licht: 1","44773","3","4","6","07","20","7","","1","1","0","1","0"
"POINT (8.572193792000064 51.956006134000063)","Unfall 44892 (2024) Kat:3, Licht: 0","44892","3","6","3","07","11","4","","0","0","1","0","0"
"POINT (8.512338577000037 51.985832028000061)","Unfall 44893 (2024) Kat:3, Licht: 0","44893","3","2","5","07","16","4","","0","1","1","0","0"
"POINT (8.466286249000063 52.021119727000041)","Unfall 44894 (2024) Kat:3, Licht: 0","44894","3","6","4","07","19","4","","0","0","1","0","0"
"POINT (8.565609289000065 52.002854397000078)","Unfall 45012 (2024) Kat:2, Licht: 0","45012","2","1","2","07","15","3","","0","0","1","0","0"
"POINT (8.497750399000040 51.950125328000070)","Unfall 45145 (2024) Kat:3, Licht: 0","45145","3","3","0","07","16","2","","0","1","1","0","0"
"POINT (8.566128965000075 52.024469080000074)","Unfall 45146 (2024) Kat:3, Licht: 0","45146","3","6","3","07","19","2","","0","0","1","0","0"
"POINT (8.598895258000027 52.011950292000051)","Unfall 45147 (2024) Kat:3, Licht: 0","45147","3","7","3","07","17","2","","0","1","0","0","0"
"POINT (8.482848742000044 52.037566289000040)","Unfall 45148 (2024) Kat:3, Licht: 0","45148","3","5","1","07","10","2","","0","0","1","0","1"
"POINT (8.530400307000036 52.029897335000044)","Unfall 45252 (2024) Kat:3, Licht: 0","45252","3","7","5","07","05","1","","0","0","1","0","0"
"POINT (8.593767861000060 52.071240862000082)","Unfall 45255 (2024) Kat:3, Licht: 0","45255","3","2","5","07","11","5","","0","1","1","0","0"
"POINT (8.548736397000027 52.014681377000045)","Unfall 45478 (2024) Kat:3, Licht: 0","45478","3","1","1","07","16","7","","0","1","1","0","0"
"POINT (8.457433812000033 51.984185977000038)","Unfall 45480 (2024) Kat:3, Licht: 0","45480","3","6","3","07","16","6","","0","0","1","0","0"
"POINT (8.568579555000042 52.011814383000058)","Unfall 45481 (2024) Kat:3, Licht: 0","45481","3","3","0","07","16","6","","0","1","1","0","0"
"POINT (8.496497431000023 52.059043429000042)","Unfall 45563 (2024) Kat:3, Licht: 1","45563","3","2","4","08","20","4","","1","1","1","0","0"
"POINT (8.523088559000030 52.025036200000045)","Unfall 45564 (2024) Kat:3, Licht: 0","45564","3","2","4","08","15","4","","0","0","1","0","0"
"POINT (8.502268564000076 52.031311324000058)","Unfall 45643 (2024) Kat:3, Licht: 0","45643","3","6","1","08","15","3","","0","1","1","0","0"
"POINT (8.555183125000042 51.996573523000052)","Unfall 45813 (2024) Kat:3, Licht: 0","45813","3","3","5","08","16","1","","0","1","1","0","0"
"POINT (8.576886736000063 51.937252576000049)","Unfall 46032 (2024) Kat:3, Licht: 0","46032","3","3","5","08","17","6","","0","1","1","0","0"
"POINT (8.508785636000027 51.976642607000031)","Unfall 46034 (2024) Kat:3, Licht: 0","46034","3","1","2","08","13","6","","0","0","1","0","0"
"POINT (8.607469566000077 51.991102672000068)","Unfall 46035 (2024) Kat:3, Licht: 2","46035","3","3","0","08","21","6","","2","1","1","0","0"
"POINT (8.468952243000047 52.022898571000042)","Unfall 46036 (2024) Kat:3, Licht: 0","46036","3","1","0","08","16","6","","0","0","0","0","1"
"POINT (8.574740506000069 52.052429920000066)","Unfall 46037 (2024) Kat:3, Licht: 0","46037","3","3","5","08","14","6","","0","1","1","0","0"
"POINT (8.520214196000040 51.962070198000049)","Unfall 46038 (2024) Kat:3, Licht: 0","46038","3","4","6","08","17","4","","0","0","1","1","0"
"POINT (8.543834191000030 52.029978739000057)","Unfall 46152 (2024) Kat:3, Licht: 0","46152","3","3","5","08","09","5","","0","0","1","0","0"
"POINT (8.527384243000029 52.022393924000028)","Unfall 46153 (2024) Kat:3, Licht: 0","46153","3","3","5","08","12","5","","0","1","1","0","0"
"POINT (8.654448374000026 52.048241234000045)","Unfall 46220 (2024) Kat:2, Licht: 0","46220","2","1","0","08","12","2","","0","0","1","0","0"
"POINT (8.542302358000029 51.974983692000080)","Unfall 46238 (2024) Kat:2, Licht: 0","46238","2","2","5","08","14","4","","0","0","1","0","0"
"POINT (8.569321674000037 51.939664610000079)","Unfall 46239 (2024) Kat:3, Licht: 0","46239","3","7","2","08","15","4","","0","0","0","0","0"
"POINT (8.600955533000047 52.058743398000047)","Unfall 46240 (2024) Kat:2, Licht: 0","46240","2","1","8","08","13","4","","0","0","1","0","0"
"POINT (8.634053365000057 52.019477109000036)","Unfall 46492 (2024) Kat:3, Licht: 0","46492","3","6","1","08","13","2","","0","0","1","0","0"
"POINT (8.555305972000042 52.034233804000053)","Unfall 46543 (2024) Kat:3, Licht: 2","46543","3","7","4","08","01","1","","2","0","1","0","0"
"POINT (8.617836416000046 51.994183794000037)","Unfall 46641 (2024) Kat:2, Licht: 2","46641","2","1","3","08","01","7","","2","0","1","0","0"
"POINT (8.614426598000023 52.037361181000051)","Unfall 46642 (2024) Kat:3, Licht: 0","46642","3","4","6","08","13","7","","0","0","1","1","0"
"POINT (8.519767177000062 51.943869971000026)","Unfall 46809 (2024) Kat:3, Licht: 0","46809","3","6","2","08","09","3","","0","0","1","0","0"
"POINT (8.509581118000028 51.982404460000055)","Unfall 46935 (2024) Kat:3, Licht: 0","46935","3","1","9","08","07","2","","0","0","1","0","0"
"POINT (8.598041388000070 52.015280366000070)","Unfall 47026 (2024) Kat:2, Licht: 2","47026","2","7","0","08","00","1","","2","1","0","0","0"
"POINT (8.487998779000065 51.970666661000052)","Unfall 47154 (2024) Kat:2, Licht: 2","47154","2","6","3","08","22","7","","2","0","1","0","1"
"POINT (8.519041493000032 52.054677827000035)","Unfall 47156 (2024) Kat:3, Licht: 0","47156","3","6","3","08","17","7","","0","0","1","0","0"
"POINT (8.553016675000038 52.016535644000044)","Unfall 47264 (2024) Kat:2, Licht: 0","47264","2","6","3","08","15","6","","0","1","1","0","0"
"POINT (8.550647674000061 52.038323483000056)","Unfall 47265 (2024) Kat:3, Licht: 0","47265","3","2","5","08","12","6","","0","0","1","0","0"
"POINT (8.549528631000044 52.049067705000027)","Unfall 47266 (2024) Kat:3, Licht: 0","47266","3","2","5","08","15","6","","0","1","1","0","0"
"POINT (8.479826644000070 51.979849129000058)","Unfall 47388 (2024) Kat:3, Licht: 0","47388","3","3","5","08","20","5","","0","0","1","0","0"
"POINT (8.618502818000024 51.995503590000055)","Unfall 47389 (2024) Kat:2, Licht: 1","47389","2","1","0","08","06","5","","1","0","0","0","0"
"POINT (8.549422635000042 52.057509736000043)","Unfall 47391 (2024) Kat:2, Licht: 0","47391","2","1","0","08","10","5","","0","0","0","0","1"
"POINT (8.612455481000040 52.068034400000045)","Unfall 47523 (2024) Kat:3, Licht: 2","47523","3","2","4","08","21","4","","2","0","1","0","1"
"POINT (8.552549021000061 52.056265285000052)","Unfall 47524 (2024) Kat:3, Licht: 0","47524","3","3","5","08","13","4","","0","1","1","0","0"
"POINT (8.552927551000039 52.057027919000063)","Unfall 47525 (2024) Kat:3, Licht: 0","47525","3","2","5","08","13","4","","0","1","1","0","0"
"POINT (8.520673959000021 52.026669479000077)","Unfall 47585 (2024) Kat:3, Licht: 0","47585","3","1","2","08","16","3","","0","1","1","0","0"
"POINT (8.570972811000047 52.036304212000061)","Unfall 47647 (2024) Kat:2, Licht: 2","47647","2","7","0","08","21","3","","2","1","0","0","0"
"POINT (8.553639878000070 52.058184451000045)","Unfall 47648 (2024) Kat:3, Licht: 0","47648","3","6","2","08","16","3","","0","0","1","0","0"
"POINT (8.525641674000042 52.018197590000057)","Unfall 47795 (2024) Kat:3, Licht: 0","47795","3","1","6","08","12","2","","0","1","0","1","0"
"POINT (8.610256413000059 51.992540290000079)","Unfall 47796 (2024) Kat:2, Licht: 0","47796","2","2","6","08","09","2","","0","0","1","1","0"
"POINT (8.657451039000023 52.053248131000032)","Unfall 47892 (2024) Kat:3, Licht: 0","47892","3","7","8","08","07","1","","0","0","1","0","0"
"POINT (8.595507618000056 52.031425283000033)","Unfall 47894 (2024) Kat:3, Licht: 0","47894","3","6","2","08","18","1","","0","0","1","0","0"
"POINT (8.556137980000074 52.036226846000034)","Unfall 48013 (2024) Kat:2, Licht: 1","48013","2","1","9","08","04","7","","1","1","0","0","0"
"POINT (8.512376534000055 52.029448562000027)","Unfall 48034 (2024) Kat:3, Licht: 0","48034","3","3","5","08","09","1","","0","0","1","0","0"
"POINT (8.564215384000022 51.936219017000042)","Unfall 48122 (2024) Kat:3, Licht: 0","48122","3","3","5","08","17","6","","0","1","1","0","0"
"POINT (8.483850293000046 51.997367666000059)","Unfall 48123 (2024) Kat:3, Licht: 0","48123","3","3","5","08","13","6","","0","1","1","0","0"
"POINT (8.585805955000069 52.049373631000037)","Unfall 48125 (2024) Kat:3, Licht: 0","48125","3","7","2","08","06","6","","0","0","1","0","0"
"POINT (8.551509298000042 51.946662030000027)","Unfall 48279 (2024) Kat:2, Licht: 0","48279","2","1","9","08","11","5","","0","0","1","0","0"
"POINT (8.465201669000066 51.971020442000054)","Unfall 48280 (2024) Kat:3, Licht: 0","48280","3","2","5","08","13","5","","0","1","1","0","0"
"POINT (8.527680084000053 52.024742248000052)","Unfall 48347 (2024) Kat:3, Licht: 0","48347","3","6","2","09","14","7","","0","0","1","0","0"
"POINT (8.576048350000065 52.028499205000060)","Unfall 48431 (2024) Kat:3, Licht: 2","48431","3","1","4","09","22","6","","2","0","1","0","0"
"POINT (8.586439611000060 52.048599143000047)","Unfall 48432 (2024) Kat:3, Licht: 0","48432","3","3","5","09","18","6","","0","1","1","0","0"
"POINT (8.543164982000064 52.033396357000072)","Unfall 48513 (2024) Kat:3, Licht: 2","48513","3","2","0","09","04","5","","2","1","0","0","0"
"POINT (8.549415905000046 52.048400605000040)","Unfall 48514 (2024) Kat:3, Licht: 0","48514","3","3","7","09","17","5","","0","1","1","0","0"
"POINT (8.501817338000023 51.981909903000030)","Unfall 48612 (2024) Kat:3, Licht: 0","48612","3","6","2","09","08","4","","0","0","1","0","0"
"POINT (8.550743904000058 52.010911999000029)","Unfall 48613 (2024) Kat:3, Licht: 0","48613","3","2","5","09","09","4","","0","1","1","0","0"
"POINT (8.606246110000029 52.029501093000079)","Unfall 48614 (2024) Kat:2, Licht: 2","48614","2","4","6","09","21","4","","2","0","1","1","0"
"POINT (8.559265451000044 52.004529784000056)","Unfall 48615 (2024) Kat:3, Licht: 0","48615","3","7","2","09","17","4","","0","0","1","0","0"
"POINT (8.613767321000068 52.036928518000082)","Unfall 48616 (2024) Kat:2, Licht: 0","48616","2","6","2","09","13","4","","0","0","1","0","0"
"POINT (8.470953963000056 51.975113272000044)","Unfall 48704 (2024) Kat:3, Licht: 1","48704","3","6","6","09","00","3","","1","1","0","1","0"
"POINT (8.546080689000064 52.021293457000070)","Unfall 48705 (2024) Kat:3, Licht: 0","48705","3","2","6","09","15","3","","0","0","1","1","0"
"POINT (8.554883375000031 52.031024186000081)","Unfall 48893 (2024) Kat:3, Licht: 0","48893","3","7","2","09","15","1","","0","0","1","0","0"
"POINT (8.555287827000029 52.034273760000076)","Unfall 48894 (2024) Kat:3, Licht: 2","48894","3","1","0","09","02","1","","2","1","0","0","0"
"POINT (8.529915082000059 52.057260985000028)","Unfall 48895 (2024) Kat:3, Licht: 0","48895","3","3","5","09","17","1","","0","1","0","0","1"
"POINT (8.523762746000045 52.035240642000076)","Unfall 48896 (2024) Kat:3, Licht: 0","48896","3","4","6","09","16","1","","0","1","0","1","0"
"POINT (8.470847517000038 51.975036691000071)","Unfall 49004 (2024) Kat:3, Licht: 0","49004","3","6","2","09","13","7","","0","0","1","0","0"
"POINT (8.417660229000035 51.963002935000077)","Unfall 49005 (2024) Kat:3, Licht: 2","49005","3","1","8","09","02","7","","2","0","1","0","0"
"POINT (8.504180753000071 52.022734326000034)","Unfall 49131 (2024) Kat:3, Licht: 0","49131","3","6","0","09","14","6","","0","1","1","0","0"
"POINT (8.600866026000062 52.058684298000060)","Unfall 49132 (2024) Kat:3, Licht: 0","49132","3","2","0","09","17","6","","0","1","1","0","0"
"POINT (8.598762700000066 52.011943048000035)","Unfall 49261 (2024) Kat:3, Licht: 0","49261","3","2","6","09","19","5","","0","0","0","1","0"
"POINT (8.555632160000073 52.060920610000039)","Unfall 49262 (2024) Kat:3, Licht: 2","49262","3","6","4","09","20","5","","2","1","0","0","0"
"POINT (8.463410643000032 52.020354042000065)","Unfall 49264 (2024) Kat:1, Licht: 0","49264","1","6","4","09","17","5","","0","0","1","0","1"
"POINT (8.537556403000053 52.012286911000047)","Unfall 49349 (2024) Kat:2, Licht: 0","49349","2","1","7","09","08","2","","0","1","0","0","0"
"POINT (8.617637195000043 51.993725436000034)","Unfall 49392 (2024) Kat:3, Licht: 2","49392","3","1","2","09","04","4","","2","0","1","0","0"
"POINT (8.586705658000028 51.942204709000066)","Unfall 49393 (2024) Kat:3, Licht: 0","49393","3","3","5","09","07","4","","0","1","1","0","0"
"POINT (8.492343522000056 52.089680142000077)","Unfall 49395 (2024) Kat:2, Licht: 0","49395","2","1","9","09","06","4","","0","0","1","0","0"
"POINT (8.463888587000042 51.970081220000054)","Unfall 49544 (2024) Kat:3, Licht: 0","49544","3","6","2","09","16","3","","0","0","1","0","0"
"POINT (8.553854930000057 51.942525938000074)","Unfall 49545 (2024) Kat:2, Licht: 2","49545","2","1","8","09","00","3","","2","0","1","0","0"
"POINT (8.592660426000066 51.996502825000050)","Unfall 49546 (2024) Kat:3, Licht: 2","49546","3","2","5","09","22","3","","2","1","1","0","0"
"POINT (8.551239386000077 51.969765362000032)","Unfall 49673 (2024) Kat:3, Licht: 0","49673","3","7","6","09","15","2","","0","1","0","1","0"
"POINT (8.564673789000040 52.034912741000028)","Unfall 49675 (2024) Kat:2, Licht: 1","49675","2","2","5","09","20","2","","1","0","1","0","1"
"POINT (8.523508473000049 52.036635324000031)","Unfall 49676 (2024) Kat:3, Licht: 0","49676","3","2","5","09","16","2","","0","1","1","0","0"
"POINT (8.615348565000033 51.978255527000044)","Unfall 49683 (2024) Kat:3, Licht: 0","49683","3","6","2","09","13","6","","0","0","1","0","0"
"POINT (8.551948835000076 51.947004574000061)","Unfall 49783 (2024) Kat:3, Licht: 0","49783","3","6","2","09","17","1","","0","0","1","0","0"
"POINT (8.598513754000066 52.012401601000079)","Unfall 49786 (2024) Kat:3, Licht: 0","49786","3","2","5","09","20","1","","0","0","1","0","0"
"POINT (8.492981745000066 52.068731200000059)","Unfall 49788 (2024) Kat:3, Licht: 0","49788","3","6","0","09","15","1","","0","1","0","0","0"
"POINT (8.532175321000068 52.044324843000027)","Unfall 49789 (2024) Kat:3, Licht: 0","49789","3","7","0","09","08","1","","0","1","1","0","0"
"POINT (8.605994079000027 52.032810186000063)","Unfall 49903 (2024) Kat:3, Licht: 0","49903","3","4","6","08","14","7","","0","0","1","1","0"
"POINT (8.522801965000042 52.044000378000078)","Unfall 50041 (2024) Kat:3, Licht: 0","50041","3","6","2","09","10","4","","0","0","1","0","0"
"POINT (8.571675501000072 51.953839362000053)","Unfall 50049 (2024) Kat:3, Licht: 0","50049","3","7","2","08","15","6","","0","0","1","0","0"
"POINT (8.560773325000071 52.004163323000057)","Unfall 50050 (2024) Kat:3, Licht: 0","50050","3","3","5","08","16","6","","0","1","1","0","0"
"POINT (8.607146640000053 51.997941236000031)","Unfall 50052 (2024) Kat:3, Licht: 0","50052","3","6","2","08","08","6","","0","0","1","0","0"
"POINT (8.513727204000077 52.011469899000076)","Unfall 50133 (2024) Kat:3, Licht: 0","50133","3","6","3","08","06","6","","0","0","1","0","0"
"POINT (8.562256827000056 52.062739349000026)","Unfall 50172 (2024) Kat:3, Licht: 0","50172","3","2","5","09","08","3","","0","0","1","0","0"
"POINT (8.612585118000027 52.013226720000034)","Unfall 50189 (2024) Kat:2, Licht: 0","50189","2","1","8","09","11","4","","0","1","0","0","0"
"POINT (8.610565922000035 51.992487370000049)","Unfall 50386 (2024) Kat:3, Licht: 0","50386","3","4","6","08","14","4","","0","1","0","1","0"
"POINT (8.528456758000061 51.947173676000034)","Unfall 50451 (2024) Kat:3, Licht: 2","50451","3","3","9","09","22","3","","2","0","1","0","0"
"POINT (8.526449505000073 52.019586498000081)","Unfall 50452 (2024) Kat:3, Licht: 0","50452","3","6","1","09","13","3","","0","1","1","0","0"
"POINT (8.519414632000064 52.058209451000039)","Unfall 50554 (2024) Kat:3, Licht: 0","50554","3","1","2","09","13","2","","0","0","1","0","0"
"POINT (8.523730091000061 52.017303880000043)","Unfall 50665 (2024) Kat:3, Licht: 2","50665","3","6","1","09","02","1","","2","0","1","0","0"
"POINT (8.521484881000049 51.950167525000040)","Unfall 50780 (2024) Kat:3, Licht: 0","50780","3","3","5","09","17","7","","0","1","1","0","0"
"POINT (8.569420017000027 51.955687138000030)","Unfall 50781 (2024) Kat:3, Licht: 0","50781","3","3","5","09","08","7","","0","1","1","0","0"
"POINT (8.477796882000064 51.979900167000039)","Unfall 50782 (2024) Kat:3, Licht: 0","50782","3","1","2","09","10","7","","0","0","1","0","0"
"POINT (8.591251614000043 52.009880016000068)","Unfall 50783 (2024) Kat:3, Licht: 2","50783","3","1","8","09","22","7","","2","0","1","0","0"
"POINT (8.527067591000048 52.017171012000063)","Unfall 50784 (2024) Kat:3, Licht: 0","50784","3","6","2","09","14","7","","0","0","1","0","0"
"POINT (8.556535641000039 51.963648063000051)","Unfall 50937 (2024) Kat:3, Licht: 0","50937","3","3","5","09","15","6","","0","1","1","0","0"
"POINT (8.587273854000046 52.050034308000079)","Unfall 50938 (2024) Kat:3, Licht: 0","50938","3","3","5","09","14","6","","0","1","1","0","0"
"POINT (8.511334719000047 51.984741907000057)","Unfall 51074 (2024) Kat:3, Licht: 0","51074","3","7","6","09","16","5","","0","0","1","1","0"
"POINT (8.598677048000070 52.012007226000037)","Unfall 51076 (2024) Kat:3, Licht: 0","51076","3","2","5","09","16","5","","0","1","1","0","0"
"POINT (8.538265961000036 52.011626918000047)","Unfall 51077 (2024) Kat:3, Licht: 0","51077","3","3","5","09","15","5","","0","1","1","0","0"
"POINT (8.529719438000029 52.016415369000072)","Unfall 51078 (2024) Kat:3, Licht: 0","51078","3","3","5","09","07","5","","0","0","1","0","0"
"POINT (8.603491060000067 52.032637364000038)","Unfall 51223 (2024) Kat:3, Licht: 2","51223","3","2","4","09","21","4","","2","0","1","0","0"
"POINT (8.591422017000070 52.010097748000078)","Unfall 51530 (2024) Kat:3, Licht: 0","51530","3","6","1","09","14","1","","0","0","1","0","1"
"POINT (8.657257727000058 52.052881537000076)","Unfall 51687 (2024) Kat:2, Licht: 0","51687","2","1","8","10","09","4","","0","0","1","0","0"
"POINT (8.572438213000055 51.953179181000053)","Unfall 51688 (2024) Kat:3, Licht: 1","51688","3","1","2","10","08","4","","1","0","1","0","0"
"POINT (8.557533606000050 52.022350049000067)","Unfall 51689 (2024) Kat:3, Licht: 2","51689","3","7","0","10","20","4","","2","0","1","0","0"
"POINT (8.520791102000032 52.016206476000036)","Unfall 51690 (2024) Kat:3, Licht: 0","51690","3","6","3","10","09","4","","0","0","1","0","0"
"POINT (8.510234666000031 51.940695196000036)","Unfall 51787 (2024) Kat:2, Licht: 1","51787","2","3","5","10","18","3","","1","0","1","0","1"
"POINT (8.627542797000046 52.009061515000042)","Unfall 51900 (2024) Kat:3, Licht: 0","51900","3","6","2","10","07","2","","0","0","1","0","0"
"POINT (8.607298899000057 52.074699170000031)","Unfall 51969 (2024) Kat:3, Licht: 0","51969","3","7","0","10","18","1","","0","1","0","0","0"
"POINT (8.522506519000046 52.045664592000037)","Unfall 52065 (2024) Kat:3, Licht: 0","52065","3","6","2","10","14","7","","0","0","1","0","0"
"POINT (8.543807444000038 52.029997359000049)","Unfall 52167 (2024) Kat:3, Licht: 0","52167","3","3","5","10","13","6","","0","1","1","0","0"
"POINT (8.546488182000076 51.945220860000063)","Unfall 52315 (2024) Kat:3, Licht: 2","52315","3","6","2","10","07","4","","2","0","1","0","0"
"POINT (8.517319130000033 52.014296844000057)","Unfall 52316 (2024) Kat:3, Licht: 2","52316","3","1","8","10","06","4","","2","0","1","0","0"
"POINT (8.526188735000062 52.019441880000045)","Unfall 52432 (2024) Kat:3, Licht: 0","52432","3","6","2","10","16","3","","0","0","1","0","0"
"POINT (8.611099216000071 52.013048561000062)","Unfall 52433 (2024) Kat:3, Licht: 2","52433","3","2","5","10","19","3","","2","0","1","0","0"
"POINT (8.637094231000049 52.009801170000060)","Unfall 52435 (2024) Kat:1, Licht: 0","52435","1","1","9","10","17","3","","0","0","1","0","0"
"POINT (8.606854400000032 51.997667935000038)","Unfall 52436 (2024) Kat:2, Licht: 0","52436","2","6","2","10","13","3","","0","0","1","0","0"
"POINT (8.592485963000058 51.938857598000027)","Unfall 52622 (2024) Kat:3, Licht: 0","52622","3","6","2","09","16","1","","0","0","1","0","1"
"POINT (8.525207799000043 51.979646513000034)","Unfall 52722 (2024) Kat:3, Licht: 2","52722","3","4","6","09","21","7","","2","0","1","1","0"
"POINT (8.608885872000030 51.931809810000061)","Unfall 52724 (2024) Kat:3, Licht: 2","52724","3","2","5","09","19","7","","2","0","1","0","0"
"POINT (8.547078663000036 52.015205155000046)","Unfall 52726 (2024) Kat:3, Licht: 0","52726","3","2","4","09","12","7","","0","1","1","0","0"
"POINT (8.551668797000048 52.005773169000065)","Unfall 52727 (2024) Kat:3, Licht: 0","52727","3","7","6","09","14","7","","0","0","1","1","0"
"POINT (8.586796790000051 52.049759007000034)","Unfall 52728 (2024) Kat:3, Licht: 0","52728","3","6","2","09","18","7","","0","0","1","0","0"
"POINT (8.573936243000048 52.041517692000070)","Unfall 52866 (2024) Kat:3, Licht: 2","52866","3","7","9","09","02","6","","2","0","1","0","0"
"POINT (8.543209554000043 52.034157998000069)","Unfall 52867 (2024) Kat:3, Licht: 2","52867","3","6","2","09","21","6","","2","0","1","0","0"
"POINT (8.544192238000051 52.042002191000051)","Unfall 52868 (2024) Kat:3, Licht: 0","52868","3","1","0","09","11","6","","0","0","0","0","1"
"POINT (8.579868587000021 51.946395767000070)","Unfall 53022 (2024) Kat:3, Licht: 0","53022","3","3","5","09","13","5","","0","1","1","0","0"
"POINT (8.498840500000028 52.032833951000043)","Unfall 53023 (2024) Kat:3, Licht: 1","53023","3","6","3","09","19","5","","1","0","1","0","0"
"POINT (8.619222419000039 51.989956217000042)","Unfall 53047 (2024) Kat:3, Licht: 0","53047","3","2","5","10","16","6","","0","0","1","0","0"
"POINT (8.470415048000064 51.974725551000063)","Unfall 53171 (2024) Kat:3, Licht: 0","53171","3","6","2","09","07","4","","0","0","1","0","0"
"POINT (8.533054867000033 52.014898796000068)","Unfall 53172 (2024) Kat:3, Licht: 0","53172","3","6","2","09","16","4","","0","0","1","0","0"
"POINT (8.543640615000072 52.038587633000077)","Unfall 53274 (2024) Kat:3, Licht: 0","53274","3","2","5","10","16","4","","0","0","1","0","1"
"POINT (8.517253762000053 52.069049182000072)","Unfall 53275 (2024) Kat:3, Licht: 0","53275","3","6","2","10","13","4","","0","0","1","0","0"
"POINT (8.537357357000076 52.012379628000076)","Unfall 53380 (2024) Kat:3, Licht: 2","53380","3","1","0","10","22","3","","2","0","1","0","0"
"POINT (8.608229537000057 52.000568438000073)","Unfall 53381 (2024) Kat:3, Licht: 2","53381","3","3","5","10","17","3","","2","0","1","0","0"
"POINT (8.542727299000035 52.016322214000070)","Unfall 53382 (2024) Kat:3, Licht: 0","53382","3","2","0","10","10","3","","0","1","1","0","0"
"POINT (8.607471840000073 51.991046308000080)","Unfall 53487 (2024) Kat:3, Licht: 0","53487","3","3","5","10","17","2","","0","1","1","0","0"
"POINT (8.536905606000062 52.062615986000026)","Unfall 53488 (2024) Kat:2, Licht: 2","53488","2","1","8","10","20","2","","2","0","1","0","0"
"POINT (8.618934051000053 51.995389240000065)","Unfall 53548 (2024) Kat:2, Licht: 0","53548","2","6","3","10","16","1","","0","0","1","0","1"
"POINT (8.554330745000073 52.036010573000056)","Unfall 53639 (2024) Kat:2, Licht: 2","53639","2","7","5","10","00","7","","2","0","1","0","0"
"POINT (8.554393167000057 52.036024014000077)","Unfall 53767 (2024) Kat:3, Licht: 2","53767","3","1","0","10","23","6","","2","0","0","0","0"
"POINT (8.497350580000045 52.058170153000049)","Unfall 53768 (2024) Kat:3, Licht: 0","53768","3","1","9","10","15","6","","0","0","1","0","0"
"POINT (8.445966342000077 51.970447155000045)","Unfall 53879 (2024) Kat:2, Licht: 2","53879","2","1","8","10","01","5","","2","0","1","0","0"
"POINT (8.484653738000077 51.987707634000060)","Unfall 53880 (2024) Kat:3, Licht: 1","53880","3","2","5","10","17","5","","1","0","1","0","0"
"POINT (8.609004840000068 51.931778217000044)","Unfall 53881 (2024) Kat:3, Licht: 0","53881","3","3","5","10","11","5","","0","0","1","0","0"
"POINT (8.576067172000023 52.042797986000039)","Unfall 53984 (2024) Kat:2, Licht: 0","53984","2","6","2","10","16","5","","0","0","1","0","0"
"POINT (8.525159287000065 52.017171532000077)","Unfall 53985 (2024) Kat:3, Licht: 0","53985","3","2","9","10","14","4","","0","0","0","0","1"
"POINT (8.566808550000076 52.038650573000041)","Unfall 54034 (2024) Kat:3, Licht: 0","54034","3","1","6","10","14","4","","0","0","1","1","0"
"POINT (8.519201854000073 51.944007972000065)","Unfall 54106 (2024) Kat:3, Licht: 0","54106","3","1","8","10","08","3","","0","0","0","0","1"
"POINT (8.545946094000044 52.021274339000058)","Unfall 54107 (2024) Kat:3, Licht: 2","54107","3","3","0","10","21","3","","2","1","0","0","0"
"POINT (8.468237036000062 51.992821448000029)","Unfall 54208 (2024) Kat:3, Licht: 0","54208","3","3","5","10","09","2","","0","0","1","0","0"
"POINT (8.603115739000032 52.028671283000051)","Unfall 54210 (2024) Kat:3, Licht: 0","54210","3","1","0","10","14","2","","0","0","0","0","1"
"POINT (8.480936069000052 51.975471623000033)","Unfall 54299 (2024) Kat:2, Licht: 2","54299","2","1","9","10","23","1","","2","0","1","0","0"
"POINT (8.574839680000025 51.951526305000073)","Unfall 54300 (2024) Kat:3, Licht: 0","54300","3","7","8","10","15","1","","0","0","1","0","0"