WKT,Name,OBJECTID,UKATEGORIE,UTYP1,UART,UMONAT,USTUNDE,UWOCHENTAG,STRZUSTAND,ULICHTVERH,ISTRAD,ISTPKW,ISTFUSS,ISTKRAD
"POINT (8.533475204000069 52.030623785000046)","Unfall 172205 (2024) Kat:2, Licht: 2","172205","2","7","6","02","07","4","","2","0","1","1","0"
"POINT (8.535818716000051 52.011546491000047)","Unfall 172322 (2024) Kat:3, Licht: 0","172322","3","1","6","02","11","2","","0","0","1","1","0"
"POINT (8.516911772000071 52.036951174000080)","Unfall 172323 (2024) Kat:3, Licht: 1","172323","3","3","5","02","07","2","","1","1","1","0","0"
"POINT (8.585800878000043 51.945320463000030)","Unfall 172361 (2024) Kat:3, Licht: 0","172361","3","2","6","03","14","7","","0","0","1","1","0"
"POINT (8.593948515000022 52.027927909000027)","Unfall 172362 (2024) Kat:3, Licht: 2","172362","3","1","0","03","23","7","","2","1","0","0","0"
"POINT (8.547956546000023 52.053408744000080)","Unfall 172465 (2024) Kat:3, Licht: 0","172465","3","3","5","03","12","5","","0","0","1","0","0"
"POINT (8.533109768000031 52.016978297000037)","Unfall 172769 (2024) Kat:3, Licht: 0","172769","3","2","5","03","08","6","","0","1","1","0","0"
"POINT (8.584347563000051 52.005301356000075)","Unfall 172771 (2024) Kat:3, Licht: 2","172771","3","1","8","03","21","6","","2","0","1","0","0"
"POINT (8.501055764000057 51.995962286000065)","Unfall 172835 (2024) Kat:3, Licht: 0","172835","3","6","2","03","17","5","","0","0","1","0","0"
"POINT (8.530400701000076 52.018860436000068)","Unfall 172836 (2024) Kat:3, Licht: 0","172836","3","2","6","03","11","5","","0","0","1","1","0"
"POINT (8.519372668000074 52.011087330000066)","Unfall 172880 (2024) Kat:3, Licht: 0","172880","3","2","5","03","14","4","","0","1","1","0","0"
"POINT (8.534689082000057 52.024788033000050)","Unfall 172881 (2024) Kat:2, Licht: 0","172881","2","2","2","03","09","4","","0","0","1","0","0"
"POINT (8.592891837000025 52.018628053000043)","Unfall 172883 (2024) Kat:2, Licht: 0","172883","2","6","6","03","17","4","","0","1","0","1","0"
"POINT (8.527747660000045 52.050108604000059)","Unfall 172884 (2024) Kat:3, Licht: 0","172884","3","2","5","03","17","4","","0","1","1","0","0"
"POINT (8.600116098000058 52.049944597000035)","Unfall 172924 (2024) Kat:3, Licht: 0","172924","3","3","5","03","07","3","","0","0","1","0","0"
"POINT (8.648696416000064 52.047884164000038)","Unfall 173019 (2024) Kat:3, Licht: 0","173019","3","5","1","03","10","1","","0","1","1","0","0"
"POINT (8.539935957000068 52.024048654000069)","Unfall 173034 (2024) Kat:3, Licht: 0","173034","3","2","5","03","15","5","","0","1","1","0","0"
"POINT (8.535860973000069 52.028076887000054)","Unfall 173117 (2024) Kat:3, Licht: 0","173117","3","6","4","03","16","6","","0","1","0","0","0"
"POINT (8.590836828000022 51.948288718000072)","Unfall 173242 (2024) Kat:3, Licht: 0","173242","3","1","9","03","11","4","","0","0","0","0","1"
"POINT (8.504228869000030 51.995772834000036)","Unfall 173320 (2024) Kat:3, Licht: 0","173320","3","5","0","03","15","3","","0","1","1","0","0"
"POINT (8.502839343000062 51.999782794000055)","Unfall 173321 (2024) Kat:3, Licht: 0","173321","3","5","1","03","13","3","","0","0","1","0","0"
"POINT (8.520907689000069 52.033011608000038)","Unfall 173322 (2024) Kat:3, Licht: 0","173322","3","2","6","03","10","3","","0","0","1","1","0"
"POINT (8.499279763000061 51.997503412000071)","Unfall 173400 (2024) Kat:2, Licht: 0","173400","2","7","0","04","17","1","","0","1","0","0","0"
"POINT (8.536951673000033 52.018106338000052)","Unfall 173401 (2024) Kat:3, Licht: 0","173401","3","3","5","04","15","1","","0","0","1","0","0"
"POINT (8.516064692000043 52.075856059000046)","Unfall 173402 (2024) Kat:3, Licht: 0","173402","3","7","5","04","15","1","","0","1","1","0","0"
"POINT (8.497899345000064 52.000784060000058)","Unfall 173586 (2024) Kat:3, Licht: 0","173586","3","1","0","04","13","5","","0","1","0","0","0"
"POINT (8.583035158000030 52.016628718000050)","Unfall 173587 (2024) Kat:3, Licht: 0","173587","3","7","0","04","13","5","","0","0","1","0","0"
"POINT (8.512988717000042 52.046354241000074)","Unfall 173638 (2024) Kat:3, Licht: 0","173638","3","5","1","04","12","4","","0","0","1","0","0"
"POINT (8.585976844000072 51.946002230000033)","Unfall 173778 (2024) Kat:3, Licht: 0","173778","3","2","0","04","11","2","","0","0","1","0","0"
"POINT (8.528959369000063 52.022816542000044)","Unfall 173779 (2024) Kat:3, Licht: 0","173779","3","7","0","04","17","2","","0","1","0","0","0"
"POINT (8.608054205000030 52.024106119000066)","Unfall 173855 (2024) Kat:2, Licht: 0","173855","2","7","8","04","08","7","","0","0","1","0","0"
"POINT (8.508561078000071 51.987890338000057)","Unfall 173902 (2024) Kat:3, Licht: 0","173902","3","2","5","04","16","7","","0","0","1","0","0"
"POINT (8.501471028000026 52.036638046000064)","Unfall 173957 (2024) Kat:3, Licht: 1","173957","3","2","3","04","19","6","","1","1","1","0","0"
"POINT (8.510812642000076 52.095109640000032)","Unfall 173958 (2024) Kat:3, Licht: 0","173958","3","3","5","04","08","6","","0","1","1","0","0"
"POINT (8.507117453000035 52.003660560000071)","Unfall 174005 (2024) Kat:3, Licht: 0","174005","3","5","2","04","10","5","","0","0","1","0","0"
"POINT (8.479115541000056 51.981093209000051)","Unfall 174104 (2024) Kat:3, Licht: 0","174104","3","6","2","04","15","3","","0","0","1","0","0"
"POINT (8.522369137000055 52.013160543000026)","Unfall 174105 (2024) Kat:3, Licht: 0","174105","3","3","0","04","13","3","","0","0","0","0","0"
"POINT (8.524620189000075 52.022864168000069)","Unfall 174107 (2024) Kat:3, Licht: 0","174107","3","1","1","04","15","3","","0","0","1","0","0"
"POINT (8.543292906000033 52.025185169000054)","Unfall 174157 (2024) Kat:3, Licht: 2","174157","3","2","5","03","23","1","","2","0","1","0","1"
"POINT (8.567852016000074 52.008983042000068)","Unfall 174295 (2024) Kat:3, Licht: 0","174295","3","3","0","03","17","4","","0","1","1","0","0"
"POINT (8.620309279000026 51.988742329000047)","Unfall 174296 (2024) Kat:3, Licht: 0","174296","3","2","4","03","10","4","","0","0","1","0","0"
"POINT (8.566276772000037 51.999433625000052)","Unfall 174376 (2024) Kat:2, Licht: 2","174376","2","7","0","04","01","7","","2","0","1","0","0"
"POINT (8.523310757000047 52.030846345000043)","Unfall 174405 (2024) Kat:3, Licht: 0","174405","3","3","1","03","13","2","","0","1","1","0","0"
"POINT (8.539107526000066 52.022298735000049)","Unfall 174432 (2024) Kat:3, Licht: 0","174432","3","3","5","05","13","5","","0","1","1","0","0"
"POINT (8.527595002000055 52.036611107000056)","Unfall 174433 (2024) Kat:3, Licht: 0","174433","3","3","5","05","07","5","","0","1","1","0","0"
"POINT (8.541120269000032 52.039475652000078)","Unfall 174434 (2024) Kat:2, Licht: 0","174434","2","4","6","05","09","5","","0","0","0","1","0"
"POINT (8.589964072000043 51.926312864000067)","Unfall 174581 (2024) Kat:3, Licht: 0","174581","3","3","5","04","13","3","","0","1","1","0","0"
"POINT (8.581536452000023 52.017817601000047)","Unfall 174650 (2024) Kat:2, Licht: 0","174650","2","2","5","04","11","2","","0","0","0","0","1"
"POINT (8.558817987000054 52.052047545000050)","Unfall 174794 (2024) Kat:2, Licht: 0","174794","2","5","8","04","14","6","","0","0","1","0","0"
"POINT (8.517555917000038 51.953333113000042)","Unfall 174870 (2024) Kat:3, Licht: 0","174870","3","1","9","04","17","5","","0","0","1","0","0"
"POINT (8.580742544000032 51.943702441000028)","Unfall 174871 (2024) Kat:3, Licht: 0","174871","3","3","5","04","12","5","","0","0","1","0","0"
"POINT (8.539751182000032 52.023375976000068)","Unfall 174873 (2024) Kat:3, Licht: 0","174873","3","7","0","04","15","5","","0","0","1","0","0"
"POINT (8.513505842000029 52.011778366000044)","Unfall 174995 (2024) Kat:3, Licht: 0","174995","3","7","0","04","14","3","","0","1","0","0","0"
"POINT (8.544026815000052 52.045464923000054)","Unfall 175266 (2024) Kat:3, Licht: 0","175266","3","2","3","04","16","5","","0","0","1","0","0"
"POINT (8.483593397000050 52.044746759000077)","Unfall 175283 (2024) Kat:3, Licht: 0","175283","3","1","0","04","08","4","","0","0","1","0","1"
"POINT (8.560640845000023 52.007453163000037)","Unfall 175342 (2024) Kat:2, Licht: 0","175342","2","1","0","04","17","3","","0","0","0","0","1"
"POINT (8.588941315000056 51.999983111000063)","Unfall 175343 (2024) Kat:3, Licht: 0","175343","3","3","5","04","12","3","","0","0","1","0","0"
"POINT (8.541303580000033 52.025017047000063)","Unfall 175344 (2024) Kat:3, Licht: 0","175344","3","7","5","04","13","3","","0","0","1","0","0"
"POINT (8.494421239000076 52.039104010000074)","Unfall 175345 (2024) Kat:3, Licht: 0","175345","3","6","0","04","08","3","","0","1","0","0","0"
"POINT (8.516795951000063 52.022041933000082)","Unfall 175346 (2024) Kat:3, Licht: 0","175346","3","6","2","04","08","3","","0","0","1","0","0"
"POINT (8.510564408000050 52.044680667000080)","Unfall 175348 (2024) Kat:3, Licht: 0","175348","3","3","5","04","07","3","","0","1","1","0","0"
"POINT (8.471072833000051 51.992105234000064)","Unfall 175426 (2024) Kat:3, Licht: 0","175426","3","4","6","04","08","2","","0","0","1","1","0"
"POINT (8.511198323000031 52.050707950000060)","Unfall 175427 (2024) Kat:3, Licht: 0","175427","3","2","4","04","16","2","","0","1","1","0","0"
"POINT (8.553018039000051 51.968369962000054)","Unfall 175438 (2024) Kat:3, Licht: 0","175438","3","3","5","04","08","5","","0","0","1","0","0"
"POINT (8.536802234000049 52.017307221000067)","Unfall 175486 (2024) Kat:3, Licht: 0","175486","3","3","5","05","08","5","","0","1","1","0","0"
"POINT (8.589314445000070 52.001596492000033)","Unfall 175571 (2024) Kat:3, Licht: 0","175571","3","1","6","05","17","4","","0","1","0","1","0"
"POINT (8.470381772000053 52.043636815000070)","Unfall 175572 (2024) Kat:3, Licht: 0","175572","3","2","5","05","16","4","","0","1","1","0","0"
"POINT (8.609850228000028 51.994995892000077)","Unfall 175748 (2024) Kat:2, Licht: 0","175748","2","3","5","05","09","2","","0","0","1","0","1"
"POINT (8.536944540000036 52.018588306000026)","Unfall 175807 (2024) Kat:3, Licht: 0","175807","3","3","5","05","14","1","","0","1","1","0","0"
"POINT (8.572113805000072 52.023719231000030)","Unfall 175902 (2024) Kat:3, Licht: 0","175902","3","2","5","05","12","6","","0","1","1","0","0"
"POINT (8.547703258000070 52.025278962000073)","Unfall 175903 (2024) Kat:3, Licht: 0","175903","3","6","3","05","09","6","","0","1","0","0","0"
"POINT (8.515540704000045 51.980928034000044)","Unfall 175967 (2024) Kat:3, Licht: 0","175967","3","7","0","05","17","5","","0","0","0","0","1"
"POINT (8.528938182000047 52.023645370000054)","Unfall 176118 (2024) Kat:3, Licht: 0","176118","3","3","5","05","08","3","","0","0","1","0","0"
"POINT (8.504316345000063 51.995852450000029)","Unfall 176143 (2024) Kat:3, Licht: 0","176143","3","7","0","05","10","4","","0","0","0","0","0"
"POINT (8.592811136000023 51.952939916000048)","Unfall 176181 (2024) Kat:3, Licht: 0","176181","3","2","5","05","18","2","","0","0","1","0","0"
"POINT (8.517852213000026 52.055741273000081)","Unfall 176195 (2024) Kat:3, Licht: 0","176195","3","3","5","05","11","2","","0","1","1","0","0"
"POINT (8.539678950000052 52.019719966000082)","Unfall 176295 (2024) Kat:3, Licht: 0","176295","3","2","8","05","16","7","","0","0","1","0","1"
"POINT (8.563267145000054 52.039695921000032)","Unfall 176360 (2024) Kat:3, Licht: 0","176360","3","1","6","05","18","6","","0","1","0","1","0"
"POINT (8.517848341000047 51.980936091000046)","Unfall 176486 (2024) Kat:3, Licht: 0","176486","3","2","0","06","13","7","","0","1","1","0","0"
"POINT (8.528939563000051 52.026895164000052)","Unfall 176487 (2024) Kat:3, Licht: 2","176487","3","3","5","06","00","7","","2","1","1","0","0"
"POINT (8.556150536000075 52.024694981000039)","Unfall 176540 (2024) Kat:2, Licht: 1","176540","2","1","0","05","21","6","","1","1","0","0","0"
"POINT (8.499272336000047 51.997491053000033)","Unfall 176655 (2024) Kat:3, Licht: 0","176655","3","7","0","05","17","4","","0","1","0","0","0"
"POINT (8.515752010000028 51.983859566000035)","Unfall 176656 (2024) Kat:2, Licht: 0","176656","2","6","2","05","12","4","","0","0","1","0","0"
"POINT (8.580555553000067 52.018599405000032)","Unfall 176808 (2024) Kat:2, Licht: 0","176808","2","1","5","05","15","2","","0","0","1","0","1"
"POINT (8.543252364000068 52.025833764000026)","Unfall 176810 (2024) Kat:3, Licht: 0","176810","3","4","6","05","12","2","","0","1","0","1","0"
"POINT (8.565538604000039 52.023527903000058)","Unfall 176875 (2024) Kat:2, Licht: 0","176875","2","7","2","05","16","1","","0","0","1","0","0"
"POINT (8.525299419000021 51.962482175000048)","Unfall 176925 (2024) Kat:3, Licht: 0","176925","3","2","4","05","17","7","","0","0","1","0","1"
"POINT (8.599423169000033 51.928174035000040)","Unfall 176926 (2024) Kat:3, Licht: 0","176926","3","3","5","05","09","7","","0","1","1","0","0"
"POINT (8.479094143000054 51.998821974000066)","Unfall 176986 (2024) Kat:3, Licht: 1","176986","3","7","0","05","18","5","","1","0","1","0","0"
"POINT (8.533727091000060 52.023446310000054)","Unfall 176991 (2024) Kat:3, Licht: 0","176991","3","4","6","05","21","3","","0","1","0","1","0"
"POINT (8.539468648000025 52.045625983000036)","Unfall 177099 (2024) Kat:3, Licht: 0","177099","3","6","6","05","14","5","","0","1","0","1","0"
"POINT (8.533508711000025 51.943088563000060)","Unfall 177167 (2024) Kat:3, Licht: 0","177167","3","6","7","05","18","4","","0","0","1","0","0"
"POINT (8.514024939000024 52.094334779000064)","Unfall 177168 (2024) Kat:3, Licht: 0","177168","3","2","4","05","19","4","","0","0","1","0","0"
"POINT (8.509558109000068 51.987337481000054)","Unfall 177247 (2024) Kat:3, Licht: 0","177247","3","2","5","05","14","3","","0","1","1","0","0"
"POINT (8.470046844000024 51.964568319000080)","Unfall 177345 (2024) Kat:3, Licht: 0","177345","3","7","0","05","21","1","","0","0","0","0","1"
"POINT (8.527962100000025 52.020645306000063)","Unfall 177394 (2024) Kat:3, Licht: 0","177394","3","4","6","05","07","7","","0","0","1","1","0"
"POINT (8.529013812000073 52.022644445000026)","Unfall 177489 (2024) Kat:2, Licht: 0","177489","2","3","0","05","15","6","","0","1","0","0","0"
"POINT (8.505641206000064 52.035479947000056)","Unfall 177490 (2024) Kat:3, Licht: 0","177490","3","3","5","05","16","6","","0","1","1","0","0"
"POINT (8.579443902000037 52.067165909000039)","Unfall 177492 (2024) Kat:3, Licht: 0","177492","3","3","0","05","09","6","","0","1","1","0","0"
"POINT (8.572278981000068 52.028858714000080)","Unfall 177552 (2024) Kat:3, Licht: 0","177552","3","7","6","06","10","7","","0","0","1","1","0"
"POINT (8.507910567000067 51.963960804000067)","Unfall 177608 (2024) Kat:3, Licht: 0","177608","3","7","6","06","09","6","","0","0","1","1","0"
"POINT (8.598564109000051 52.028924208000035)","Unfall 177609 (2024) Kat:3, Licht: 0","177609","3","2","2","06","13","6","","0","0","1","0","1"
"POINT (8.573469109000030 51.995694951000075)","Unfall 177682 (2024) Kat:3, Licht: 0","177682","3","6","2","06","12","5","","0","0","1","0","1"
"POINT (8.579918358000043 51.944248624000068)","Unfall 177812 (2024) Kat:3, Licht: 0","177812","3","1","4","06","15","3","","0","0","1","0","0"
"POINT (8.543228206000038 52.047006546000034)","Unfall 177891 (2024) Kat:3, Licht: 0","177891","3","2","5","06","16","2","","0","0","1","0","0"
"POINT (8.587084101000073 52.067192936000026)","Unfall 177946 (2024) Kat:3, Licht: 0","177946","3","5","1","06","14","1","","0","1","1","0","0"
"POINT (8.544095751000043 52.044492239000078)","Unfall 178032 (2024) Kat:3, Licht: 0","178032","3","2","3","06","12","7","","0","0","1","0","0"
"POINT (8.544205884000064 52.046842770000069)","Unfall 178110 (2024) Kat:3, Licht: 0","178110","3","2","5","06","15","6","","0","1","1","0","0"
"POINT (8.526143102000049 52.029324911000060)","Unfall 178111 (2024) Kat:3, Licht: 0","178111","3","7","0","06","10","6","","0","1","1","0","0"
"POINT (8.540615650000063 52.023010778000071)","Unfall 178231 (2024) Kat:3, Licht: 0","178231","3","3","0","06","18","5","","0","1","1","0","0"
"POINT (8.528239450000058 52.046059724000031)","Unfall 178232 (2024) Kat:3, Licht: 0","178232","3","2","3","06","07","5","","0","1","1","0","0"
"POINT (8.530170301000055 52.044212960000038)","Unfall 178233 (2024) Kat:3, Licht: 0","178233","3","2","0","06","06","5","","0","1","1","0","0"
"POINT (8.554514662000031 51.959087857000043)","Unfall 178309 (2024) Kat:3, Licht: 0","178309","3","1","9","06","08","4","","0","0","1","0","0"
"POINT (8.610981519000063 52.026132063000034)","Unfall 178310 (2024) Kat:3, Licht: 0","178310","3","3","5","06","16","4","","0","1","1","0","0"
"POINT (8.509384774000068 51.987207310000031)","Unfall 178381 (2024) Kat:3, Licht: 0","178381","3","7","0","06","15","3","","0","1","1","0","0"
"POINT (8.487764627000047 51.987546611000027)","Unfall 178382 (2024) Kat:3, Licht: 0","178382","3","3","5","06","09","3","","0","0","1","0","0"
"POINT (8.508635637000054 52.058524372000079)","Unfall 178628 (2024) Kat:3, Licht: 0","178628","3","7","0","06","16","6","","0","1","0","0","0"
"POINT (8.529812769000046 52.021953301000053)","Unfall 178716 (2024) Kat:2, Licht: 0","178716","2","2","6","06","12","5","","0","0","1","1","0"
"POINT (8.513561421000077 52.007502240000065)","Unfall 178790 (2024) Kat:3, Licht: 0","178790","3","6","2","06","18","4","","0","0","1","0","0"
"POINT (8.521452466000028 52.010286156000063)","Unfall 178791 (2024) Kat:3, Licht: 0","178791","3","6","3","06","07","4","","0","1","1","0","0"
"POINT (8.531095972000060 52.018792855000072)","Unfall 178792 (2024) Kat:3, Licht: 0","178792","3","3","5","06","17","4","","0","1","1","0","0"
"POINT (8.511900371000024 52.046973447000028)","Unfall 178793 (2024) Kat:2, Licht: 0","178793","2","1","0","06","14","4","","0","1","0","0","0"
"POINT (8.503705262000040 51.997562930000072)","Unfall 178890 (2024) Kat:3, Licht: 0","178890","3","5","1","06","12","3","","0","1","0","0","0"
"POINT (8.497309996000070 51.993102887000077)","Unfall 178892 (2024) Kat:2, Licht: 2","178892","2","1","8","06","02","3","","2","0","1","0","0"
"POINT (8.519534476000047 51.997507473000042)","Unfall 178982 (2024) Kat:2, Licht: 0","178982","2","1","0","06","18","2","","0","1","0","0","0"
"POINT (8.476885208000056 52.033437280000044)","Unfall 178983 (2024) Kat:3, Licht: 0","178983","3","1","0","06","12","2","","0","1","0","0","0"
"POINT (8.527718617000062 52.051185412000052)","Unfall 179037 (2024) Kat:3, Licht: 0","179037","3","1","9","06","15","1","","0","0","1","0","0"
"POINT (8.527970511000035 52.021239025000057)","Unfall 179089 (2024) Kat:2, Licht: 0","179089","2","7","7","06","13","3","","0","0","0","0","0"
"POINT (8.603884783000069 52.079697522000060)","Unfall 179094 (2024) Kat:3, Licht: 0","179094","3","2","6","06","16","7","","0","0","0","1","0"
"POINT (8.538949001000049 52.036894629000074)","Unfall 179166 (2024) Kat:2, Licht: 2","179166","2","1","0","06","22","6","","2","1","0","0","0"
"POINT (8.583405398000025 51.999018035000063)","Unfall 179265 (2024) Kat:3, Licht: 0","179265","3","6","4","06","08","5","","0","1","0","0","0"
"POINT (8.501713455000072 51.998099883000066)","Unfall 179354 (2024) Kat:3, Licht: 0","179354","3","1","2","06","14","4","","0","0","1","0","0"
"POINT (8.557435095000073 52.014446709000026)","Unfall 179356 (2024) Kat:3, Licht: 2","179356","3","1","0","06","22","4","","2","1","0","0","0"
"POINT (8.542011574000071 52.040187812000056)","Unfall 179357 (2024) Kat:3, Licht: 0","179357","3","7","0","06","21","4","","0","1","1","0","0"
"POINT (8.517151530000035 52.009705326000073)","Unfall 179504 (2024) Kat:3, Licht: 0","179504","3","6","2","06","17","2","","0","0","1","0","0"
"POINT (8.539697305000061 52.026293673000055)","Unfall 179723 (2024) Kat:3, Licht: 0","179723","3","2","5","07","13","6","","0","1","1","0","0"
"POINT (8.591423243000065 52.001913891000072)","Unfall 179724 (2024) Kat:2, Licht: 0","179724","2","2","6","07","14","6","","0","0","1","1","0"
"POINT (8.612620057000072 52.019786019000037)","Unfall 179785 (2024) Kat:2, Licht: 0","179785","2","1","8","07","14","5","","0","0","0","0","1"
"POINT (8.522681891000047 52.015691765000042)","Unfall 179847 (2024) Kat:3, Licht: 0","179847","3","3","5","07","13","4","","0","1","1","0","0"
"POINT (8.530873917000065 51.963456813000050)","Unfall 179911 (2024) Kat:3, Licht: 0","179911","3","3","5","07","15","3","","0","1","1","0","0"
"POINT (8.531684800000050 52.027347942000063)","Unfall 179912 (2024) Kat:3, Licht: 0","179912","3","1","0","07","20","3","","0","0","0","0","0"
"POINT (8.496751735000032 51.992563570000073)","Unfall 179968 (2024) Kat:3, Licht: 1","179968","3","6","4","07","20","2","","1","1","0","0","0"
"POINT (8.527214161000074 52.029568345000030)","Unfall 179981 (2024) Kat:3, Licht: 1","179981","3","2","5","07","21","5","","1","0","1","0","0"
"POINT (8.598381965000044 51.956034437000028)","Unfall 180009 (2024) Kat:3, Licht: 0","180009","3","5","1","07","00","1","","0","0","1","0","0"
"POINT (8.532480446000022 52.016243851000070)","Unfall 180063 (2024) Kat:3, Licht: 2","180063","3","1","9","07","00","7","","2","1","0","0","0"
"POINT (8.526122486000077 52.024775718000058)","Unfall 180064 (2024) Kat:3, Licht: 2","180064","3","1","8","07","00","7","","2","1","1","0","0"
"POINT (8.543501354000057 52.014377844000080)","Unfall 180141 (2024) Kat:2, Licht: 0","180141","2","7","6","07","14","6","","0","0","1","1","0"
"POINT (8.538220163000062 52.044794624000076)","Unfall 180290 (2024) Kat:3, Licht: 1","180290","3","7","1","07","21","4","","1","1","1","0","0"
"POINT (8.528905958000053 52.023899442000072)","Unfall 180368 (2024) Kat:3, Licht: 0","180368","3","2","5","07","13","3","","0","1","1","0","0"
"POINT (8.538284735000047 52.026873229000046)","Unfall 180369 (2024) Kat:3, Licht: 0","180369","3","6","2","07","08","3","","0","0","1","0","0"
"POINT (8.536417238000070 52.022190370000033)","Unfall 180473 (2024) Kat:3, Licht: 0","180473","3","4","6","07","15","2","","0","1","0","1","0"
"POINT (8.531578853000042 52.027175932000034)","Unfall 180528 (2024) Kat:3, Licht: 2","180528","3","1","0","06","01","1","","2","0","0","0","0"
"POINT (8.607470469000020 51.991078475000052)","Unfall 180643 (2024) Kat:3, Licht: 0","180643","3","6","2","08","14","5","","0","0","1","0","0"
"POINT (8.566598827000064 52.021328347000065)","Unfall 180698 (2024) Kat:3, Licht: 0","180698","3","6","2","07","16","4","","0","0","1","0","0"
"POINT (8.541742448000036 51.956283358000064)","Unfall 180758 (2024) Kat:3, Licht: 0","180758","3","7","5","07","11","3","","0","1","1","0","0"
"POINT (8.533008277000022 52.038155853000035)","Unfall 180819 (2024) Kat:2, Licht: 0","180819","2","1","8","07","06","2","","0","0","0","0","1"
"POINT (8.584666064000032 52.035635688000070)","Unfall 180878 (2024) Kat:3, Licht: 0","180878","3","6","2","07","18","1","","0","0","1","0","0"
"POINT (8.566043674000070 52.022612266000067)","Unfall 180925 (2024) Kat:3, Licht: 2","180925","3","6","4","07","22","7","","2","0","1","0","0"
"POINT (8.518803239000022 52.037996323000073)","Unfall 180926 (2024) Kat:3, Licht: 2","180926","3","1","0","07","02","7","","2","1","0","0","0"
"POINT (8.604316541000060 52.032133453000029)","Unfall 181094 (2024) Kat:3, Licht: 0","181094","3","1","0","07","20","4","","0","1","0","0","0"
"POINT (8.566876315000059 52.007844927000065)","Unfall 181154 (2024) Kat:3, Licht: 0","181154","3","2","0","07","17","3","","0","1","0","0","0"
"POINT (8.522626869000021 52.015706970000053)","Unfall 181214 (2024) Kat:3, Licht: 0","181214","3","2","3","07","16","2","","0","0","1","0","0"
"POINT (8.572773782000070 52.011395927000081)","Unfall 181215 (2024) Kat:2, Licht: 0","181215","2","2","4","07","13","2","","0","0","1","0","0"
"POINT (8.587723761000063 51.928360559000055)","Unfall 181270 (2024) Kat:3, Licht: 0","181270","3","7","5","07","16","3","","0","0","1","0","0"
"POINT (8.549003442000071 52.016531821000058)","Unfall 181378 (2024) Kat:3, Licht: 0","181378","3","3","5","07","15","3","","0","1","1","0","0"
"POINT (8.541454088000023 52.039792686000055)","Unfall 181639 (2024) Kat:3, Licht: 0","181639","3","3","5","07","06","2","","0","0","1","0","0"
"POINT (8.518914249000034 52.029976734000059)","Unfall 181703 (2024) Kat:2, Licht: 0","181703","2","7","0","08","21","7","","0","1","0","0","0"
"POINT (8.520249475000071 52.032444867000038)","Unfall 181777 (2024) Kat:3, Licht: 0","181777","3","5","1","08","18","6","","0","1","1","0","0"
"POINT (8.607406922000052 51.991090029000077)","Unfall 181840 (2024) Kat:3, Licht: 0","181840","3","3","5","08","13","5","","0","1","1","0","0"
"POINT (8.528070072000048 52.019046418000073)","Unfall 181841 (2024) Kat:3, Licht: 0","181841","3","6","0","08","14","5","","0","1","0","0","0"
"POINT (8.520713249000039 52.029123178000077)","Unfall 181842 (2024) Kat:3, Licht: 0","181842","3","3","5","08","18","5","","0","1","1","0","0"
"POINT (8.518349843000067 52.054755941000053)","Unfall 181843 (2024) Kat:3, Licht: 0","181843","3","1","2","08","07","5","","0","1","1","0","0"
"POINT (8.537530481000033 52.021363072000042)","Unfall 181886 (2024) Kat:3, Licht: 0","181886","3","6","3","08","13","4","","0","0","1","0","1"
"POINT (8.541232877000027 52.022622099000046)","Unfall 181887 (2024) Kat:3, Licht: 2","181887","3","1","9","08","22","4","","2","1","1","0","0"
"POINT (8.520846021000068 52.012282522000078)","Unfall 181948 (2024) Kat:3, Licht: 0","181948","3","7","0","08","14","3","","0","0","1","0","0"
"POINT (8.532207173000074 52.024287226000069)","Unfall 181949 (2024) Kat:3, Licht: 0","181949","3","7","6","08","17","3","","0","1","0","1","0"
"POINT (8.534893322000073 52.027253006000080)","Unfall 181950 (2024) Kat:3, Licht: 2","181950","3","1","0","08","00","3","","2","0","0","0","0"
"POINT (8.523573522000049 52.009903903000065)","Unfall 181999 (2024) Kat:2, Licht: 0","181999","2","7","0","08","14","2","","0","1","1","0","0"
"POINT (8.503776870000024 51.996989354000050)","Unfall 182000 (2024) Kat:3, Licht: 0","182000","3","3","0","08","10","2","","0","1","0","0","0"
"POINT (8.589402683000060 52.007088412000030)","Unfall 182001 (2024) Kat:3, Licht: 0","182001","3","3","5","08","14","2","","0","0","1","0","0"
"POINT (8.609774449000042 51.954298479000045)","Unfall 182060 (2024) Kat:2, Licht: 0","182060","2","1","0","08","12","1","","0","1","0","0","0"
"POINT (8.514967613000067 51.979058170000030)","Unfall 182115 (2024) Kat:2, Licht: 0","182115","2","1","0","08","15","7","","0","0","0","0","0"
"POINT (8.568451503000063 52.024703979000037)","Unfall 182253 (2024) Kat:3, Licht: 2","182253","3","1","0","08","05","5","","2","0","0","0","0"