WKT,Name,OBJECTID,UKATEGORIE,UTYP1,UART,UMONAT,USTUNDE,UWOCHENTAG,STRZUSTAND,ULICHTVERH,ISTRAD,ISTPKW,ISTFUSS,ISTKRAD
"POINT (8.533899027000075 52.018021097000030)","Unfall 182255 (2024) Kat:3, Licht: 0","182255","3","7","2","08","13","5","","0","0","1","0","1"
"POINT (8.510170484000071 52.005413236000038)","Unfall 182311 (2024) Kat:3, Licht: 0","182311","3","7","0","08","08","4","","0","1","0","0","0"
"POINT (8.576795194000056 52.016690870000048)","Unfall 182312 (2024) Kat:2, Licht: 0","182312","2","6","3","08","11","4","","0","1","1","0","0"
"POINT (8.535363035000046 52.027269391000061)","Unfall 182313 (2024) Kat:3, Licht: 0","182313","3","1","0","08","16","4","","0","1","0","0","0"
"POINT (8.527355717000034 52.047794500000066)","Unfall 182314 (2024) Kat:3, Licht: 0","182314","3","1","8","08","09","4","","0","1","0","0","0"
"POINT (8.499660265000045 51.996479243000067)","Unfall 182367 (2024) Kat:2, Licht: 2","182367","2","7","0","08","02","1","","2","0","0","0","0"
"POINT (8.507992787000035 51.991092333000040)","Unfall 182375 (2024) Kat:3, Licht: 0","182375","3","2","4","08","13","3","","0","1","1","0","0"
"POINT (8.518949579000036 51.985433372000045)","Unfall 182376 (2024) Kat:2, Licht: 0","182376","2","1","0","08","09","3","","0","1","0","0","0"
"POINT (8.539764373000025 52.023504641000045)","Unfall 182378 (2024) Kat:3, Licht: 0","182378","3","6","2","08","10","3","","0","0","1","0","0"
"POINT (8.541129912000031 52.032832586000040)","Unfall 182379 (2024) Kat:3, Licht: 2","182379","3","3","5","08","23","3","","2","1","1","0","0"
"POINT (8.530953561000047 52.027348349000079)","Unfall 182452 (2024) Kat:3, Licht: 0","182452","3","6","4","08","20","2","","0","1","0","0","0"
"POINT (8.602893766000022 51.928294528000038)","Unfall 182545 (2024) Kat:3, Licht: 0","182545","3","3","5","08","13","7","","0","1","1","0","0"
"POINT (8.571584751000046 52.034468790000062)","Unfall 182547 (2024) Kat:2, Licht: 2","182547","2","1","0","08","21","7","","2","1","0","0","0"
"POINT (8.539503278000041 52.037838018000059)","Unfall 182548 (2024) Kat:3, Licht: 0","182548","3","7","4","08","14","7","","0","1","1","0","0"
"POINT (8.516358539000066 52.040697504000036)","Unfall 182617 (2024) Kat:3, Licht: 0","182617","3","5","1","08","14","6","","0","0","1","0","0"
"POINT (8.564106716000026 52.026959343000044)","Unfall 182801 (2024) Kat:3, Licht: 0","182801","3","3","5","08","17","6","","0","0","1","0","0"
"POINT (8.531390315000067 52.032190881000076)","Unfall 182872 (2024) Kat:2, Licht: 0","182872","2","7","0","08","15","5","","0","1","0","0","0"
"POINT (8.532632822000039 52.034474113000044)","Unfall 182952 (2024) Kat:3, Licht: 0","182952","3","5","1","08","15","4","","0","1","1","0","0"
"POINT (8.583057679000035 51.943222662000039)","Unfall 183034 (2024) Kat:3, Licht: 0","183034","3","2","0","08","17","3","","0","0","1","0","0"
"POINT (8.537943945000052 52.033103229000062)","Unfall 183035 (2024) Kat:3, Licht: 0","183035","3","2","5","08","08","3","","0","1","1","0","0"
"POINT (8.512091725000062 52.003148225000075)","Unfall 183163 (2024) Kat:3, Licht: 0","183163","3","7","2","08","19","1","","0","0","0","0","1"
"POINT (8.570964288000027 52.015275091000035)","Unfall 183164 (2024) Kat:3, Licht: 0","183164","3","1","1","08","11","1","","0","1","1","0","0"
"POINT (8.590120948000049 51.947967326000082)","Unfall 183241 (2024) Kat:2, Licht: 0","183241","2","4","6","08","16","7","","0","0","0","1","0"
"POINT (8.593635828000060 52.004916818000027)","Unfall 183242 (2024) Kat:3, Licht: 0","183242","3","7","5","08","09","7","","0","1","1","0","0"
"POINT (8.523230038000065 51.995699483000067)","Unfall 183323 (2024) Kat:2, Licht: 0","183323","2","1","0","08","11","6","","0","1","0","0","0"
"POINT (8.535675196000057 52.023535999000046)","Unfall 183411 (2024) Kat:3, Licht: 0","183411","3","6","6","08","13","5","","0","1","0","1","0"
"POINT (8.564296997000042 52.026087357000051)","Unfall 183502 (2024) Kat:3, Licht: 0","183502","3","1","0","08","13","4","","0","1","0","0","0"
"POINT (8.511176320000061 52.030443949000073)","Unfall 183665 (2024) Kat:3, Licht: 0","183665","3","2","5","08","07","4","","0","1","1","0","0"
"POINT (8.516023420000067 52.008953125000062)","Unfall 183682 (2024) Kat:3, Licht: 2","183682","3","3","0","08","21","2","","2","1","1","0","0"
"POINT (8.522309793000034 52.013173216000041)","Unfall 183683 (2024) Kat:3, Licht: 0","183683","3","3","5","08","11","2","","0","1","0","0","1"
"POINT (8.503801620000047 51.999767808000058)","Unfall 183760 (2024) Kat:3, Licht: 0","183760","3","1","0","09","12","7","","0","1","0","0","0"
"POINT (8.611533643000030 52.020927830000062)","Unfall 183761 (2024) Kat:3, Licht: 0","183761","3","3","5","09","08","7","","0","1","1","0","0"
"POINT (8.528100433000077 52.027830598000037)","Unfall 183762 (2024) Kat:3, Licht: 0","183762","3","7","0","09","18","7","","0","1","0","0","0"
"POINT (8.523865115000035 52.016145031000065)","Unfall 183820 (2024) Kat:3, Licht: 0","183820","3","7","0","09","14","6","","0","1","0","1","0"
"POINT (8.580218046000027 52.003286508000031)","Unfall 183878 (2024) Kat:3, Licht: 0","183878","3","3","5","09","07","5","","0","1","0","0","0"
"POINT (8.516308160000051 52.009365592000051)","Unfall 183994 (2024) Kat:3, Licht: 0","183994","3","6","2","09","14","3","","0","0","1","0","0"
"POINT (8.535628250000059 52.023947114000066)","Unfall 184071 (2024) Kat:3, Licht: 0","184071","3","4","6","09","15","2","","0","0","0","1","0"
"POINT (8.540503138000076 52.023078443000031)","Unfall 184073 (2024) Kat:3, Licht: 0","184073","3","2","0","09","11","2","","0","0","0","0","1"
"POINT (8.590431218000049 51.938512228000036)","Unfall 184130 (2024) Kat:3, Licht: 0","184130","3","1","0","09","11","1","","0","1","0","0","0"
"POINT (8.532857669000066 52.027393523000057)","Unfall 184131 (2024) Kat:3, Licht: 2","184131","3","2","6","09","05","1","","2","0","0","1","0"
"POINT (8.565514427000039 52.023600868000074)","Unfall 184196 (2024) Kat:3, Licht: 0","184196","3","2","6","09","12","7","","0","0","1","1","0"
"POINT (8.529435381000042 52.098711819000073)","Unfall 184197 (2024) Kat:3, Licht: 0","184197","3","5","1","09","11","7","","0","0","1","0","0"
"POINT (8.598719680000045 51.956592583000031)","Unfall 184276 (2024) Kat:3, Licht: 0","184276","3","3","5","09","07","6","","0","1","1","0","0"
"POINT (8.534092995000037 52.022338006000041)","Unfall 184277 (2024) Kat:3, Licht: 2","184277","3","1","0","09","00","6","","2","1","0","0","0"
"POINT (8.531018833000076 52.027329070000064)","Unfall 184351 (2024) Kat:3, Licht: 0","184351","3","6","3","09","10","5","","0","0","1","0","0"
"POINT (8.555013330000065 51.955523681000045)","Unfall 184433 (2024) Kat:3, Licht: 0","184433","3","3","5","09","12","4","","0","0","1","0","1"
"POINT (8.528817115000038 52.024322303000076)","Unfall 184434 (2024) Kat:3, Licht: 0","184434","3","5","3","09","12","4","","0","1","0","0","0"
"POINT (8.525226858000053 52.017831487000080)","Unfall 184527 (2024) Kat:3, Licht: 0","184527","3","1","9","09","15","3","","0","1","0","0","0"
"POINT (8.538257470000076 52.033886167000048)","Unfall 184528 (2024) Kat:2, Licht: 2","184528","2","7","0","09","23","3","","2","0","0","0","0"
"POINT (8.544874014000072 52.048079549000079)","Unfall 184552 (2024) Kat:3, Licht: 0","184552","3","4","6","09","15","5","","0","0","0","1","0"
"POINT (8.602706406000038 52.055270223000036)","Unfall 184612 (2024) Kat:3, Licht: 0","184612","3","3","0","09","07","4","","0","1","1","0","0"
"POINT (8.533582488000036 52.023371576000045)","Unfall 184625 (2024) Kat:3, Licht: 0","184625","3","1","3","09","17","2","","0","1","1","0","0"
"POINT (8.606300559000033 52.068443831000081)","Unfall 184626 (2024) Kat:3, Licht: 0","184626","3","7","6","09","14","2","","0","0","1","1","0"
"POINT (8.535662458000047 52.022321673000079)","Unfall 184683 (2024) Kat:2, Licht: 0","184683","2","7","5","09","19","2","","0","1","1","0","0"
"POINT (8.503460749000055 51.995060587000069)","Unfall 184755 (2024) Kat:3, Licht: 2","184755","3","3","5","09","01","1","","2","0","1","0","0"
"POINT (8.530262364000066 52.022721791000038)","Unfall 184756 (2024) Kat:3, Licht: 2","184756","3","1","6","09","01","1","","2","0","1","1","0"
"POINT (8.534995786000025 52.026121563000061)","Unfall 184874 (2024) Kat:3, Licht: 0","184874","3","2","3","09","16","6","","0","1","1","0","0"
"POINT (8.524544549000041 52.016641032000052)","Unfall 184875 (2024) Kat:3, Licht: 0","184875","3","7","3","09","11","6","","0","0","1","0","1"
"POINT (8.515308002000040 52.008664528000054)","Unfall 184942 (2024) Kat:2, Licht: 2","184942","2","7","3","09","20","5","","2","0","1","0","0"
"POINT (8.518314205000024 52.035469293000062)","Unfall 184943 (2024) Kat:3, Licht: 0","184943","3","1","8","09","08","5","","0","1","0","0","0"
"POINT (8.547611183000072 52.057514934000039)","Unfall 184944 (2024) Kat:3, Licht: 0","184944","3","1","0","09","09","5","","0","1","0","0","0"
"POINT (8.534353364000026 52.027092171000049)","Unfall 185112 (2024) Kat:3, Licht: 0","185112","3","6","3","09","14","4","","0","0","1","0","0"
"POINT (8.560817216000032 52.008042613000043)","Unfall 185164 (2024) Kat:3, Licht: 0","185164","3","6","2","09","15","2","","0","0","1","0","0"
"POINT (8.526365504000069 52.026503366000043)","Unfall 185165 (2024) Kat:3, Licht: 0","185165","3","7","0","09","11","2","","0","1","0","0","0"
"POINT (8.589187629000037 51.956791429000077)","Unfall 185311 (2024) Kat:3, Licht: 2","185311","3","5","1","09","23","7","","2","1","1","0","0"
"POINT (8.517902102000050 51.980657424000071)","Unfall 185313 (2024) Kat:3, Licht: 0","185313","3","2","4","09","15","7","","0","0","1","0","1"
"POINT (8.523983330000021 52.012578918000031)","Unfall 185566 (2024) Kat:2, Licht: 0","185566","2","6","2","09","19","4","","0","1","1","0","0"
"POINT (8.533288557000049 52.047965125000076)","Unfall 185568 (2024) Kat:3, Licht: 0","185568","3","7","5","09","16","4","","0","1","0","0","0"
"POINT (8.595355636000022 51.951673348000043)","Unfall 185636 (2024) Kat:3, Licht: 2","185636","3","3","5","09","22","3","","2","0","1","0","0"
"POINT (8.544037699000057 52.045465384000067)","Unfall 185637 (2024) Kat:3, Licht: 0","185637","3","2","3","09","12","3","","0","0","0","0","0"
"POINT (8.530460336000033 52.024260278000042)","Unfall 185886 (2024) Kat:3, Licht: 1","185886","3","5","1","10","18","3","","1","1","1","0","0"
"POINT (8.539844737000067 52.030537012000082)","Unfall 185926 (2024) Kat:3, Licht: 0","185926","3","3","5","10","15","2","","0","1","1","0","0"
"POINT (8.544076950000033 52.044491576000041)","Unfall 185927 (2024) Kat:3, Licht: 0","185927","3","2","5","10","16","2","","0","0","1","0","0"
"POINT (8.535520961000032 52.023561445000041)","Unfall 186072 (2024) Kat:3, Licht: 0","186072","3","4","6","10","13","6","","0","0","0","1","0"
"POINT (8.589258134000033 52.006188651000059)","Unfall 186133 (2024) Kat:3, Licht: 0","186133","3","3","5","10","14","5","","0","1","1","0","0"
"POINT (8.571997568000029 52.010247922000076)","Unfall 186134 (2024) Kat:2, Licht: 1","186134","2","1","8","10","07","5","","1","0","1","0","0"
"POINT (8.528305402000058 52.046085691000030)","Unfall 186135 (2024) Kat:3, Licht: 0","186135","3","1","2","10","18","5","","0","0","1","0","1"
"POINT (8.529437120000068 52.044810862000077)","Unfall 186136 (2024) Kat:2, Licht: 0","186136","2","4","6","10","18","5","","0","0","1","1","0"
"POINT (8.518326812000055 51.982445796000036)","Unfall 186376 (2024) Kat:3, Licht: 1","186376","3","1","0","10","07","2","","1","0","0","0","1"
"POINT (8.534333462000063 52.097684058000027)","Unfall 186377 (2024) Kat:3, Licht: 0","186377","3","4","6","10","16","2","","0","1","0","1","0"
"POINT (8.537975825000046 52.033073529000035)","Unfall 186378 (2024) Kat:3, Licht: 0","186378","3","2","3","10","16","2","","0","1","1","0","0"
"POINT (8.521050027000058 52.032925194000029)","Unfall 186422 (2024) Kat:3, Licht: 0","186422","3","2","5","10","10","1","","0","1","1","0","0"
"POINT (8.531068142000038 52.044770155000037)","Unfall 186483 (2024) Kat:3, Licht: 0","186483","3","5","1","10","18","7","","0","0","1","0","0"
"POINT (8.599621945000024 52.010343116000058)","Unfall 186670 (2024) Kat:3, Licht: 2","186670","3","6","1","10","06","2","","2","0","1","0","0"
"POINT (8.539615224000045 52.032598825000036)","Unfall 186694 (2024) Kat:3, Licht: 0","186694","3","3","5","10","12","3","","0","0","1","0","0"
"POINT (8.539747235000050 52.029670778000082)","Unfall 186695 (2024) Kat:3, Licht: 0","186695","3","6","2","10","16","3","","0","0","1","0","0"
"POINT (8.627522090000070 51.943638603000068)","Unfall 186750 (2024) Kat:1, Licht: 2","186750","1","1","8","10","05","4","","2","0","0","0","1"
"POINT (8.503303810000034 51.988162343000056)","Unfall 186916 (2024) Kat:3, Licht: 0","186916","3","1","0","11","07","2","","0","0","1","0","0"
"POINT (8.588476297000057 51.992503140000053)","Unfall 186917 (2024) Kat:3, Licht: 2","186917","3","3","0","11","18","2","","2","0","1","0","1"
"POINT (8.541077898000026 52.022718225000062)","Unfall 187000 (2024) Kat:3, Licht: 0","187000","3","6","2","11","13","7","","0","0","1","0","0"
"POINT (8.491414592000069 52.041808476000028)","Unfall 187001 (2024) Kat:3, Licht: 0","187001","3","4","6","11","14","7","","0","1","0","1","0"
"POINT (8.537667062000025 52.023357485000076)","Unfall 187079 (2024) Kat:3, Licht: 0","187079","3","1","0","10","10","5","","0","0","1","0","1"
"POINT (8.516860004000023 52.037042415000030)","Unfall 187138 (2024) Kat:3, Licht: 0","187138","3","3","5","10","15","4","","0","1","1","0","0"
"POINT (8.506371805000072 51.989865213000030)","Unfall 187218 (2024) Kat:3, Licht: 2","187218","3","2","6","10","22","3","","2","0","1","1","0"
"POINT (8.561470693000047 52.002894336000054)","Unfall 187219 (2024) Kat:3, Licht: 1","187219","3","7","6","10","07","3","","1","0","0","1","0"
"POINT (8.538258482000060 52.026828941000076)","Unfall 187220 (2024) Kat:3, Licht: 0","187220","3","3","5","10","10","3","","0","1","1","0","0"
"POINT (8.527508257000022 52.047938096000053)","Unfall 187221 (2024) Kat:3, Licht: 1","187221","3","6","4","10","19","3","","1","0","1","0","1"
"POINT (8.509224451000023 51.989752941000063)","Unfall 187300 (2024) Kat:3, Licht: 2","187300","3","3","6","10","22","2","","2","1","0","1","0"
"POINT (8.521754057000066 52.027762458000041)","Unfall 187363 (2024) Kat:3, Licht: 0","187363","3","6","4","10","15","7","","0","0","1","0","0"
"POINT (8.537943945000052 52.033103229000062)","Unfall 187421 (2024) Kat:3, Licht: 1","187421","3","3","0","10","18","6","","1","1","0","0","0"
"POINT (8.521803525000053 52.027907971000047)","Unfall 187422 (2024) Kat:3, Licht: 0","187422","3","5","1","10","13","6","","0","1","1","0","0"
"POINT (8.532650608000040 52.019718270000055)","Unfall 187517 (2024) Kat:3, Licht: 0","187517","3","2","6","11","15","7","","0","0","1","1","0"
"POINT (8.592067050000026 51.938625874000081)","Unfall 187654 (2024) Kat:2, Licht: 2","187654","2","7","4","10","22","2","","2","0","1","0","0"
"POINT (8.478664533000028 52.057620625000027)","Unfall 187655 (2024) Kat:2, Licht: 0","187655","2","7","0","10","17","2","","0","0","0","0","0"
"POINT (8.585963499000059 51.945945255000026)","Unfall 187730 (2024) Kat:3, Licht: 0","187730","3","7","6","10","10","7","","0","0","1","1","0"
"POINT (8.531657409000047 52.027343477000045)","Unfall 187731 (2024) Kat:2, Licht: 2","187731","2","4","6","10","23","7","","2","0","1","1","0"
"POINT (8.535378382000033 52.055325962000040)","Unfall 187796 (2024) Kat:3, Licht: 0","187796","3","5","1","10","16","6","","0","0","1","0","0"
"POINT (8.588893190000022 52.003002412000058)","Unfall 187947 (2024) Kat:2, Licht: 0","187947","2","4","6","11","13","6","","0","0","1","1","0"
"POINT (8.505954308000071 52.050986924000028)","Unfall 187948 (2024) Kat:3, Licht: 2","187948","3","4","6","11","06","6","","2","0","1","1","0"
"POINT (8.563089295000054 52.027571492000050)","Unfall 188013 (2024) Kat:3, Licht: 0","188013","3","3","5","11","16","5","","0","0","1","0","0"
"POINT (8.516984892000039 52.037058370000068)","Unfall 188065 (2024) Kat:3, Licht: 0","188065","3","2","5","11","15","4","","0","1","1","0","0"
"POINT (8.589325272000053 52.001958144000071)","Unfall 188138 (2024) Kat:2, Licht: 0","188138","2","2","6","11","14","3","","0","0","1","1","0"
"POINT (8.527444976000027 52.025553727000045)","Unfall 188204 (2024) Kat:3, Licht: 0","188204","3","3","5","11","15","2","","0","1","1","0","0"
"POINT (8.523250411000049 52.006080630000042)","Unfall 188227 (2024) Kat:2, Licht: 2","188227","2","1","8","11","20","1","","2","0","1","0","0"
"POINT (8.582411914000033 51.945422304000033)","Unfall 188312 (2024) Kat:3, Licht: 0","188312","3","5","6","11","12","6","","0","0","1","1","0"
"POINT (8.583638179000047 51.992601826000055)","Unfall 188313 (2024) Kat:3, Licht: 0","188313","3","3","5","11","10","6","","0","0","1","0","0"
"POINT (8.497184757000070 51.992758849000040)","Unfall 188445 (2024) Kat:3, Licht: 1","188445","3","3","0","11","16","4","","1","1","1","0","0"
"POINT (8.539630726000041 52.032586385000059)","Unfall 188446 (2024) Kat:2, Licht: 2","188446","2","2","5","11","17","4","","2","0","1","0","0"
"POINT (8.505530724000039 52.043212805000053)","Unfall 188447 (2024) Kat:3, Licht: 2","188447","3","7","0","11","18","4","","2","0","1","0","0"
"POINT (8.577410143000066 52.020331198000065)","Unfall 188515 (2024) Kat:3, Licht: 2","188515","3","7","2","11","04","3","","2","0","1","0","0"
"POINT (8.500061617000028 52.033472520000032)","Unfall 188516 (2024) Kat:3, Licht: 0","188516","3","6","3","11","13","3","","0","0","1","0","0"
"POINT (8.573152578000077 51.943442033000053)","Unfall 188582 (2024) Kat:3, Licht: 2","188582","3","7","6","11","18","2","","2","0","1","1","0"
"POINT (8.520381172000043 52.007679229000075)","Unfall 188583 (2024) Kat:3, Licht: 2","188583","3","2","0","11","17","2","","2","1","1","0","0"
"POINT (8.543394560000024 52.014407526000070)","Unfall 188584 (2024) Kat:3, Licht: 0","188584","3","5","1","11","16","2","","0","0","1","0","0"
"POINT (8.533609745000035 52.027238893000060)","Unfall 188585 (2024) Kat:3, Licht: 2","188585","3","2","4","11","19","2","","2","0","1","0","0"
"POINT (8.576555542000051 52.042462814000032)","Unfall 188586 (2024) Kat:3, Licht: 0","188586","3","6","1","11","07","2","","0","0","1","0","0"
"POINT (8.537356921000026 52.023375433000069)","Unfall 188712 (2024) Kat:3, Licht: 2","188712","3","2","0","11","20","6","","2","1","1","0","0"
"POINT (8.585478656000021 51.941947869000046)","Unfall 188993 (2024) Kat:3, Licht: 2","188993","3","3","1","12","16","5","","2","1","1","0","0"
"POINT (8.501019245000066 51.973260695000079)","Unfall 188994 (2024) Kat:3, Licht: 0","188994","3","1","4","12","14","5","","0","0","1","0","0"
"POINT (8.518796083000041 52.010719838000057)","Unfall 188995 (2024) Kat:3, Licht: 0","188995","3","2","3","12","08","5","","0","1","1","0","0"
"POINT (8.558865303000061 52.038769895000030)","Unfall 188996 (2024) Kat:3, Licht: 0","188996","3","6","0","12","14","5","","0","1","1","0","0"
"POINT (8.522539810000069 52.009920582000063)","Unfall 189044 (2024) Kat:2, Licht: 0","189044","2","1","1","12","10","4","","0","1","1","0","0"
"POINT (8.523607341000059 52.015933593000057)","Unfall 189045 (2024) Kat:3, Licht: 0","189045","3","2","6","12","16","4","","0","0","1","1","0"
"POINT (8.511581825000064 52.037974897000026)","Unfall 189046 (2024) Kat:3, Licht: 2","189046","3","4","6","12","17","4","","2","0","1","1","0"
"POINT (8.559051726000064 52.002450409000062)","Unfall 189094 (2024) Kat:3, Licht: 0","189094","3","3","5","12","14","3","","0","0","1","0","0"
"POINT (8.533560844000021 52.001556757000060)","Unfall 189161 (2024) Kat:3, Licht: 2","189161","3","2","5","12","20","2","","2","0","1","0","0"
"POINT (8.502992090000021 52.036515396000027)","Unfall 189162 (2024) Kat:3, Licht: 2","189162","3","2","5","12","17","2","","2","0","1","0","0"
"POINT (8.621151339000050 52.062005234000026)","Unfall 189163 (2024) Kat:3, Licht: 2","189163","3","4","6","12","07","2","","2","0","1","1","0"
"POINT (8.626652136000075 52.002072339000051)","Unfall 189220 (2024) Kat:3, Licht: 0","189220","3","3","5","12","14","7","","0","1","1","0","0"
"POINT (8.512464602000023 52.051627380000070)","Unfall 189260 (2024) Kat:3, Licht: 0","189260","3","6","1","12","08","6","","0","0","1","0","0"
"POINT (8.517476899000030 51.982933125000045)","Unfall 189399 (2024) Kat:3, Licht: 0","189399","3","2","4","12","13","4","","0","0","1","0","0"
"POINT (8.550020503000042 52.025306966000073)","Unfall 189400 (2024) Kat:3, Licht: 2","189400","3","2","6","12","17","4","","2","0","1","1","0"
"POINT (8.530351425000049 52.018867327000066)","Unfall 189401 (2024) Kat:3, Licht: 0","189401","3","2","5","12","10","4","","0","1","1","0","0"
"POINT (8.544058904000053 52.044490940000060)","Unfall 189402 (2024) Kat:2, Licht: 0","189402","2","2","5","12","15","4","","0","0","1","0","0"
"POINT (8.522705370000040 52.013025485000071)","Unfall 189458 (2024) Kat:3, Licht: 0","189458","3","2","5","12","07","3","","0","0","1","1","0"
"POINT (8.539757073000033 52.026936496000076)","Unfall 189459 (2024) Kat:3, Licht: 2","189459","3","2","5","12","20","3","","2","0","1","0","0"
"POINT (8.617196573000058 52.015445391000071)","Unfall 189535 (2024) Kat:3, Licht: 0","189535","3","1","8","12","15","2","","0","0","0","0","1"
"POINT (8.535005855000065 52.023648885000057)","Unfall 189609 (2024) Kat:3, Licht: 0","189609","3","4","6","11","12","7","","0","0","0","1","0"
"POINT (8.525537417000066 52.027428517000033)","Unfall 189681 (2024) Kat:3, Licht: 2","189681","3","3","5","11","19","6","","2","0","1","0","1"
"POINT (8.539600369000027 52.018125023000039)","Unfall 189749 (2024) Kat:2, Licht: 2","189749","2","2","6","11","07","5","","2","0","1","1","0"
"POINT (8.567879765000043 52.009005001000048)","Unfall 189821 (2024) Kat:3, Licht: 0","189821","3","3","5","11","14","4","","0","1","1","0","0"
"POINT (8.486397288000035 52.043506305000051)","Unfall 189822 (2024) Kat:3, Licht: 0","189822","3","3","5","11","10","4","","0","0","1","0","0"
"POINT (8.545523737000053 52.049106170000073)","Unfall 189823 (2024) Kat:3, Licht: 2","189823","3","7","6","11","18","4","","2","0","1","1","0"
"POINT (8.536713691000045 52.017304473000081)","Unfall 189882 (2024) Kat:3, Licht: 2","189882","3","3","5","12","18","3","","2","1","1","0","0"
"POINT (8.515329794000024 52.008597119000058)","Unfall 189895 (2024) Kat:3, Licht: 0","189895","3","2","5","11","14","3","","0","1","1","0","0"
"POINT (8.525506469000049 52.029733711000063)","Unfall 189896 (2024) Kat:3, Licht: 0","189896","3","6","2","11","09","3","","0","0","1","0","0"
"POINT (8.511067444000048 51.989745577000065)","Unfall 190325 (2024) Kat:3, Licht: 0","190325","3","7","0","12","15","2","","0","1","0","0","0"
"POINT (8.513620753000055 52.007722057000080)","Unfall 190381 (2024) Kat:3, Licht: 0","190381","3","6","1","12","15","7","","0","0","1","0","0"
"POINT (8.604434421000065 51.951633686000037)","Unfall 190383 (2024) Kat:2, Licht: 0","190383","2","3","5","12","13","7","","0","0","1","0","0"
"POINT (8.514706366000041 51.991931141000066)","Unfall 190384 (2024) Kat:2, Licht: 0","190384","2","1","0","12","13","7","","0","0","0","0","1"
"POINT (8.469629474000044 52.074725885000078)","Unfall 190385 (2024) Kat:3, Licht: 0","190385","3","1","0","12","14","7","","0","0","1","0","0"
"POINT (8.529869431000066 52.021989526000027)","Unfall 190521 (2024) Kat:3, Licht: 2","190521","3","2","6","12","23","2","","2","0","1","1","0"
"POINT (8.518068882000023 51.978634126000031)","Unfall 190593 (2024) Kat:3, Licht: 2","190593","3","4","6","12","18","7","","2","0","1","1","0"
"POINT (8.585907040000052 51.945678244000078)","Unfall 190739 (2024) Kat:3, Licht: 0","190739","3","2","6","12","11","5","","0","0","1","1","0"
"POINT (8.611224149000066 52.021741447000068)","Unfall 190797 (2024) Kat:3, Licht: 2","190797","3","5","8","12","16","4","","2","0","1","0","0"
"POINT (8.539751657000068 52.028659475000040)","Unfall 190856 (2024) Kat:3, Licht: 0","190856","3","3","5","12","09","3","","0","1","1","0","0"
"POINT (8.564452175000042 52.025987439000062)","Unfall 190936 (2024) Kat:3, Licht: 1","190936","3","2","0","12","13","2","","1","1","1","0","0"
"POINT (8.516904807000060 52.036934454000061)","Unfall 190937 (2024) Kat:3, Licht: 1","190937","3","3","5","12","08","2","","1","1","0","0","0"
"POINT (8.538399687000037 52.032172255000035)","Unfall 190970 (2024) Kat:3, Licht: 2","190970","3","5","1","12","23","1","","2","0","1","0","0"
"POINT (8.583808458000021 52.027406647000078)","Unfall 263074 (2024) Kat:3, Licht: 0","263074","3","1","0","04","14","1","","0","1","0","1","0"
"POINT (8.509294020000027 52.050292234000040)","Unfall 263324 (2024) Kat:3, Licht: 0","263324","3","6","0","05","20","4","","0","1","0","0","0"
"POINT (8.560328209000033 52.056022172000041)","Unfall 263405 (2024) Kat:3, Licht: 0","263405","3","3","5","06","16","4","","0","1","0","0","0"
"POINT (8.487893186000065 52.020130578000078)","Unfall 263424 (2024) Kat:3, Licht: 0","263424","3","1","0","06","13","7","","0","1","0","0","0"
"POINT (8.584321600000067 51.955898929000057)","Unfall 263459 (2024) Kat:3, Licht: 0","263459","3","7","4","06","07","5","","0","1","0","0","0"
"POINT (8.597535206000032 52.029933287000063)","Unfall 263534 (2024) Kat:2, Licht: 2","263534","2","1","9","07","01","4","","2","1","0","0","0"
"POINT (8.510946785000044 52.034972396000057)","Unfall 263805 (2024) Kat:3, Licht: 0","263805","3","1","0","08","11","7","","0","1","0","0","0"
"POINT (8.515918708000072 51.964275971000063)","Unfall 263811 (2024) Kat:3, Licht: 0","263811","3","7","0","08","16","1","","0","1","0","0","0"
"POINT (8.587365110000064 52.058316561000026)","Unfall 263881 (2024) Kat:2, Licht: 0","263881","2","2","2","09","09","5","","0","1","0","0","0"
"POINT (8.571792764000065 51.981949972000052)","Unfall 263937 (2024) Kat:3, Licht: 0","263937","3","6","0","09","08","4","","0","1","1","0","0"
"POINT (8.498142360000031 52.058000408000055)","Unfall 263973 (2024) Kat:3, Licht: 0","263973","3","3","5","09","08","6","","0","1","1","0","0"
"POINT (8.577608288000022 52.026958833000037)","Unfall 264002 (2024) Kat:3, Licht: 0","264002","3","1","6","10","16","2","","0","1","0","1","0"
"POINT (8.559332131000076 52.056485459000044)","Unfall 264034 (2024) Kat:3, Licht: 0","264034","3","1","0","10","13","1","","0","1","0","0","0"
"POINT (8.543006605000073 52.022445392000066)","Unfall 264144 (2024) Kat:3, Licht: 0","264144","3","4","5","12","12","3","","0","1","0","1","0"